city,slug,name,alt_name,kind,source,ward,lga,state,is_primary,in_plate,lon,lat
Kano,kano,Adaraye Cikin Gari,,settlement,grid3,Yada Kunya,Ungogo,Kano,1,1,8.603753,12.07815
Kano,kano,Ajawa,,settlement,grid3,Chalawa,Kumbotso,Kano,1,1,8.444702,11.937317
Kano,kano,Alhaji Uba Yakasai,,settlement,grid3,Kabuga,Gwale,Kano,1,1,8.490347,11.990911
Kano,kano,Alharini Layin Gidan Mahuta,,settlement,grid3,Ungogo,Ungogo,Kano,1,1,8.517531,12.099503
Kano,kano,Bajakawa,,settlement,grid3,Rijiyar Zaki,Ungogo,Kano,1,1,8.42728,11.99253
Kano,kano,Bajallabe,,settlement,grid3,Rijiyar Zaki,Ungogo,Kano,1,1,8.46554,12.0057
Kano,kano,Bajallabe,,settlement,grid3,Tudun Fulani,Ungogo,Kano,1,1,8.465767,12.008747
Kano,kano,Bakin Dinya,,settlement,grid3,Gayawa,Ungogo,Kano,1,1,8.569474,12.093044
Kano,kano,Bakin Masallaci,,settlement,grid3,Chiranchi,Kumbotso,Kano,1,1,8.468414,11.917172
Kano,kano,Barado,,settlement,grid3,Tudun Fulani,Ungogo,Kano,1,1,8.41216,12.03643
Kano,kano,Bechi Gidan Maigari,,settlement,grid3,Garun Gawa,Kumbotso,Kano,1,1,8.500671,11.923523
Kano,kano,Boyen Tsakiya,,settlement,grid3,Karo,Ungogo,Kano,1,1,8.52741,12.104011
Kano,kano,Bubbugaje,,settlement,grid3,Dan Maliki,Kumbotso,Kano,1,1,8.495686,11.94008
Kano,kano,Chabano Rigar Fulani,,settlement,grid3,Garun Gawa,Kumbotso,Kano,1,1,8.491894,11.930946
Kano,kano,Chalawa,,settlement,grid3,Chalawa,Kumbotso,Kano,1,1,8.424536,11.904636
Kano,kano,Challawa Cikin Gari,,settlement,grid3,Chalawa,Kumbotso,Kano,1,1,8.421399,11.90816
Kano,kano,Chiranchi Tudu,,settlement,grid3,Chiranchi,Kumbotso,Kano,1,1,8.472945,11.950859
Kano,kano,Cika Sarari,,settlement,grid3,Dan Maliki,Kumbotso,Kano,1,1,8.510995,11.929461
Kano,kano,Cikin Gida,,settlement,grid3,Karo,Ungogo,Kano,1,1,8.557922,12.116089
Kano,kano,Damfami,,settlement,grid3,Chalawa,Kumbotso,Kano,1,1,8.440779,11.924888
Kano,kano,Dan Rimi Kudu,,settlement,grid3,Kadawa,Ungogo,Kano,1,1,8.489327,12.054133
Kano,kano,Dan Tsinke,,settlement,grid3,Darmanawa,Tarauni,Kano,1,1,8.539418,11.937554
Kano,kano,Dandago,,settlement,grid3,Dandago,Gwale,Kano,1,1,8.508465,11.991321
Kano,kano,Dankunkuru Line Maigari,,settlement,grid3,Gayawa,Ungogo,Kano,1,1,8.571472,12.060913
Kano,kano,Dantani,,settlement,grid3,Unguwar Rimi,Kumbotso,Kano,1,1,8.584715,11.912628
Kano,kano,Dantata Estate,,settlement,grid3,Fagge D2,Fagge,Kano,1,1,8.516676,12.025586
Kano,kano,Dausayi,,settlement,grid3,Garun Gawa,Kumbotso,Kano,1,1,8.524082,11.924957
Kano,kano,Dausayi,,settlement,grid3,Rijiyar Zaki,Ungogo,Kano,1,1,8.446289,12.016113
Kano,kano,Dorayi Karami,,settlement,grid3,Dorayi,Gwale,Kano,1,1,8.478088,11.966492
Kano,kano,Dulo,,settlement,grid3,Mariri,Kumbotso,Kano,1,1,8.615382,11.93761
Kano,kano,Fatake,,settlement,grid3,Danbare,Kumbotso,Kano,1,1,8.412476,11.93573
Kano,kano,Fegin Gara,,settlement,grid3,Bachirawa,Ungogo,Kano,1,1,8.436245,12.052622
Kano,kano,Fegin Sadda,,settlement,grid3,Bachirawa,Ungogo,Kano,1,1,8.424385,12.054482
Kano,kano,Fulani,,settlement,grid3,Tudun Fulani,Ungogo,Kano,1,1,8.424034,12.024766
Kano,kano,Gafiyawa,,settlement,grid3,Panshekara,Kumbotso,Kano,1,1,8.480097,11.897591
Kano,kano,Gaida Tsakuwa,,settlement,grid3,Garun Gawa,Kumbotso,Kano,1,1,8.472193,11.923264
Kano,kano,Gaidar Makada,,settlement,grid3,Chiranchi,Kumbotso,Kano,1,1,8.472309,11.916764
Kano,kano,Galadimawa,,settlement,grid3,Fanisau,Ungogo,Kano,1,1,8.509867,12.085418
Kano,kano,Garin Mai Unguwan Yanbarka,SSA,settlement,grid3,Unguwar Rimi,Kumbotso,Kano,1,1,8.5819,11.893555
Kano,kano,Garu,,settlement,grid3,Unguwar Rimi,Kumbotso,Kano,1,1,8.587856,11.910382
Kano,kano,Gera,,settlement,grid3,Fanisau,Ungogo,Kano,1,1,8.553081,12.092448
Kano,kano,Geza,,settlement,grid3,Danbare,Kumbotso,Kano,1,1,8.469745,11.951876
Kano,kano,Gidan Alhaji Faruk,,settlement,grid3,Kumbotso,Kumbotso,Kano,1,1,8.496527,11.897467
Kano,kano,Gidan Fulani,,settlement,grid3,Chalawa,Kumbotso,Kano,1,1,8.424837,11.913482
Kano,kano,Gidan Gabas,,settlement,grid3,Unguwar Rimi,Kumbotso,Kano,1,1,8.581544,11.893387
Kano,kano,Gidan Jeji,,settlement,grid3,Mariri,Kumbotso,Kano,1,1,8.63078,11.946118
Kano,kano,Gidan Kuka,,settlement,grid3,Chiranchi,Kumbotso,Kano,1,1,8.478882,11.914673
Kano,kano,Gidan Lemo,,settlement,grid3,Tudun Fulani,Ungogo,Kano,1,1,8.450735,12.01904
Kano,kano,Gidan Mai Unguwa,,settlement,grid3,Danbare,Kumbotso,Kano,1,1,8.458995,11.943134
Kano,kano,Gidan Mai Unguwa Limawa,,settlement,grid3,Unguwar Rimi,Kumbotso,Kano,1,1,8.597354,11.893688
Kano,kano,Gidan Makada,,settlement,grid3,Unguwar Rimi,Kumbotso,Kano,1,1,8.56111,11.907728
Kano,kano,Gidan Malam Uba,,settlement,grid3,Panshekara,Kumbotso,Kano,1,1,8.494873,11.901123
Kano,kano,Gidan Tsamiya,,settlement,grid3,Kureken Sani,Kumbotso,Kano,1,1,8.581803,11.887204
Kano,kano,Gobirawa,,settlement,grid3,Yada Kunya,Ungogo,Kano,1,1,8.601946,12.091787
Kano,kano,Gtc Ungogo,,settlement,grid3,Kadawa,Ungogo,Kano,1,1,8.46297,12.073159
Kano,kano,Gunde Dankunkuru,,settlement,grid3,Gayawa,Ungogo,Kano,1,1,8.567505,12.056702
Kano,kano,Gwale Unguwar Lalle,,settlement,grid3,Dorayi,Gwale,Kano,1,1,8.488381,11.950496
Kano,kano,Gwazaye Cikin Gari,,settlement,grid3,Danbare,Kumbotso,Kano,1,1,8.464722,11.953918
Kano,kano,Gyaranya,,settlement,grid3,Gyaranya,Gwale,Kano,1,1,8.507702,11.998308
Kano,kano,Hauwan Dawaki,,settlement,grid3,Danbare,Kumbotso,Kano,1,1,8.4246,11.954599
Kano,kano,Hawan Dawaki Cikin Gari,,settlement,grid3,Danbare,Kumbotso,Kano,1,1,8.430994,11.955065
Kano,kano,Iyaka Road,,settlement,grid3,Tarauni,Tarauni,Kano,1,1,8.540437,11.98392
Kano,kano,Jajira Cikin Gari,,settlement,grid3,Tudun Fulani,Ungogo,Kano,1,1,8.421559,12.033712
Kano,kano,Jangaru,,settlement,grid3,Kadawa,Ungogo,Kano,1,1,8.471156,12.078631
Kano,kano,Jarkasa Gayawa,,settlement,grid3,Gayawa,Ungogo,Kano,1,1,8.578125,12.07373
Kano,kano,Kafin Alu,,settlement,grid3,Unguwa Uku Kauyen Alu,Tarauni,Kano,1,1,8.56712,11.96185
Kano,kano,Kaftawa,,settlement,grid3,Kureken Sani,Kumbotso,Kano,1,1,8.58728,11.887878
Kano,kano,Kanawan Gatari,,settlement,grid3,Kumbotso,Kumbotso,Kano,1,1,8.486328,11.881104
Kano,kano,Kantudu,,settlement,grid3,Mariri,Kumbotso,Kano,1,1,8.621277,11.913879
Kano,kano,Kanyar Amana,,settlement,grid3,Fanisau,Ungogo,Kano,1,1,8.52031,12.080982
Kano,kano,Karo,,settlement,grid3,Karo,Ungogo,Kano,1,1,8.518488,12.132702
Kano,kano,Kata,,settlement,grid3,Mariri,Kumbotso,Kano,1,1,8.629517,11.93474
Kano,kano,Katsinawa,,settlement,grid3,Gayawa,Ungogo,Kano,1,1,8.554234,12.084976
Kano,kano,Kaura Goje,,settlement,grid3,Kaura Goje,Nassarawa,Kano,1,1,8.551205,12.044451
Kano,kano,Kauyen Rangaza Inkyan,,settlement,grid3,Rangaza,Ungogo,Kano,1,1,8.5919,12.0375
Kano,kano,Kirimbo,,settlement,grid3,Panshekara,Kumbotso,Kano,1,1,8.480286,11.891479
Kano,kano,Kukoki,,settlement,grid3,Danbare,Kumbotso,Kano,1,1,8.46293,11.944727
Kano,kano,Kureken Sani,,settlement,grid3,Kureken Sani,Kumbotso,Kano,1,1,8.591509,11.941158
Kano,kano,Kuriwa,,settlement,grid3,Gayawa,Ungogo,Kano,1,1,8.566,12.102389
Kano,kano,Kurum,,settlement,grid3,Ungogo,Ungogo,Kano,1,1,8.485731,12.119864
Kano,kano,Kusuba Gidan Mahammada,,settlement,grid3,Chalawa,Kumbotso,Kano,1,1,8.414186,11.918416
Kano,kano,Kusuba Kwari,,settlement,grid3,Chalawa,Kumbotso,Kano,1,1,8.41288,11.916265
Kano,kano,Kuyan Tasidi,,settlement,grid3,Chalawa,Kumbotso,Kano,1,1,8.42817,11.924385
Kano,kano,Kwajalawa,,settlement,grid3,Rangaza,Ungogo,Kano,1,1,8.588928,12.051514
Kano,kano,Kwalwa,,settlement,grid3,Bachirawa,Ungogo,Kano,1,1,8.411573,12.042022
Kano,kano,Kwarin Dalla,,settlement,grid3,Tudun Fulani,Ungogo,Kano,1,1,8.41376,12.022237
Kano,kano,Layin Alhaji Isiyaku,,settlement,grid3,Rijiyar Zaki,Ungogo,Kano,1,1,8.455108,11.990759
Kano,kano,Layin Gidan Hazo,,settlement,grid3,Unguwar Rimi,Kumbotso,Kano,1,1,8.570129,11.9151
Kano,kano,Layin Gidan Karnika,,settlement,grid3,Ungogo,Ungogo,Kano,1,1,8.493997,12.12748
Kano,kano,Layin Mai Riga,,settlement,grid3,Kwachiri,Fagge,Kano,1,1,8.497872,12.047846
Kano,kano,Layin Malam Sule,,settlement,grid3,Kwachiri,Fagge,Kano,1,1,8.510068,12.060319
Kano,kano,Layin Shanono,,settlement,grid3,Yada Kunya,Ungogo,Kano,1,1,8.632194,12.084471
Kano,kano,Layin Yan Kabalu,,settlement,grid3,Fagge D2,Fagge,Kano,1,1,8.526021,12.012141
Kano,kano,Lokon Makera,,settlement,grid3,Gwale,Gwale,Kano,1,1,8.512493,11.984722
Kano,kano,Lungo,,settlement,grid3,Dan Maliki,Kumbotso,Kano,1,1,8.51011,11.925619
Kano,kano,Madinawa,,settlement,grid3,Kureken Sani,Kumbotso,Kano,1,1,8.556636,11.892904
Kano,kano,Magadawa,,settlement,grid3,Kureken Sani,Kumbotso,Kano,1,1,8.606724,11.938973
Kano,kano,Magami,,settlement,grid3,Tudun Fulani,Ungogo,Kano,1,1,8.402527,12.027326
Kano,kano,Mai Dille,,settlement,grid3,Garun Gawa,Kumbotso,Kano,1,1,8.52259,11.939773
Kano,kano,Malam Abubakar Yammata,,settlement,grid3,Yammata,Fagge,Kano,1,1,8.475281,12.066711
Kano,kano,Mangwarori Unguwar Yamma,,settlement,grid3,Bachirawa,Ungogo,Kano,1,1,8.458313,12.048096
Kano,kano,Marwan,,settlement,grid3,Chalawa,Kumbotso,Kano,1,1,8.408907,11.923917
Kano,kano,Medical Center Airforce,,settlement,grid3,Kwachiri,Fagge,Kano,1,1,8.531874,12.040713
Kano,kano,Minchika Cikin Gari,,settlement,grid3,Karo,Ungogo,Kano,1,1,8.530416,12.109375
Kano,kano,Minkyau Nasara,,settlement,grid3,Ungogo,Ungogo,Kano,1,1,8.481078,12.096905
Kano,kano,Muncika Kudu,,settlement,grid3,Karo,Ungogo,Kano,1,1,8.538853,12.114651
Kano,kano,Naf Base,,settlement,grid3,Kwachiri,Fagge,Kano,1,1,8.529259,12.034395
Kano,kano,Nasara,,settlement,grid3,Ungogo,Ungogo,Kano,1,1,8.48196,12.096883
Kano,kano,Police Barrack,,settlement,grid3,Tudun Wada,Nassarawa,Kano,1,1,8.555738,12.019772
Kano,kano,Riga,,settlement,grid3,Tudun Fulani,Ungogo,Kano,1,1,8.455046,12.007393
Kano,kano,Rigar Fulani,,settlement,grid3,Chalawa,Kumbotso,Kano,1,1,8.430725,11.944702
Kano,kano,Rijiyar Dinya,,settlement,grid3,Rijiyar Zaki,Ungogo,Kano,1,1,8.431512,12.007047
Kano,kano,Rimaye Unguwar Arewa,,settlement,grid3,Gayawa,Ungogo,Kano,1,1,8.556235,12.087347
Kano,kano,Rimin Hamza,,settlement,grid3,Naibawa,Kumbotso,Kano,1,1,8.534469,11.933498
Kano,kano,Rinji,,settlement,grid3,Chalawa,Kumbotso,Kano,1,1,8.432495,11.901672
Kano,kano,Rinji Yamma,,settlement,grid3,Kumbotso,Kumbotso,Kano,1,1,8.4878,11.8985
Kano,kano,Rinjin Wanzamai Yamma,,settlement,grid3,Panshekara,Kumbotso,Kano,1,1,8.486734,11.901416
Kano,kano,Ruga,,settlement,grid3,Dan Maliki,Kumbotso,Kano,1,1,8.50762,11.944289
Kano,kano,Rumawa,BUA,settlement,grid3,Rangaza,Ungogo,Kano,1,1,8.596148,12.030425
Kano,kano,Runkusawa,,settlement,grid3,Chalawa,Kumbotso,Kano,1,1,8.430491,11.89555
Kano,kano,Runkusawa Hayin Diga,,settlement,grid3,Chalawa,Kumbotso,Kano,1,1,8.436517,11.894062
Kano,kano,Sabon Fagi,,settlement,grid3,Gayawa,Ungogo,Kano,1,1,8.545541,12.06589
Kano,kano,Sabon Fegi,,settlement,grid3,Kureken Sani,Kumbotso,Kano,1,1,8.560913,11.88269
Kano,kano,Sabon Garin Gadan,,settlement,grid3,Tudun Fulani,Ungogo,Kano,1,1,8.453987,12.008052
Kano,kano,Sabuwar Unguwa,,settlement,grid3,Fanisau,Ungogo,Kano,1,1,8.552023,12.091444
Kano,kano,Sabuwar Unguwa,,settlement,grid3,Ungogo,Ungogo,Kano,1,1,8.484546,12.120958
Kano,kano,Sabuwar Unguwa,,settlement,grid3,Unguwar Rimi,Kumbotso,Kano,1,1,8.553348,11.903145
Kano,kano,Sara,,settlement,grid3,Chalawa,Kumbotso,Kano,1,1,8.433716,11.91272
Kano,kano,Sarar Rimaye,,settlement,grid3,Chalawa,Kumbotso,Kano,1,1,8.434612,11.905043
Kano,kano,Shabiri,,settlement,grid3,Bachirawa,Ungogo,Kano,1,1,8.43797,12.033528
Kano,kano,Tsakuwa,,settlement,grid3,Danbare,Kumbotso,Kano,1,1,8.424683,11.939514
Kano,kano,Tsallaken Gada,,settlement,grid3,Kadawa,Ungogo,Kano,1,1,8.48629,12.060379
Kano,kano,Tsamiya,,settlement,grid3,Mariri,Kumbotso,Kano,1,1,8.612667,11.960764
Kano,kano,Tsohuwar Kera,,settlement,grid3,Fanisau,Ungogo,Kano,1,1,8.516645,12.095212
Kano,kano,Tudun Murtala Gandu,,settlement,grid3,Ungogo,Ungogo,Kano,1,1,8.506052,12.094513
Kano,kano,Tudun Murtala Gandu Layin Sani Garba,,settlement,grid3,Ungogo,Ungogo,Kano,1,1,8.506363,12.095559
Kano,kano,Tudun Rama,,settlement,grid3,Fanisau,Ungogo,Kano,1,1,8.563828,12.10345
Kano,kano,Tunga,,settlement,grid3,Tudun Fulani,Ungogo,Kano,1,1,8.421655,12.036818
Kano,kano,Umarawa,,settlement,grid3,Naibawa,Kumbotso,Kano,1,1,8.525588,11.916995
Kano,kano,Umarawa Yamma,SSA,settlement,grid3,Garun Gawa,Kumbotso,Kano,1,1,8.523421,11.917846
Kano,kano,Unguwa Kakurun,,settlement,grid3,Ungogo,Ungogo,Kano,1,1,8.486233,12.1249
Kano,kano,Unguwan Jibo,,settlement,grid3,Garun Gawa,Kumbotso,Kano,1,1,8.503185,11.928928
Kano,kano,Unguwar Burtsatse,,settlement,grid3,Bachirawa,Ungogo,Kano,1,1,8.424105,12.052139
Kano,kano,Unguwar Fulani,,settlement,grid3,Kadawa,Ungogo,Kano,1,1,8.500335,12.057598
Kano,kano,Unguwar Fulani,,settlement,grid3,Chalawa,Kumbotso,Kano,1,1,8.425903,11.950928
Kano,kano,Unguwar Fulani,,settlement,grid3,Danbare,Kumbotso,Kano,1,1,8.422797,11.944649
Kano,kano,Unguwar Gani,,settlement,grid3,Yada Kunya,Ungogo,Kano,1,1,8.625388,12.086137
Kano,kano,Unguwar Kadi,,settlement,grid3,Danbare,Kumbotso,Kano,1,1,8.437488,11.961854
Kano,kano,Unguwar Kanawa,,settlement,grid3,Danbare,Kumbotso,Kano,1,1,8.418274,11.938477
Kano,kano,Unguwar Kudu,,settlement,grid3,Garun Gawa,Kumbotso,Kano,1,1,8.521833,11.924096
Kano,kano,Unguwar Kudu Fandanka,,settlement,grid3,Chiranchi,Kumbotso,Kano,1,1,8.486108,11.926039
Kano,kano,Unguwar Kwari,,settlement,grid3,Garun Gawa,Kumbotso,Kano,1,1,8.522278,11.930678
Kano,kano,Unguwar Majema,,settlement,grid3,Kadawa,Ungogo,Kano,1,1,8.503647,12.058311
Kano,kano,Unguwar Tsakiya Kumantaka,,settlement,grid3,Gayawa,Ungogo,Kano,1,1,8.551235,12.072614
Kano,kano,Unguwar Wambai,,settlement,grid3,Dorayi,Gwale,Kano,1,1,8.448198,11.969905
Kano,kano,Unguwar Wanzamai,,settlement,grid3,Rangaza,Ungogo,Kano,1,1,8.623001,12.073524
Kano,kano,Unguwar Wazamai,,settlement,grid3,Danbare,Kumbotso,Kano,1,1,8.444152,11.958347
Kano,kano,Unguwar Yamma,,settlement,grid3,Kumbotso,Kumbotso,Kano,1,1,8.509504,11.904602
Kano,kano,Unguwar Yamma,,settlement,grid3,Kureken Sani,Kumbotso,Kano,1,1,8.580957,11.922838
Kano,kano,Unguwar Zubairu Baushe,,settlement,grid3,Rangaza,Ungogo,Kano,1,1,8.59381,12.046124
Kano,kano,Waceni,,settlement,grid3,Karo,Ungogo,Kano,1,1,8.549683,12.123474
Kano,kano,Wujinare,,settlement,grid3,Yada Kunya,Ungogo,Kano,1,1,8.613395,12.081053
Kano,kano,Yakasai,,settlement,grid3,Kumbotso,Kumbotso,Kano,1,1,8.500559,11.90049
Kano,kano,Yamadawa,,settlement,grid3,Gandu Albasa,Kano Municipal,Kano,1,1,8.5065,11.9645
Kano,kano,Yan Awaki,,settlement,grid3,Unguwa Uku Kauyen Alu,Tarauni,Kano,1,1,8.569247,11.946516
Kano,kano,Yan Madi,,settlement,grid3,Ungogo,Ungogo,Kano,1,1,8.511719,12.125122
Kano,kano,Yangizo,,settlement,grid3,Kureken Sani,Kumbotso,Kano,1,1,8.589205,11.92005
Kano,kano,Yansango,,settlement,grid3,Kureken Sani,Kumbotso,Kano,1,1,8.575007,11.883694
Kano,kano,Yar Inusawa,,settlement,grid3,Yada Kunya,Ungogo,Kano,1,1,8.595557,12.056782
Kano,kano,Yar Kasuwa,,settlement,grid3,Bachirawa,Ungogo,Kano,1,1,8.426388,12.046057
Kano,kano,Yar Unguwa,,settlement,grid3,Danbare,Kumbotso,Kano,1,1,8.406921,11.950684
Kano,kano,Zaitawa,,settlement,grid3,Zaitawa,Kano Municipal,Kano,1,1,8.520134,12.009693
Kano,kano,Zakara Cikin Gari,,settlement,grid3,Rijiyar Zaki,Ungogo,Kano,1,1,8.437459,11.997187
Kano,kano,Zango Cikin Gari,,settlement,grid3,Bachirawa,Ungogo,Kano,1,1,8.44035,12.070081
Kano,kano,Zangon Bare Bari Cikin Gari,,settlement,grid3,Kadawa,Ungogo,Kano,1,1,8.485108,12.071692
Kano,kano,Zaura,,settlement,grid3,Danbare,Kumbotso,Kano,1,1,8.421888,11.935352
Kano,kano,A A Sule,,settlement,grid3,Gwale,Gwale,Kano,0,1,8.515562,11.984476
Kano,kano,A Mangoro Lungun Maiunguwa,,settlement,grid3,Tudun Murtala,Nassarawa,Kano,0,1,8.567419,12.03149
Kano,kano,Aba Court Road,,settlement,grid3,Sabon Gari East,Fagge,Kano,0,1,8.534904,12.023754
Kano,kano,Aba Road,,settlement,grid3,Sabon Gari East,Fagge,Kano,0,1,8.536651,12.023535
Kano,kano,Aba Road By Court Road,,settlement,grid3,Sabon Gari West,Fagge,Kano,0,1,8.534322,12.023728
Kano,kano,Aba Road By Igbo Road,,settlement,grid3,Sabon Gari East,Fagge,Kano,0,1,8.539226,12.023545
Kano,kano,Aba Road By Warri Road,,settlement,grid3,Sabon Gari East,Fagge,Kano,0,1,8.535135,12.023428
Kano,kano,Abadie,,settlement,grid3,Sabon Gari West,Fagge,Kano,0,1,8.530301,12.015845
Kano,kano,Abarba Street,,settlement,grid3,Sabon Gari West,Fagge,Kano,0,1,8.533731,12.029057
Kano,kano,Abba Gana Street 2,,settlement,grid3,Fagge C,Fagge,Kano,0,1,8.52974,12.009055
Kano,kano,Abba Ghana,,settlement,grid3,Fagge B,Fagge,Kano,0,1,8.528489,12.007356
Kano,kano,Abba Ghana Street,,settlement,grid3,Fagge D1,Fagge,Kano,0,1,8.529084,12.008773
Kano,kano,Abbale,,settlement,grid3,Fagge B,Fagge,Kano,0,1,8.529894,12.007811
Kano,kano,Abbale Street 1,,settlement,grid3,Fagge C,Fagge,Kano,0,1,8.52955,12.008755
Kano,kano,Abbas Road,,settlement,grid3,Giginyu,Nassarawa,Kano,0,1,8.547731,11.999516
Kano,kano,Abdu Dan Fulani,,settlement,grid3,Gyadi Gyadi Kudu,Tarauni,Kano,0,1,8.544949,11.970662
Kano,kano,Abdu Inusa,,settlement,grid3,Unguwar Gano,Tarauni,Kano,0,1,8.563665,11.942352
Kano,kano,Abdu Kafinta Line,,settlement,grid3,Rijiyar Zaki,Ungogo,Kano,0,1,8.454148,11.980984
Kano,kano,Abdu Quranic,,settlement,grid3,Kabuga,Gwale,Kano,0,1,8.500118,11.994637
Kano,kano,Abdullahi Bayero,,settlement,grid3,Sharada,Kano Municipal,Kano,0,1,8.504883,11.977295
Kano,kano,Abdullahi Dan Zaki,,settlement,grid3,Unguwar Gano,Tarauni,Kano,0,1,8.546756,11.948946
Kano,kano,Abdullahi Dutse Line,,settlement,grid3,Rijiyar Zaki,Ungogo,Kano,0,1,8.456299,11.978699
Kano,kano,Abdulrahman Bin Auf,,settlement,grid3,Goron Dutse,Gwale,Kano,0,1,8.491389,12.004973
Kano,kano,Abedi Line,,settlement,grid3,Sabon Gari West,Fagge,Kano,0,1,8.530208,12.017919
Kano,kano,Abeokuta By Court Road,,settlement,grid3,Sabon Gari West,Fagge,Kano,0,1,8.534331,12.021471
Kano,kano,Abeokuta Road,,settlement,grid3,Sabon Gari East,Fagge,Kano,0,1,8.536435,12.021327
Kano,kano,Abeokuta Road,,settlement,grid3,Sabon Gari West,Fagge,Kano,0,1,8.534054,12.021173
Kano,kano,Abeokuta Road By Gold Coast Road,,settlement,grid3,Sabon Gari West,Fagge,Kano,0,1,8.532676,12.021365
Kano,kano,Ac Line,,settlement,grid3,Rijiyar Zaki,Ungogo,Kano,0,1,8.451111,11.975891
Kano,kano,Aci Lafiya Layin Solar,,settlement,grid3,Dan Maliki,Kumbotso,Kano,0,1,8.527511,11.952128
Kano,kano,Adamu Navy,,settlement,grid3,Dorayi,Gwale,Kano,0,1,8.469507,11.976317
Kano,kano,Adaraye Gazai,,settlement,grid3,Yada Kunya,Ungogo,Kano,0,1,8.60586,12.079452
Kano,kano,Ado Bayero Islamic School,,settlement,grid3,Gama,Nassarawa,Kano,0,1,8.54982,12.03282
Kano,kano,Ado Bayero Road,,settlement,grid3,Fagge C,Fagge,Kano,0,1,8.53309,12.006229
Kano,kano,Ado Bayero Road,,settlement,grid3,Dorayi,Gwale,Kano,0,1,8.456412,11.970155
Kano,kano,Ado Gano,,settlement,grid3,Unguwa Uku Cikin Gari,Tarauni,Kano,0,1,8.565667,11.95574
Kano,kano,Adua Road,,settlement,grid3,Sabon Gari East,Fagge,Kano,0,1,8.542638,12.017017
Kano,kano,Agadasawa,,settlement,grid3,Shahuchi,Kano Municipal,Kano,0,1,8.516366,12.000023
Kano,kano,Agalawa,,settlement,grid3,Kumbotso,Kumbotso,Kano,0,1,8.493143,11.893285
Kano,kano,Agantasa A,,settlement,grid3,Zango (Ungogo),Ungogo,Kano,0,1,8.564732,12.044333
Kano,kano,Ahamadu Bello Way,,settlement,grid3,Giginyu,Nassarawa,Kano,0,1,8.560924,12.00316
Kano,kano,Ahmad Karaye,,settlement,grid3,Gyadi Gyadi Kudu,Tarauni,Kano,0,1,8.543758,11.967824
Kano,kano,Ahmadiyya Line Opposite Kabarin Raka,,settlement,grid3,Gwagwarwa,Nassarawa,Kano,0,1,8.541069,12.030851
Kano,kano,Ahmadu Dan Fulani,,settlement,grid3,Diso,Gwale,Kano,0,1,8.512287,11.9857
Kano,kano,Ahmed Aleiro,,settlement,grid3,Mariri,Kumbotso,Kano,0,1,8.618399,11.93739
Kano,kano,Aikawa Layin Goburawa,,settlement,grid3,Dala,Dala,Kano,0,1,8.508729,12.003428
Kano,kano,Airport By France Road,,settlement,grid3,Sabon Gari East,Fagge,Kano,0,1,8.543183,12.014121
Kano,kano,Airport By Ilaro Road,,settlement,grid3,Sabon Gari East,Fagge,Kano,0,1,8.541248,12.01212
Kano,kano,Airport By Stadium,,settlement,grid3,Sabon Gari East,Fagge,Kano,0,1,8.543789,12.017221
Kano,kano,Airport Road,,settlement,grid3,Gwagwarwa,Nassarawa,Kano,0,1,8.540385,12.027914
Kano,kano,Airport Road By Igbo,,settlement,grid3,Sabon Gari East,Fagge,Kano,0,1,8.540116,12.014303
Kano,kano,Airport Road By Sarkin Yaki Road,,settlement,grid3,Sabon Gari East,Fagge,Kano,0,1,8.541095,12.026285
Kano,kano,Airport Road By Tudun Wada Road,,settlement,grid3,Sabon Gari East,Fagge,Kano,0,1,8.54417,12.019943
Kano,kano,Aitken Road,,settlement,grid3,Sabon Gari East,Fagge,Kano,0,1,8.537246,12.02051
Kano,kano,Aitkin Road,,settlement,grid3,Sabon Gari West,Fagge,Kano,0,1,8.534408,12.020361
Kano,kano,Ajasa,,settlement,grid3,Fagge A,Fagge,Kano,0,1,8.536887,11.999929
Kano,kano,Akth,,settlement,grid3,Darmanawa,Tarauni,Kano,0,1,8.545464,11.960118
Kano,kano,Alahasan Usman,,settlement,grid3,Sharada,Kano Municipal,Kano,0,1,8.504272,11.975281
Kano,kano,Alasawa,,settlement,grid3,Bachirawa,Ungogo,Kano,0,1,8.460718,12.064384
Kano,kano,Alfarama Qtrs,,settlement,grid3,Naibawa,Kumbotso,Kano,0,1,8.545591,11.931964
Kano,kano,Alfindiki,,settlement,grid3,She She,Kano Municipal,Kano,0,1,8.512025,11.998049
Kano,kano,Alhaji Adamu Line,,settlement,grid3,Unguwa Uku Cikin Gari,Tarauni,Kano,0,1,8.564473,11.956773
Kano,kano,Alhaji Akilu,,settlement,grid3,Dogon Nama,Dala,Kano,0,1,8.498767,11.999286
Kano,kano,Alhaji Aminu Ibrahim,,settlement,grid3,Sani Mai Nagge,Gwale,Kano,0,1,8.504019,11.991069
Kano,kano,Alhaji Audu,,settlement,grid3,Kwachiri,Fagge,Kano,0,1,8.486084,12.049927
Kano,kano,Alhaji Ayuba Line,,settlement,grid3,Unguwa Uku Cikin Gari,Tarauni,Kano,0,1,8.564871,11.957922
Kano,kano,Alhaji Bature Yakubu,,settlement,grid3,Sani Mai Nagge,Gwale,Kano,0,1,8.497184,11.986677
Kano,kano,Alhaji Dahiru,,settlement,grid3,Kabuga,Gwale,Kano,0,1,8.49845,11.995844
Kano,kano,Alhaji Haruna Bello Street,,settlement,grid3,Kabuga,Gwale,Kano,0,1,8.499455,11.99541
Kano,kano,Alhaji Kabiru Abijan,,settlement,grid3,Sani Mai Nagge,Gwale,Kano,0,1,8.49701,11.985896
Kano,kano,Alhaji Muhammad Dan Kauye,,settlement,grid3,Kawaji,Nassarawa,Kano,0,1,8.584137,12.014702
Kano,kano,Alhaji Sabo,,settlement,grid3,Goron Dutse,Gwale,Kano,0,1,8.493931,12.004274
Kano,kano,Alhaji Sani Dan Landon,,settlement,grid3,Mandawari,Gwale,Kano,0,1,8.511697,11.995831
Kano,kano,Alharini,,village,osm,Ungogo,Ungogo,Kano,0,1,8.51495,12.0998
Kano,kano,Alharini A Layin Gidan Mai Gari,,settlement,grid3,Ungogo,Ungogo,Kano,0,1,8.514304,12.100244
Kano,kano,Alharini B Gandu Layin Gidan Cinji,,settlement,grid3,Ungogo,Ungogo,Kano,0,1,8.506671,12.095859
Kano,kano,Alharini B Layin Gidan Babangida,,settlement,grid3,Ungogo,Ungogo,Kano,0,1,8.506531,12.094796
Kano,kano,Alharini B Layin Gidan Dan Mannu,,settlement,grid3,Ungogo,Ungogo,Kano,0,1,8.514915,12.100144
Kano,kano,Alharini B Layin Gidan Iliya,,settlement,grid3,Ungogo,Ungogo,Kano,0,1,8.514142,12.098725
Kano,kano,Alharini B Layin Gidan Nasuru Wazon,,settlement,grid3,Ungogo,Ungogo,Kano,0,1,8.513121,12.098478
Kano,kano,Alharini B Layin Mal Sule Naaibi,,settlement,grid3,Ungogo,Ungogo,Kano,0,1,8.512596,12.098172
Kano,kano,Alharini Layin Gadan Mal Harisu Ma Ingine,,settlement,grid3,Ungogo,Ungogo,Kano,0,1,8.516275,12.100449
Kano,kano,Alharini Layin Gidan Nasiru Bocha,,settlement,grid3,Ungogo,Ungogo,Kano,0,1,8.515904,12.100328
Kano,kano,Alharini Layin Gidan Rabiu Mai Jara Keke,,settlement,grid3,Ungogo,Ungogo,Kano,0,1,8.516822,12.100713
Kano,kano,Alharini Layin Gidan Yaro Gora,,settlement,grid3,Ungogo,Ungogo,Kano,0,1,8.515635,12.099304
Kano,kano,Alharini Layin Yayaya Lakita Dabobi,,settlement,grid3,Ungogo,Ungogo,Kano,0,1,8.516877,12.09958
Kano,kano,Alhazan Gabas,,settlement,grid3,Ungogo,Ungogo,Kano,0,1,8.514541,12.099991
Kano,kano,Alhazan Yamma,,settlement,grid3,Ungogo,Ungogo,Kano,0,1,8.505802,12.095506
Kano,kano,Ali Haidar Musa,,settlement,grid3,Fagge B,Fagge,Kano,0,1,8.529794,12.004297
Kano,kano,Ali Rano,,settlement,grid3,Tarauni,Tarauni,Kano,0,1,8.551296,11.971722
Kano,kano,Ali Tukur,,settlement,grid3,Gyadi Gyadi Kudu,Tarauni,Kano,0,1,8.548477,11.969061
Kano,kano,Ali Zaki,,settlement,grid3,Tarauni,Tarauni,Kano,0,1,8.556977,11.980022
Kano,kano,Aliyu Adamu Line,,settlement,grid3,Rijiyar Zaki,Ungogo,Kano,0,1,8.45032,11.977309
Kano,kano,Alkali A,,settlement,grid3,Yakasai,Kano Municipal,Kano,0,1,8.526685,11.996878
Kano,kano,Alkali B,,settlement,grid3,Yakasai,Kano Municipal,Kano,0,1,8.527223,11.994903
Kano,kano,Alkali Mamuda,,settlement,grid3,Unguwa Uku Cikin Gari,Tarauni,Kano,0,1,8.565077,11.960576
Kano,kano,Alkantara,,settlement,grid3,Chedi,Kano Municipal,Kano,0,1,8.519287,12.001923
Kano,kano,Alpha,,settlement,grid3,Kwachiri,Fagge,Kano,0,1,8.510498,12.06073
Kano,kano,Alpha Layin Transformer,,settlement,grid3,Kwachiri,Fagge,Kano,0,1,8.509987,12.06098
Kano,kano,Amanallahi,,settlement,grid3,Gyadi Gyadi Kudu,Tarauni,Kano,0,1,8.544637,11.966015
Kano,kano,Amarawa,,settlement,grid3,Yada Kunya,Ungogo,Kano,0,1,8.580986,12.080686
Kano,kano,Amarzakawa Cikin Gari,,settlement,grid3,Bachirawa,Ungogo,Kano,0,1,8.411347,12.042159
Kano,kano,Amina Best Acadamy,,settlement,grid3,Naibawa,Kumbotso,Kano,0,1,8.569495,11.939533
Kano,kano,Amina Saloon,,settlement,grid3,Dorayi,Gwale,Kano,0,1,8.479708,11.964351
Kano,kano,Aminu Kano Islamiyya Yan Awaki,,settlement,grid3,Zaitawa,Kano Municipal,Kano,0,1,8.520691,12.008118
Kano,kano,Aminu Road By Egbe Road,,settlement,grid3,Sabon Gari West,Fagge,Kano,0,1,8.5279,12.017527
Kano,kano,Aminu Road By St Rita,,settlement,grid3,Sabon Gari West,Fagge,Kano,0,1,8.526935,12.017485
Kano,kano,Aminu Road By Transformer,,settlement,grid3,Sabon Gari West,Fagge,Kano,0,1,8.5273,12.017536
Kano,kano,Ansaruddin Mosques,,settlement,grid3,Sabon Gari West,Fagge,Kano,0,1,8.531494,12.016113
Kano,kano,Apple Avenue 1,,settlement,grid3,Sabon Gari West,Fagge,Kano,0,1,8.533041,12.030426
Kano,kano,Apple Avenue 2,,settlement,grid3,Sabon Gari West,Fagge,Kano,0,1,8.531873,12.029142
Kano,kano,Arakan Road,,settlement,grid3,Giginyu,Nassarawa,Kano,0,1,8.546107,12.002093
Kano,kano,Arbamiyya,,settlement,grid3,Unguwa Uku Kauyen Alu,Tarauni,Kano,0,1,8.568635,11.946694
Kano,kano,Arewawa,,settlement,grid3,Naibawa,Kumbotso,Kano,0,1,8.545898,11.929688
Kano,kano,Ari Road,,settlement,grid3,Fagge C,Fagge,Kano,0,1,8.529591,12.010298
Kano,kano,Arzai,,settlement,grid3,Kofar Mazugal,Dala,Kano,0,1,8.511193,12.013104
Kano,kano,Arzai A Layin Lawan Porthacut,,settlement,grid3,Kofar Mazugal,Dala,Kano,0,1,8.514003,12.01
Kano,kano,Arzai A Layin Mahauta,,settlement,grid3,Kofar Mazugal,Dala,Kano,0,1,8.515032,12.011903
Kano,kano,Arzai A1 Layin Mai Unguwa,,settlement,grid3,Kofar Mazugal,Dala,Kano,0,1,8.514876,12.011385
Kano,kano,Arzai A1 Layin Sharifai,,settlement,grid3,Kofar Mazugal,Dala,Kano,0,1,8.514172,12.011098
Kano,kano,Arzai B Layin Multara,,settlement,grid3,Kofar Mazugal,Dala,Kano,0,1,8.51354,12.010614
Kano,kano,Arzai B Layin Yan Izala,,settlement,grid3,Kofar Mazugal,Dala,Kano,0,1,8.513023,12.011261
Kano,kano,Ashton Road 1,,settlement,grid3,Kwachiri,Fagge,Kano,0,1,8.522141,12.033858
Kano,kano,Ashton Road 2,,settlement,grid3,Kwachiri,Fagge,Kano,0,1,8.523231,12.034906
Kano,kano,Asibiti,,settlement,grid3,Chiranchi,Kumbotso,Kano,0,1,8.467471,11.920466
Kano,kano,Asibiti Layin Kasan Kwari,,settlement,grid3,Kaura Goje,Nassarawa,Kano,0,1,8.546546,12.043759
Kano,kano,Asibiti Wata Tazo,,settlement,grid3,Kan Karofi,Kano Municipal,Kano,0,1,8.523143,11.986479
Kano,kano,Asibiti Yammata,,settlement,grid3,Yammata,Fagge,Kano,0,1,8.472436,12.064119
Kano,kano,Asibitin Mangwaro,,settlement,grid3,Tudun Fulani,Ungogo,Kano,0,1,8.477447,12.035984
Kano,kano,Asibitin Mangwaro,,settlement,grid3,Ungogo,Ungogo,Kano,0,1,8.492126,12.091125
Kano,kano,Audu Azare,,settlement,grid3,Babban Giji,Tarauni,Kano,0,1,8.535997,11.969948
Kano,kano,Audu Dawakin Tofa,,settlement,grid3,Tarauni,Tarauni,Kano,0,1,8.559796,11.974957
Kano,kano,Audu Lokos First Bank,,settlement,grid3,Fagge A,Fagge,Kano,0,1,8.531841,12.004102
Kano,kano,Audu Utai Street,,settlement,grid3,Gama,Nassarawa,Kano,0,1,8.550211,12.030814
Kano,kano,Audu Utai Too Sani Bello,,settlement,grid3,Gama,Nassarawa,Kano,0,1,8.55101,12.031258
Kano,kano,Aviation Quarters 1,,settlement,grid3,Kwachiri,Fagge,Kano,0,1,8.534124,12.041841
Kano,kano,Aviation Quarters 2,,settlement,grid3,Kwachiri,Fagge,Kano,0,1,8.534438,12.040902
Kano,kano,Aviation Quaters,,village,osm,Kwachiri,Fagge,Kano,0,1,8.53396,12.0407
Kano,kano,Awo Sabon Fegi B Layin Malam Balarabe,,settlement,grid3,Giginyu,Nassarawa,Kano,0,1,8.576367,11.988282
Kano,kano,Ayagi Layin Yan Hula Ziri,,settlement,grid3,Bakin Ruwa,Dala,Kano,0,1,8.506111,11.998552
Kano,kano,Baba Koki,,settlement,grid3,Gyadi Gyadi Kudu,Tarauni,Kano,0,1,8.546747,11.969794
Kano,kano,Baba Labaran,,settlement,grid3,Gwale,Gwale,Kano,0,1,8.514781,11.984687
Kano,kano,Baba Mai Lemo,,settlement,grid3,Unguwa Uku Cikin Gari,Tarauni,Kano,0,1,8.565986,11.957034
Kano,kano,Baba Mai Rago,,settlement,grid3,Unguwa Uku Cikin Gari,Tarauni,Kano,0,1,8.565413,11.951965
Kano,kano,Baban Hanya,,settlement,grid3,Chiranchi,Kumbotso,Kano,0,1,8.476732,11.952185
Kano,kano,Baban Yawo,,settlement,grid3,Unguwa Uku Cikin Gari,Tarauni,Kano,0,1,8.567273,11.951897
Kano,kano,Babashi,,settlement,grid3,Gwammaja,Dala,Kano,0,1,8.508527,12.022379
Kano,kano,Babba Layi,,settlement,grid3,Garun Gawa,Kumbotso,Kano,0,1,8.52239,11.960155
Kano,kano,Babban Gida,,settlement,grid3,Unguwar Rimi,Kumbotso,Kano,0,1,8.574706,11.907559
Kano,kano,Babban Gida,,settlement,grid3,Bachirawa,Ungogo,Kano,0,1,8.465061,12.070949
Kano,kano,Babban Gida,,settlement,grid3,Kumbotso,Kumbotso,Kano,0,1,8.498971,11.898447
Kano,kano,Babban Gida,,settlement,grid3,Danbare,Kumbotso,Kano,0,1,8.404464,11.94801
Kano,kano,Babban Gida,,settlement,grid3,Naibawa,Kumbotso,Kano,0,1,8.571851,11.937245
Kano,kano,Babban Gida,,settlement,grid3,Mariri,Kumbotso,Kano,0,1,8.617452,11.931863
Kano,kano,Babban Gida Zango,,settlement,grid3,Hotoro North,Nassarawa,Kano,0,1,8.586003,11.988799
Kano,kano,Babban Gidan Zakka A,,settlement,grid3,Goron Dutse,Gwale,Kano,0,1,8.495534,12.0065
Kano,kano,Babban Gidan Zakka B,,settlement,grid3,Goron Dutse,Gwale,Kano,0,1,8.493917,12.007042
Kano,kano,Babban Giji Gidan Mai Unguwa,,settlement,grid3,Babban Giji,Tarauni,Kano,0,1,8.541941,11.954842
Kano,kano,Babban Giji Primary School,,settlement,grid3,Babban Giji,Tarauni,Kano,0,1,8.539325,11.954562
Kano,kano,Babban Layi,,settlement,grid3,Dorayi,Gwale,Kano,0,1,8.459108,11.962259
Kano,kano,Babban Layi,,settlement,grid3,Rangaza,Ungogo,Kano,0,1,8.590418,12.039874
Kano,kano,Babban Layi,,settlement,grid3,Yammata,Fagge,Kano,0,1,8.481006,12.059479
Kano,kano,Babban Layi A,,settlement,grid3,Zango (Ungogo),Ungogo,Kano,0,1,8.583381,12.040984
Kano,kano,Babban Layi B,,settlement,grid3,Zango (Ungogo),Ungogo,Kano,0,1,8.583877,12.039564
Kano,kano,Babban Layi Layin Dauda Mai Rini,,settlement,grid3,Dan Maliki,Kumbotso,Kano,0,1,8.530831,11.954828
Kano,kano,Babban Layin,,settlement,grid3,Daurawa,Tarauni,Kano,0,1,8.555782,11.971397
Kano,kano,Babban Layin,,settlement,grid3,Gobirawa,Dala,Kano,0,1,8.486058,12.033338
Kano,kano,Babban Rijiya,,settlement,grid3,Dan Maliki,Kumbotso,Kano,0,1,8.512774,11.925656
Kano,kano,Babbar Rariya,,settlement,grid3,Ungogo,Ungogo,Kano,0,1,8.478088,12.11028
Kano,kano,Bachirawa Tukwane,,settlement,grid3,Bachirawa,Ungogo,Kano,0,1,8.463264,12.049825
Kano,kano,Badamasi Road,,settlement,grid3,Sani Mai Nagge,Gwale,Kano,0,1,8.498295,11.985836
Kano,kano,Badawa,,settlement,grid3,Rijiyar Zaki,Ungogo,Kano,0,1,8.432573,12.011712
Kano,kano,Badawa Bakin Dogo B Layin Bakin Dogo,,settlement,grid3,Giginyu,Nassarawa,Kano,0,1,8.574127,12.004188
Kano,kano,Badawa Gabas,,settlement,grid3,Giginyu,Nassarawa,Kano,0,1,8.577698,12.003723
Kano,kano,Badawa Gidan Tifa,,settlement,grid3,Giginyu,Nassarawa,Kano,0,1,8.579025,12.002857
Kano,kano,Badawa Gidan Tsamiya,,settlement,grid3,Hotoro South,Nassarawa,Kano,0,1,8.57913,11.969441
Kano,kano,Badawa Gidan Tsamiya Aa Rano Street,,settlement,grid3,Hotoro South,Nassarawa,Kano,0,1,8.578417,11.969075
Kano,kano,Badawa Gidan Tsamiya Layin Garba Khalil,,settlement,grid3,Hotoro South,Nassarawa,Kano,0,1,8.578797,11.968613
Kano,kano,Badawa Gidan Tsamiya Layin Musa Daura,,settlement,grid3,Hotoro South,Nassarawa,Kano,0,1,8.578662,11.969793
Kano,kano,Badawa Unguwar Fulani Yantifa Line,,settlement,grid3,Giginyu,Nassarawa,Kano,0,1,8.584714,11.998682
Kano,kano,Badawa Unguwar Gaya,,settlement,grid3,Giginyu,Nassarawa,Kano,0,1,8.577881,12.002075
Kano,kano,Badawa Yammaci A Layin Masallaci Layin Baba,,settlement,grid3,Giginyu,Nassarawa,Kano,0,1,8.575226,12.001097
Kano,kano,Badawa Yammaci A Layin Transformer,,settlement,grid3,Giginyu,Nassarawa,Kano,0,1,8.572503,11.999867
Kano,kano,Badawa Yammaci B Layin Transformer,,settlement,grid3,Giginyu,Nassarawa,Kano,0,1,8.572312,12.001734
Kano,kano,Badawa Yammaci Layin Magwarori,,settlement,grid3,Giginyu,Nassarawa,Kano,0,1,8.56988,12.000554
Kano,kano,Badawa Yan Tifa A Layin Transformer,,settlement,grid3,Giginyu,Nassarawa,Kano,0,1,8.578029,12.00074
Kano,kano,Badawa Yan Tifa C American Line,,settlement,grid3,Giginyu,Nassarawa,Kano,0,1,8.583273,12.001075
Kano,kano,Badawa Yan Tifa C Layin Sani Nakaduna,,settlement,grid3,Giginyu,Nassarawa,Kano,0,1,8.578296,12.001155
Kano,kano,Badawa Yan Tifa Kafada Line,,settlement,grid3,Giginyu,Nassarawa,Kano,0,1,8.579227,12.002698
Kano,kano,Badayi Jakada,,settlement,grid3,Gwale,Gwale,Kano,0,1,8.506169,11.986257
Kano,kano,Bagauda Line,,settlement,grid3,Giginyu,Nassarawa,Kano,0,1,8.575278,11.996943
Kano,kano,Bagujan Cikin Gari,,settlement,grid3,Karo,Ungogo,Kano,0,1,8.520644,12.099626
Kano,kano,Bagujan Unguwar Sanda Baru,,settlement,grid3,Ungogo,Ungogo,Kano,0,1,8.517474,12.099314
Kano,kano,Bagujan Unguwar Sanda Na Baru,,settlement,grid3,Ungogo,Ungogo,Kano,0,1,8.517068,12.100696
Kano,kano,Bakin Asibiti Kabara Quarters,,settlement,grid3,Gayawa,Ungogo,Kano,0,1,8.562044,12.055702
Kano,kano,Bakin Diga,,settlement,grid3,Panshekara,Kumbotso,Kano,0,1,8.466479,11.921421
Kano,kano,Bakin Dogo,,town,osm,Panshekara,Kumbotso,Kano,0,1,8.45726,11.8962
Kano,kano,Bakin Dogo Layiin Kwalta,,settlement,grid3,Kawaji,Nassarawa,Kano,0,1,8.573619,12.003068
Kano,kano,Bakin Dogo Layin Mai Unguwa,,settlement,grid3,Kawaji,Nassarawa,Kano,0,1,8.578676,12.005146
Kano,kano,Bakin Dogo Layin Makaranta,,settlement,grid3,Kawaji,Nassarawa,Kano,0,1,8.580506,12.00402
Kano,kano,Bakin Doki,,settlement,grid3,Yada Kunya,Ungogo,Kano,0,1,8.590043,12.07492
Kano,kano,Bakin Dundun,,settlement,grid3,Gayawa,Ungogo,Kano,0,1,8.569935,12.063708
Kano,kano,Bakin Gangara,,settlement,grid3,Garun Gawa,Kumbotso,Kano,0,1,8.507503,11.926344
Kano,kano,Bakin Gawo,,settlement,grid3,Kadawa,Ungogo,Kano,0,1,8.480926,12.070673
Kano,kano,Bakin Gazai,,settlement,grid3,Gayawa,Ungogo,Kano,0,1,8.571794,12.057797
Kano,kano,Bakin Karofi,,settlement,grid3,Gayawa,Ungogo,Kano,0,1,8.572837,12.066372
Kano,kano,Bakin Kasuwa,,settlement,grid3,Yada Kunya,Ungogo,Kano,0,1,8.625389,12.083281
Kano,kano,Bakin Kasuwa,,village,osm,Ungogo,Ungogo,Kano,0,1,8.49515,12.1071
Kano,kano,Bakin Kasuwa Bala,,settlement,grid3,Gayawa,Ungogo,Kano,0,1,8.560579,12.053101
Kano,kano,Bakin Kasuwar Daurawa Area,,settlement,grid3,Ungogo,Ungogo,Kano,0,1,8.490404,12.107843
Kano,kano,Bakin Kasuwar Gidan Kabiru Mai Bishiyar Madac,,settlement,grid3,Ungogo,Ungogo,Kano,0,1,8.494857,12.107497
Kano,kano,Bakin Kasuwar Layin Gidan Nasuru Dan Baffa,,settlement,grid3,Ungogo,Ungogo,Kano,0,1,8.49549,12.106135
Kano,kano,Bakin Kasuwar Layin Gidan Tukur,,settlement,grid3,Ungogo,Ungogo,Kano,0,1,8.494967,12.105306
Kano,kano,Bakin Kwangiri,,settlement,grid3,Giginyu,Nassarawa,Kano,0,1,8.574494,12.00377
Kano,kano,Bakin Lambu,,settlement,grid3,Gayawa,Ungogo,Kano,0,1,8.555862,12.055311
Kano,kano,Bakin Layi,,settlement,grid3,Giginyu,Nassarawa,Kano,0,1,8.577225,12.003349
Kano,kano,Bakin Lilo,,settlement,grid3,Gyaranya,Gwale,Kano,0,1,8.509225,11.996935
Kano,kano,Bakin Masallaci,,settlement,grid3,Garun Gawa,Kumbotso,Kano,0,1,8.501978,11.924064
Kano,kano,Bakin Police,,settlement,grid3,Panshekara,Kumbotso,Kano,0,1,8.457388,11.892613
Kano,kano,Bakin Rafi,,settlement,grid3,Kureken Sani,Kumbotso,Kano,0,1,8.608214,11.938563
Kano,kano,Bakin Rafi,,settlement,grid3,Unguwar Rimi,Kumbotso,Kano,0,1,8.556195,11.907493
Kano,kano,Bakin Rafi,,settlement,grid3,Kumbotso,Kumbotso,Kano,0,1,8.50228,11.903928
Kano,kano,Bakin Rami,,settlement,grid3,Kabuga,Gwale,Kano,0,1,8.470768,12.015885
Kano,kano,Bakin Rami Agantasa,,settlement,grid3,Gayawa,Ungogo,Kano,0,1,8.563122,12.047076
Kano,kano,Bakin Ruwa,,town,osm,Panshekara,Kumbotso,Kano,0,1,8.46247,11.9151
Kano,kano,Bakin Ruwa Layin Gidan Mai Unguwa,,settlement,grid3,Bakin Ruwa,Dala,Kano,0,1,8.502496,11.999125
Kano,kano,Bakin Ruwa Layin Tunusi,,settlement,grid3,Bakin Ruwa,Dala,Kano,0,1,8.504128,11.999948
Kano,kano,Bakin Titi,,settlement,grid3,Panshekara,Kumbotso,Kano,0,1,8.465984,11.923266
Kano,kano,Bakin Titi,,settlement,grid3,Bachirawa,Ungogo,Kano,0,1,8.427533,12.046535
Kano,kano,Bakin Titi,,settlement,grid3,Kantudu,Dala,Kano,0,1,8.50775,12.011001
Kano,kano,Bakin Titin Daura,,settlement,grid3,Ungogo,Ungogo,Kano,0,1,8.446715,12.088153
Kano,kano,Bakin Zuwo B,,settlement,grid3,Jakara,Kano Municipal,Kano,0,1,8.513898,12.005254
Kano,kano,Balat Hughes,,settlement,grid3,Sabon Gari West,Fagge,Kano,0,1,8.539023,12.025904
Kano,kano,Balatus,,settlement,grid3,Sabon Gari West,Fagge,Kano,0,1,8.536074,12.02574
Kano,kano,Balatus,,settlement,grid3,Fanisau,Ungogo,Kano,0,1,8.539187,12.076479
Kano,kano,Balatus By Court Road,,settlement,grid3,Sabon Gari West,Fagge,Kano,0,1,8.534046,12.025721
Kano,kano,Balatus By Courtashar Road,,settlement,grid3,Sabon Gari West,Fagge,Kano,0,1,8.531863,12.026132
Kano,kano,Balatus By Igbo Road,,settlement,grid3,Sabon Gari East,Fagge,Kano,0,1,8.539689,12.025738
Kano,kano,Balatus Hughes By Court Road,,settlement,grid3,Sabon Gari West,Fagge,Kano,0,1,8.53473,12.025719
Kano,kano,Balbela Street,,settlement,grid3,Sani Mai Nagge,Gwale,Kano,0,1,8.491835,11.98203
Kano,kano,Bankaura,,settlement,grid3,Ungogo,Ungogo,Kano,0,1,8.445496,12.087708
Kano,kano,Bankaura,,settlement,grid3,Fanisau,Ungogo,Kano,0,1,8.539825,12.078453
Kano,kano,Baranda,,settlement,grid3,Dan Maliki,Kumbotso,Kano,0,1,8.528097,11.948296
Kano,kano,Barawon Layi,,settlement,grid3,Gwammaja,Dala,Kano,0,1,8.513645,12.020266
Kano,kano,Barebari,,settlement,grid3,Karo,Ungogo,Kano,0,1,8.528687,12.10968
Kano,kano,Barebari Sabuwa,,settlement,grid3,Tudun Fulani,Ungogo,Kano,0,1,8.473547,12.033541
Kano,kano,Barebari Tsohuwa,,settlement,grid3,Tudun Fulani,Ungogo,Kano,0,1,8.47324,12.032927
Kano,kano,Barugu,,settlement,grid3,Darmanawa,Tarauni,Kano,0,1,8.537502,11.934137
Kano,kano,Bashir Dandago,,settlement,grid3,Dandago,Gwale,Kano,0,1,8.508302,11.992152
Kano,kano,Basilla,,settlement,grid3,Kadawa,Ungogo,Kano,0,1,8.452315,12.076299
Kano,kano,Baso Mai Shanu,,settlement,grid3,Unguwar Gano,Tarauni,Kano,0,1,8.550404,11.950081
Kano,kano,Batakaye,,settlement,grid3,Dan Maliki,Kumbotso,Kano,0,1,8.513432,11.926124
Kano,kano,Batakaye,,village,osm,Dan Maliki,Kumbotso,Kano,0,1,8.50551,11.9137
Kano,kano,Batcher,,settlement,grid3,Kwachiri,Fagge,Kano,0,1,8.498695,12.033372
Kano,kano,Baturan Girjiya,,settlement,grid3,Fanisau,Ungogo,Kano,0,1,8.50531,12.085693
Kano,kano,Baure,,settlement,grid3,Panshekara,Kumbotso,Kano,0,1,8.460989,11.896986
Kano,kano,Bawo Road,,settlement,grid3,Babban Giji,Tarauni,Kano,0,1,8.537945,11.966926
Kano,kano,Bawo Road Madakin Labai,,settlement,grid3,Babban Giji,Tarauni,Kano,0,1,8.538248,11.968372
Kano,kano,Bayan Asibiti,,settlement,grid3,Kabuga,Gwale,Kano,0,1,8.48067,12.013286
Kano,kano,Bayan Clinic,,settlement,grid3,Dorayi,Gwale,Kano,0,1,8.457004,11.959815
Kano,kano,Bayan Dan Falke,,settlement,grid3,Zango (Ungogo),Ungogo,Kano,0,1,8.580632,12.047543
Kano,kano,Bayan Duhuwa,,settlement,grid3,Danbare,Kumbotso,Kano,0,1,8.438673,11.962589
Kano,kano,Bayan Gidan Hakimi,,settlement,grid3,Mandawari,Gwale,Kano,0,1,8.512859,11.993962
Kano,kano,Bayan Gidan Salihi Iliyasu,,settlement,grid3,Dogon Nama,Dala,Kano,0,1,8.500033,11.999585
Kano,kano,Bayan Kabo Air Limited,,settlement,grid3,Fagge D2,Fagge,Kano,0,1,8.520339,12.032484
Kano,kano,Bayan Kasuwa,,settlement,grid3,Yada Kunya,Ungogo,Kano,0,1,8.625013,12.083605
Kano,kano,Bayan Kofan Naisa Primary,,settlement,grid3,Gwale,Gwale,Kano,0,1,8.515164,11.984169
Kano,kano,Bayan Layin Azman,,settlement,grid3,Rijiyar Lemo,Fagge,Kano,0,1,8.475062,12.055988
Kano,kano,Bayan Layin Makera,,settlement,grid3,Goron Dutse,Gwale,Kano,0,1,8.508177,11.996208
Kano,kano,Bayan Makabarta,,settlement,grid3,Hotoro North,Nassarawa,Kano,0,1,8.587701,11.97505
Kano,kano,Bayan Makabarta,,settlement,grid3,Yalwa,Dala,Kano,0,1,8.501941,12.008713
Kano,kano,Bayan Makaranta Yan Itace,,settlement,grid3,Gwale,Gwale,Kano,0,1,8.509514,11.984399
Kano,kano,Bayan Masallaci Do,,settlement,grid3,Gwale,Gwale,Kano,0,1,8.506975,11.988724
Kano,kano,Bayan Mobil,,settlement,grid3,Danbare,Kumbotso,Kano,0,1,8.433203,11.962188
Kano,kano,Bayan Rijiyar Lemo Phc,,settlement,grid3,Rijiyar Lemo,Fagge,Kano,0,1,8.481467,12.047406
Kano,kano,Bechi Cikin Gari,,settlement,grid3,Garun Gawa,Kumbotso,Kano,0,1,8.502495,11.924045
Kano,kano,Bela Quarters,,settlement,grid3,Yada Kunya,Ungogo,Kano,0,1,8.633026,12.083176
Kano,kano,Bello Dandago Road,,settlement,grid3,Fagge C,Fagge,Kano,0,1,8.533513,12.008013
Kano,kano,Bello Road,,settlement,grid3,Fagge C,Fagge,Kano,0,1,8.535413,12.005898
Kano,kano,Bello Road Garawa,,settlement,grid3,Kawaji,Nassarawa,Kano,0,1,8.612872,11.99769
Kano,kano,Benen Zawarawa,,settlement,grid3,Gama,Nassarawa,Kano,0,1,8.557495,12.035095
Kano,kano,Berut Road,,settlement,grid3,Fagge A,Fagge,Kano,0,1,8.535528,12.001041
Kano,kano,Bin Masud Yammata,,settlement,grid3,Yammata,Fagge,Kano,0,1,8.478412,12.057388
Kano,kano,Block 21 To 28,,settlement,grid3,Tudun Wada,Nassarawa,Kano,0,1,8.555487,12.016915
Kano,kano,Block 31 To 35 Inspectors,,settlement,grid3,Tudun Wada,Nassarawa,Kano,0,1,8.556642,12.015802
Kano,kano,Block 47,,settlement,grid3,Tudun Wada,Nassarawa,Kano,0,1,8.556396,12.018456
Kano,kano,Boda,,settlement,grid3,Dorayi,Gwale,Kano,0,1,8.477867,11.966579
Kano,kano,Bokavu Barrack,,settlement,grid3,Kwachiri,Fagge,Kano,0,1,8.507876,12.033264
Kano,kano,Bompai Madaka,,settlement,grid3,Tudun Wada,Nassarawa,Kano,0,1,8.557172,12.01775
Kano,kano,Bompai Road,,settlement,grid3,Tudun Wada,Nassarawa,Kano,0,1,8.555052,12.010707
Kano,kano,Border,,settlement,grid3,Tudun Fulani,Ungogo,Kano,0,1,8.474487,12.044495
Kano,kano,Boye Gabas,,settlement,grid3,Karo,Ungogo,Kano,0,1,8.531045,12.104902
Kano,kano,Bubbagaji Unguwar Maharba,,settlement,grid3,Dan Maliki,Kumbotso,Kano,0,1,8.495319,11.940799
Kano,kano,Bubbugaji Tajirma,,settlement,grid3,Dan Maliki,Kumbotso,Kano,0,1,8.498283,11.939909
Kano,kano,Buk New Site A,,settlement,grid3,Rijiyar Zaki,Ungogo,Kano,0,1,8.436,11.9689
Kano,kano,Buk New Site B,,settlement,grid3,Rijiyar Zaki,Ungogo,Kano,0,1,8.433472,11.96991
Kano,kano,Buk Old Site,,settlement,grid3,Dorayi,Gwale,Kano,0,1,8.480298,11.976439
Kano,kano,Buk Professors Quarter,,settlement,grid3,Rijiyar Zaki,Ungogo,Kano,0,1,8.430666,11.969006
Kano,kano,Buk VC Quater,,settlement,grid3,Rijiyar Zaki,Ungogo,Kano,0,1,8.434428,11.97232
Kano,kano,Bulbuka,,settlement,grid3,Zango (Ungogo),Ungogo,Kano,0,1,8.561707,12.036682
Kano,kano,Bulon Agaji,,settlement,grid3,Tudun Fulani,Ungogo,Kano,0,1,8.47519,12.040047
Kano,kano,Bunu,,settlement,grid3,Dan Agundi,Kano Municipal,Kano,0,1,8.523848,11.98301
Kano,kano,Burhana,,settlement,grid3,Gobirawa,Dala,Kano,0,1,8.488821,12.03094
Kano,kano,Burma Road,,settlement,grid3,Sabon Gari West,Fagge,Kano,0,1,8.529373,12.023084
Kano,kano,Burtali,,settlement,grid3,Sharada,Kano Municipal,Kano,0,1,8.505792,11.978285
Kano,kano,Burtsatsen Makaho,,settlement,grid3,Kaura Goje,Nassarawa,Kano,0,1,8.553811,12.043659
Kano,kano,Burtsatsen Makaho Dan Kargo Makoda,,settlement,grid3,Kaura Goje,Nassarawa,Kano,0,1,8.555174,12.041587
Kano,kano,Burtsatsen Nufawa,,settlement,grid3,Gama,Nassarawa,Kano,0,1,8.54724,12.032939
Kano,kano,Buzaye,,settlement,grid3,Rangaza,Ungogo,Kano,0,1,8.632095,12.069634
Kano,kano,CIVIL Center Fagge A,,settlement,grid3,Fagge A,Fagge,Kano,0,1,8.538879,12.000305
Kano,kano,Cbn,,settlement,grid3,Unguwa Uku Kauyen Alu,Tarauni,Kano,0,1,8.568259,11.965644
Kano,kano,Chalawa,,village,osm,Chalawa,Kumbotso,Kano,0,1,8.421733,11.906853
Kano,kano,Charity Bread,,settlement,grid3,Hotoro South,Nassarawa,Kano,0,1,8.595144,11.969984
Kano,kano,Chedi Layin Mai Unguwa Nasir,,settlement,grid3,Chedi,Kano Municipal,Kano,0,1,8.519356,12.000545
Kano,kano,Chedi Layin Yahaya Fari,,settlement,grid3,Chedi,Kano Municipal,Kano,0,1,8.520089,12.001092
Kano,kano,Chediya,,settlement,grid3,Kwachiri,Fagge,Kano,0,1,8.483887,12.054504
Kano,kano,Chediya Uku,,settlement,grid3,Fanisau,Ungogo,Kano,0,1,8.55229,12.090964
Kano,kano,Chediya Uku Along Airport Road,,settlement,grid3,Gwagwarwa,Nassarawa,Kano,0,1,8.540074,12.028837
Kano,kano,Chediyar Feru A,,settlement,grid3,Tudun Nufawa,Kano Municipal,Kano,0,1,8.518128,12.00541
Kano,kano,Chediyar Feru B,,settlement,grid3,Tudun Nufawa,Kano Municipal,Kano,0,1,8.518659,12.005969
Kano,kano,Chediyar Kuda,,settlement,grid3,Shahuchi,Kano Municipal,Kano,0,1,8.515847,12.000141
Kano,kano,Chiranchi,,settlement,grid3,Diso,Gwale,Kano,0,1,8.514845,11.988364
Kano,kano,Chiranchi Middle,,settlement,grid3,Chiranchi,Kumbotso,Kano,0,1,8.482619,11.960424
Kano,kano,Chiranchi Yamma,,settlement,grid3,Chiranchi,Kumbotso,Kano,0,1,8.47468,11.953844
Kano,kano,Chiranci Gabas,,settlement,grid3,Chiranchi,Kumbotso,Kano,0,1,8.4823,11.962097
Kano,kano,Chiranci Gidan Dakaci,,settlement,grid3,Chiranchi,Kumbotso,Kano,0,1,8.472557,11.952493
Kano,kano,Chiromawa,,settlement,grid3,Yada Kunya,Ungogo,Kano,0,1,8.586318,12.064872
Kano,kano,Chiromawa Gandau,,settlement,grid3,Tudun Fulani,Ungogo,Kano,0,1,8.40252,12.02081
Kano,kano,Chiromawa Kadawa,,settlement,grid3,Chedi,Kano Municipal,Kano,0,1,8.519944,12.003143
Kano,kano,Chiromawa Layin Gidan Mai Unguwa,,settlement,grid3,Shahuchi,Kano Municipal,Kano,0,1,8.520326,12.003816
Kano,kano,Chochin Kwano,,settlement,grid3,Naibawa,Kumbotso,Kano,0,1,8.571716,11.942078
Kano,kano,Church Road,,settlement,grid3,Sabon Gari West,Fagge,Kano,0,1,8.53337,12.015973
Kano,kano,Church Road,,settlement,grid3,Sabon Gari East,Fagge,Kano,0,1,8.53602,12.016026
Kano,kano,Church Road By Igbo Road,,settlement,grid3,Sabon Gari East,Fagge,Kano,0,1,8.539755,12.015991
Kano,kano,Cikin Gari,,settlement,grid3,Panshekara,Kumbotso,Kano,0,1,8.463899,11.895565
Kano,kano,Cikin Gari,,settlement,grid3,Kumbotso,Kumbotso,Kano,0,1,8.511465,11.902184
Kano,kano,Cikin Gari A Layin Gidan Dabino,,settlement,grid3,Hotoro North,Nassarawa,Kano,0,1,8.585163,11.980087
Kano,kano,Cikin Gari A Layin Gidan Mai Unguwa,,settlement,grid3,Hotoro North,Nassarawa,Kano,0,1,8.583776,11.982207
Kano,kano,Cikin Gari A Layin Gidan Ubaru,,settlement,grid3,Hotoro North,Nassarawa,Kano,0,1,8.583161,11.981636
Kano,kano,Cikin Gari A Layin High Tension,,settlement,grid3,Hotoro North,Nassarawa,Kano,0,1,8.582788,11.983124
Kano,kano,Cikin Gari A Layin Muntari Paris,,settlement,grid3,Hotoro North,Nassarawa,Kano,0,1,8.586899,11.97878
Kano,kano,Cikin Gari B,,settlement,grid3,Hotoro North,Nassarawa,Kano,0,1,8.583654,11.984227
Kano,kano,Cinimar,,settlement,grid3,Tudun Fulani,Ungogo,Kano,0,1,8.476082,12.033705
Kano,kano,Citta Avenue,,settlement,grid3,Sabon Gari West,Fagge,Kano,0,1,8.539255,12.028435
Kano,kano,Cocoa Avenue,,settlement,grid3,Sabon Gari West,Fagge,Kano,0,1,8.537304,12.029847
Kano,kano,Commissioner Road,,settlement,grid3,Tarauni,Tarauni,Kano,0,1,8.54837,11.984455
Kano,kano,Computer Training Institute Kwanar Jaba,,settlement,grid3,Kaura Goje,Nassarawa,Kano,0,1,8.546582,12.035749
Kano,kano,Congo,,settlement,grid3,Gwammaja,Dala,Kano,0,1,8.509302,12.020342
Kano,kano,Court By Aitken Road,,settlement,grid3,Sabon Gari East,Fagge,Kano,0,1,8.535647,12.020691
Kano,kano,Court By Emir Road,,settlement,grid3,Sabon Gari West,Fagge,Kano,0,1,8.534182,12.01758
Kano,kano,Court By Enugu Road,,settlement,grid3,Sabon Gari East,Fagge,Kano,0,1,8.534897,12.022244
Kano,kano,Court By Middle Road,,settlement,grid3,Sabon Gari East,Fagge,Kano,0,1,8.535069,12.019554
Kano,kano,Court By Warri Road,,settlement,grid3,Sabon Gari East,Fagge,Kano,0,1,8.534802,12.022659
Kano,kano,Court By Yoruba Road,,settlement,grid3,Sabon Gari West,Fagge,Kano,0,1,8.533805,12.016863
Kano,kano,Court Church Road,,settlement,grid3,Sabon Gari West,Fagge,Kano,0,1,8.53418,12.01595
Kano,kano,Court House Close,,settlement,grid3,Tudun Wada,Nassarawa,Kano,0,1,8.553776,12.011977
Kano,kano,Court Road By New Road,,settlement,grid3,Sabon Gari West,Fagge,Kano,0,1,8.53325,12.01855
Kano,kano,Cpl Bello Quaters,,settlement,grid3,Kwachiri,Fagge,Kano,0,1,8.52614,12.030258
Kano,kano,Custom Barrack,,settlement,grid3,Fagge D2,Fagge,Kano,0,1,8.520319,12.02389
Kano,kano,Dabai Clinic,,settlement,grid3,Kabuga,Gwale,Kano,0,1,8.47794,12.01411
Kano,kano,Dabaro B,,settlement,grid3,Tudun Fulani,Ungogo,Kano,0,1,8.435354,12.025383
Kano,kano,Dadar Dan Dada,,settlement,grid3,Gwagwarwa,Nassarawa,Kano,0,1,8.543146,12.032212
Kano,kano,Dadin Kowa,,settlement,grid3,Bachirawa,Ungogo,Kano,0,1,8.468872,12.047485
Kano,kano,Dadin Kowa Yammata,,settlement,grid3,Yammata,Fagge,Kano,0,1,8.475677,12.056983
Kano,kano,Daganda,,settlement,grid3,Zaitawa,Kano Municipal,Kano,0,1,8.513894,12.005954
Kano,kano,Dakata A Layin Ammani Inuwa,,settlement,grid3,Dakata,Nassarawa,Kano,0,1,8.576203,12.018313
Kano,kano,Dakata A Layin Biredi,,settlement,grid3,Dakata,Nassarawa,Kano,0,1,8.574814,12.017905
Kano,kano,Dakata A Layin Garba Ubale Street,,settlement,grid3,Dakata,Nassarawa,Kano,0,1,8.576491,12.016927
Kano,kano,Dakata A Layin Yar Kwana,,settlement,grid3,Dakata,Nassarawa,Kano,0,1,8.5758,12.018213
Kano,kano,Dakata B Layin Adamu Principal,,settlement,grid3,Dakata,Nassarawa,Kano,0,1,8.580382,12.023247
Kano,kano,Dakata B Layin Alhaji Zubairu,,settlement,grid3,Dakata,Nassarawa,Kano,0,1,8.575902,12.017253
Kano,kano,Dakata B Layin Ali Sango,,settlement,grid3,Dakata,Nassarawa,Kano,0,1,8.575261,12.017009
Kano,kano,Dakata B Layin Awafe Street,,settlement,grid3,Dakata,Nassarawa,Kano,0,1,8.577876,12.018042
Kano,kano,Dakata B Layin Gidan Malam Habu,,settlement,grid3,Dakata,Nassarawa,Kano,0,1,8.580019,12.016556
Kano,kano,Dakata B Layin Gidan Tsamiya,,settlement,grid3,Dakata,Nassarawa,Kano,0,1,8.580169,12.01716
Kano,kano,Dakata B Layin Malam Liman,,settlement,grid3,Dakata,Nassarawa,Kano,0,1,8.576823,12.01716
Kano,kano,Dakata B Layin Sule Bampai,,settlement,grid3,Dakata,Nassarawa,Kano,0,1,8.57603,12.017974
Kano,kano,Dakata Cikin Gari,,settlement,grid3,Dakata,Nassarawa,Kano,0,1,8.576183,12.017129
Kano,kano,Dakata Cikin Gari Layin Gidan Dan Gezawa,,settlement,grid3,Dakata,Nassarawa,Kano,0,1,8.579111,12.017998
Kano,kano,Dakata Cikin Gari Samaila Mai Biskit,,settlement,grid3,Dakata,Nassarawa,Kano,0,1,8.580572,12.016256
Kano,kano,Dakata Cikin Gari Shehu Taga,,settlement,grid3,Dakata,Nassarawa,Kano,0,1,8.577695,12.018536
Kano,kano,Dakata Layin Abuga Mai Nama Street,,settlement,grid3,Dakata,Nassarawa,Kano,0,1,8.5771,12.016096
Kano,kano,Dakata Layin Alhaji Adamu,,settlement,grid3,Dakata,Nassarawa,Kano,0,1,8.575527,12.017197
Kano,kano,Dakata Layin Church,,settlement,grid3,Dakata,Nassarawa,Kano,0,1,8.577823,12.021177
Kano,kano,Dakata Layin Dajiya Hauwa Mai Soda,,settlement,grid3,Dakata,Nassarawa,Kano,0,1,8.577989,12.020799
Kano,kano,Dakata Layin Jummai Street,,settlement,grid3,Dakata,Nassarawa,Kano,0,1,8.584051,12.035778
Kano,kano,Dakata Layin Kango Wawo Street,,settlement,grid3,Dakata,Nassarawa,Kano,0,1,8.577989,12.022944
Kano,kano,Dakata Layin Sani Mai Allura,,settlement,grid3,Dakata,Nassarawa,Kano,0,1,8.578386,12.022376
Kano,kano,Dakata Yan Katako Layin Yan Katako,,settlement,grid3,Dakata,Nassarawa,Kano,0,1,8.579575,12.020581
Kano,kano,Dakata Yankatako Layin Asibitin Ja'afar,,settlement,grid3,Dakata,Nassarawa,Kano,0,1,8.579849,12.019098
Kano,kano,Dakata Yankatako Layin Bayan Makaranta,,settlement,grid3,Dakata,Nassarawa,Kano,0,1,8.579229,12.021158
Kano,kano,Dakata Yankatako Layin Na Maliya,,settlement,grid3,Dakata,Nassarawa,Kano,0,1,8.57941,12.021633
Kano,kano,Dakin Dan Bera,,settlement,grid3,Tudun Murtala,Nassarawa,Kano,0,1,8.572408,12.039443
Kano,kano,Dakkawa,,settlement,grid3,Rijiyar Zaki,Ungogo,Kano,0,1,8.444026,12.002858
Kano,kano,Dala Daurawa,,settlement,grid3,Kofar Mazugal,Dala,Kano,0,1,8.514674,12.008566
Kano,kano,Dala Layin Asibitin Mai Unguwa Garba,,settlement,grid3,Dala,Dala,Kano,0,1,8.506069,12.008021
Kano,kano,Dala Layin Baba Dala,,settlement,grid3,Dala,Dala,Kano,0,1,8.507067,12.010413
Kano,kano,Dala Layin Bala D P O,,settlement,grid3,Dala,Dala,Kano,0,1,8.506329,12.007263
Kano,kano,Dala Layin Mai Unguwar Dala,,settlement,grid3,Dala,Dala,Kano,0,1,8.506977,12.008099
Kano,kano,Dala Layin Makarantar Malam Abdurrahman,,settlement,grid3,Dala,Dala,Kano,0,1,8.50868,12.005976
Kano,kano,Dala Layin Masudu,,settlement,grid3,Dala,Dala,Kano,0,1,8.504824,12.009731
Kano,kano,Dala Layin Sarkin Guragu,,settlement,grid3,Dala,Dala,Kano,0,1,8.507798,12.003684
Kano,kano,Dala Layin Sarkin Yaki,,settlement,grid3,Kabuwaya,Dala,Kano,0,1,8.505291,12.011641
Kano,kano,Dala Layin Yar Madabo,,settlement,grid3,Dala,Dala,Kano,0,1,8.507715,12.008135
Kano,kano,Dala Sarari,,settlement,grid3,Kofar Mazugal,Dala,Kano,0,1,8.515483,12.010987
Kano,kano,Dama Gari,,settlement,grid3,Rangaza,Ungogo,Kano,0,1,8.602295,12.047729
Kano,kano,Dambattaa Way,,settlement,grid3,Sabon Gari East,Fagge,Kano,0,1,8.543408,12.018046
Kano,kano,Dambo Road A,,settlement,grid3,Sani Mai Nagge,Gwale,Kano,0,1,8.492916,11.981177
Kano,kano,Dambo Road B,,settlement,grid3,Sani Mai Nagge,Gwale,Kano,0,1,8.492596,11.983732
Kano,kano,Dan Amarya,,settlement,grid3,Unguwar Gano,Tarauni,Kano,0,1,8.560803,11.940058
Kano,kano,Dan Bala Street,,settlement,grid3,Kabuga,Gwale,Kano,0,1,8.492007,11.990388
Kano,kano,Dan Bare Cikin Gari,,settlement,grid3,Danbare,Kumbotso,Kano,0,1,8.443289,11.961479
Kano,kano,Dan Dinshen Gabas A,,settlement,grid3,Kofar Ruwa,Dala,Kano,0,1,8.488071,12.024687
Kano,kano,Dan Dinshen Gabas B,,settlement,grid3,Kofar Ruwa,Dala,Kano,0,1,8.489086,12.024846
Kano,kano,Dan Dinshen Yamma,,settlement,grid3,Kofar Ruwa,Dala,Kano,0,1,8.48101,12.018026
Kano,kano,Dan Diyo,,settlement,grid3,Bachirawa,Ungogo,Kano,0,1,8.468791,12.047691
Kano,kano,Dan Goro Abaji,,settlement,grid3,Unguwar Rimi,Kumbotso,Kano,0,1,8.547151,11.9025
Kano,kano,Dan Goro Bakin Kasuwa,,settlement,grid3,Unguwar Rimi,Kumbotso,Kano,0,1,8.546111,11.904257
Kano,kano,Dan Hausa,,settlement,grid3,Tarauni,Tarauni,Kano,0,1,8.546568,11.976173
Kano,kano,Dan Jimmai Kansila,,settlement,grid3,Gwale,Gwale,Kano,0,1,8.515495,11.985422
Kano,kano,Dan Kafin Line,,settlement,grid3,Gwagwarwa,Nassarawa,Kano,0,1,8.540976,12.029127
Kano,kano,Dan Kargo,,settlement,grid3,Zango (Ungogo),Ungogo,Kano,0,1,8.568521,12.044146
Kano,kano,Dan Kargo Makoda,,settlement,grid3,Kaura Goje,Nassarawa,Kano,0,1,8.55537,12.039509
Kano,kano,Dan Kauye,,settlement,grid3,Bachirawa,Ungogo,Kano,0,1,8.465415,12.05542
Kano,kano,Dan Lungu,,settlement,grid3,Bachirawa,Ungogo,Kano,0,1,8.423513,12.05412
Kano,kano,Dan Maliki Unguwar Mani,,settlement,grid3,Dan Maliki,Kumbotso,Kano,0,1,8.512337,11.926228
Kano,kano,Dan Podio,,settlement,grid3,Dan Maliki,Kumbotso,Kano,0,1,8.525314,11.952911
Kano,kano,Dan Rimi A,,settlement,grid3,Kwachiri,Fagge,Kano,0,1,8.484593,12.052555
Kano,kano,Dan Rimi Arewa Layin Gidan Salisu,,settlement,grid3,Kadawa,Ungogo,Kano,0,1,8.487515,12.056894
Kano,kano,Dan Rimi B,,settlement,grid3,Kwachiri,Fagge,Kano,0,1,8.486131,12.05281
Kano,kano,Dan Rimi C,,settlement,grid3,Kwachiri,Fagge,Kano,0,1,8.486622,12.052686
Kano,kano,Dan Rimi D,,settlement,grid3,Kwachiri,Fagge,Kano,0,1,8.487336,12.053021
Kano,kano,Dan Rimi Layin Masallaci,,settlement,grid3,Kwachiri,Fagge,Kano,0,1,8.487065,12.050719
Kano,kano,Dan Rimi Layin Transformer,,settlement,grid3,Kwachiri,Fagge,Kano,0,1,8.484664,12.051755
Kano,kano,Dan Sarkin Kura,,settlement,grid3,Goron Dutse,Gwale,Kano,0,1,8.492327,12.004242
Kano,kano,Dan Sokoto,,settlement,grid3,Tudun Wada,Nassarawa,Kano,0,1,8.556885,12.026123
Kano,kano,Dan Tsinke Turba,,settlement,grid3,Darmanawa,Tarauni,Kano,0,1,8.537766,11.93537
Kano,kano,Dan Tsito,,settlement,grid3,Kabuga,Gwale,Kano,0,1,8.4733,12.02
Kano,kano,Dan Yaragi Layin Alhaji Saadu Kansila Kusada Makaranta,,settlement,grid3,Kawaji,Nassarawa,Kano,0,1,8.589447,12.019465
Kano,kano,Dan Yaragi Layin Gidan Bulo Kusada Titi,,settlement,grid3,Kawaji,Nassarawa,Kano,0,1,8.588583,12.021693
Kano,kano,Dan Yargi Layin Mai Beetle Kusar da Nepa,,settlement,grid3,Kawaji,Nassarawa,Kano,0,1,8.589909,12.021089
Kano,kano,Danaro A,,settlement,grid3,Tudun Fulani,Ungogo,Kano,0,1,8.433349,12.024921
Kano,kano,Danbare Unguwar Gabas,,settlement,grid3,Danbare,Kumbotso,Kano,0,1,8.437364,11.95915
Kano,kano,Danchadi,,settlement,grid3,Tarauni,Tarauni,Kano,0,1,8.554189,11.979671
Kano,kano,Dandaji Bayan Makaranta S Shuaibu,,settlement,grid3,Yammata,Fagge,Kano,0,1,8.478698,12.066956
Kano,kano,Dandaji Quarters,,settlement,grid3,Dan Maliki,Kumbotso,Kano,0,1,8.523119,11.950227
Kano,kano,Dandalama Avenue,,settlement,grid3,Sani Mai Nagge,Gwale,Kano,0,1,8.496271,11.982781
Kano,kano,Dandali,,settlement,grid3,Fagge B,Fagge,Kano,0,1,8.530175,12.007217
Kano,kano,Dandinshe Yamma B,,settlement,grid3,Kabuga,Gwale,Kano,0,1,8.493349,12.014474
Kano,kano,Dandominka,,settlement,grid3,Tudun Fulani,Ungogo,Kano,0,1,8.461367,12.017684
Kano,kano,Daneji A,,settlement,grid3,She She,Kano Municipal,Kano,0,1,8.514805,11.995167
Kano,kano,Daneji B,,settlement,grid3,She She,Kano Municipal,Kano,0,1,8.513633,11.995354
Kano,kano,Danfulani,,settlement,grid3,Babban Giji,Tarauni,Kano,0,1,8.53622,11.965215
Kano,kano,Danfulani Baso,,settlement,grid3,Babban Giji,Tarauni,Kano,0,1,8.535362,11.96557
Kano,kano,Danfulani Nasiriyya,,settlement,grid3,Babban Giji,Tarauni,Kano,0,1,8.537099,11.966058
Kano,kano,Danfulani Yamma,,settlement,grid3,Babban Giji,Tarauni,Kano,0,1,8.534698,11.964614
Kano,kano,Dangara,,settlement,grid3,Gayawa,Ungogo,Kano,0,1,8.551559,12.083362
Kano,kano,Dangi,,settlement,grid3,Gyadi Gyadi Arewa,Tarauni,Kano,0,1,8.538937,11.977294
Kano,kano,Dangi Roundabout,,roundabout,osm,Tarauni,Tarauni,Kano,0,1,8.540326,11.97929
Kano,kano,Dango,,settlement,grid3,Bachirawa,Ungogo,Kano,0,1,8.443298,12.03772
Kano,kano,Dangora Avenue,,settlement,grid3,Sani Mai Nagge,Gwale,Kano,0,1,8.492383,11.982577
Kano,kano,Danja,,settlement,grid3,Chalawa,Kumbotso,Kano,0,1,8.422729,11.90448
Kano,kano,Danja Gidan Liman,,settlement,grid3,Chalawa,Kumbotso,Kano,0,1,8.420105,11.906128
Kano,kano,Danja Ungwar Wanzamai,,settlement,grid3,Chalawa,Kumbotso,Kano,0,1,8.423198,11.904775
Kano,kano,Danjirima,,settlement,grid3,Danbare,Kumbotso,Kano,0,1,8.421778,11.936291
Kano,kano,Dankaba Line,,settlement,grid3,Rijiyar Zaki,Ungogo,Kano,0,1,8.453143,11.978463
Kano,kano,Dankirkir,,settlement,grid3,Rangaza,Ungogo,Kano,0,1,8.626376,12.072476
Kano,kano,Dankunkuru Arewa,,settlement,grid3,Gayawa,Ungogo,Kano,0,1,8.567078,12.064087
Kano,kano,Dankunkuru Yamma,,settlement,grid3,Gayawa,Ungogo,Kano,0,1,8.572327,12.069519
Kano,kano,Danladi Nasidi,,town,osm,Mariri,Kumbotso,Kano,0,1,8.62063,11.9349
Kano,kano,Danmaliki Dundubus,,settlement,grid3,Dan Maliki,Kumbotso,Kano,0,1,8.506309,11.913858
Kano,kano,Danrimi,,settlement,grid3,Dandago,Gwale,Kano,0,1,8.507553,11.994963
Kano,kano,Danrimi Arewa Layin Kuka,,settlement,grid3,Kadawa,Ungogo,Kano,0,1,8.485474,12.062683
Kano,kano,Danrimi Gabas,,settlement,grid3,Kadawa,Ungogo,Kano,0,1,8.489423,12.056111
Kano,kano,Danrimi Gabas Layin Mallam Habu,,settlement,grid3,Kadawa,Ungogo,Kano,0,1,8.485701,12.072022
Kano,kano,Danshilla,,settlement,grid3,Bachirawa,Ungogo,Kano,0,1,8.462443,12.049443
Kano,kano,Dantata Estate,,settlement,grid3,Kwachiri,Fagge,Kano,0,1,8.491854,12.036752
Kano,kano,Dantata Quarters,,settlement,grid3,Naibawa,Kumbotso,Kano,0,1,8.541321,11.897888
Kano,kano,Danwawu,,settlement,grid3,Fagge B,Fagge,Kano,0,1,8.530886,12.00671
Kano,kano,Danzomo Road,,settlement,grid3,Sani Mai Nagge,Gwale,Kano,0,1,8.495517,11.983035
Kano,kano,Darawa,,settlement,grid3,Panshekara,Kumbotso,Kano,0,1,8.460429,11.913583
Kano,kano,Darma Baba,,settlement,grid3,Chedi,Kano Municipal,Kano,0,1,8.517547,12.001785
Kano,kano,Darma Karama,,settlement,grid3,Shahuchi,Kano Municipal,Kano,0,1,8.517202,12.003039
Kano,kano,Darmanawa Gabas,,settlement,grid3,Darmanawa,Tarauni,Kano,0,1,8.551084,11.954179
Kano,kano,Darmanawa Yamma,,settlement,grid3,Darmanawa,Tarauni,Kano,0,1,8.544922,11.945496
Kano,kano,Datsa,,settlement,grid3,Kabuwaya,Dala,Kano,0,1,8.50768,12.012746
Kano,kano,Datti Bakin Shara,,settlement,grid3,Dan Maliki,Kumbotso,Kano,0,1,8.536671,11.956231
Kano,kano,Daura Street,,settlement,grid3,Sabon Gari West,Fagge,Kano,0,1,8.533578,12.029663
Kano,kano,Daurawa,,settlement,grid3,Ungogo,Ungogo,Kano,0,1,8.481934,12.104487
Kano,kano,Daurawa A Gidan Bebben Alasan,,settlement,grid3,Kofar Mazugal,Dala,Kano,0,1,8.514305,12.00963
Kano,kano,Daurawa A Layin Babban Gulu,,settlement,grid3,Kofar Mazugal,Dala,Kano,0,1,8.514151,12.008691
Kano,kano,Daurawa A Layin Mai Unguwa,,settlement,grid3,Kofar Mazugal,Dala,Kano,0,1,8.514919,12.008602
Kano,kano,Daurawa A Layin Mujitapha,,settlement,grid3,Kofar Mazugal,Dala,Kano,0,1,8.51498,12.009005
Kano,kano,Daurawa B Layin Danjuma Mai Fata,,settlement,grid3,Kofar Mazugal,Dala,Kano,0,1,8.514067,12.009432
Kano,kano,Daurawa B Layin Mai Unguwa,,settlement,grid3,Kofar Mazugal,Dala,Kano,0,1,8.514824,12.008839
Kano,kano,Daurawa B Layin Wanzamai,,settlement,grid3,Kofar Mazugal,Dala,Kano,0,1,8.513757,12.008911
Kano,kano,Daurawa Gidan Mai Unguwa,,settlement,grid3,Daurawa,Tarauni,Kano,0,1,8.557005,11.970783
Kano,kano,Dausara Cikin Gari,,settlement,grid3,Yada Kunya,Ungogo,Kano,0,1,8.585814,12.074181
Kano,kano,Dausayi,,settlement,grid3,Goron Dutse,Gwale,Kano,0,1,8.50592,11.996277
Kano,kano,Dausayi Cikin Gari,,settlement,grid3,Rijiyar Zaki,Ungogo,Kano,0,1,8.445223,12.013438
Kano,kano,Dausayi Gabas,,settlement,grid3,Rijiyar Zaki,Ungogo,Kano,0,1,8.445679,12.013672
Kano,kano,Dausayi Gidan Maigari,,settlement,grid3,Rijiyar Zaki,Ungogo,Kano,0,1,8.431893,12.006764
Kano,kano,Dawakin Dakata Arewaci,,settlement,grid3,Zango (Ungogo),Ungogo,Kano,0,1,8.580299,12.037474
Kano,kano,Dawakin Dakata Babban Layin,,settlement,grid3,Dakata,Nassarawa,Kano,0,1,8.584723,12.035185
Kano,kano,Dawakin Dakata Bus Stop Layin Mai Kudi Motion,,settlement,grid3,Zango (Ungogo),Ungogo,Kano,0,1,8.581897,12.035856
Kano,kano,Dawakin Dakata Dambo Gabas Layin Danladi Chop Layin Alh Gali,,settlement,grid3,Dakata,Nassarawa,Kano,0,1,8.586042,12.037204
Kano,kano,Dawakin Dakata Dambo Gabas Layin Gidan Nasiru Me Mai Bakin Titi,,settlement,grid3,Dakata,Nassarawa,Kano,0,1,8.5847,12.037573
Kano,kano,Dawakin Dakata Dambo Gabas Layin Uba Dambo Layin Chuchi,,settlement,grid3,Dakata,Nassarawa,Kano,0,1,8.585107,12.037035
Kano,kano,Dawakin Dakata Dambo Layin Mai Unguwa Idris Shehu,,settlement,grid3,Dakata,Nassarawa,Kano,0,1,8.586605,12.036635
Kano,kano,Dawakin Dakata Fuskar Kudu Layin Auwalu Nepa,,settlement,grid3,Dakata,Nassarawa,Kano,0,1,8.584061,12.031352
Kano,kano,Dawakin Dakata Fuskar Kudu Layin Bayan Hallbon Primary School,,settlement,grid3,Dakata,Nassarawa,Kano,0,1,8.581732,12.032533
Kano,kano,Dawakin Dakata Fuskar Kudu Layin Malama Hafsat,,settlement,grid3,Dakata,Nassarawa,Kano,0,1,8.582715,12.030854
Kano,kano,Dawakin Dakata Fuskar Kudu Layin Police Station,,settlement,grid3,Dakata,Nassarawa,Kano,0,1,8.58186,12.032129
Kano,kano,Dawakin Dakata Gabas I,,settlement,grid3,Dakata,Nassarawa,Kano,0,1,8.5834,12.0328
Kano,kano,Dawakin Dakata Gabas II,,settlement,grid3,Dakata,Nassarawa,Kano,0,1,8.585344,12.035678
Kano,kano,Dawakin Dakata Layin Ahmadu Mai Tiifa,,settlement,grid3,Dakata,Nassarawa,Kano,0,1,8.584134,12.036325
Kano,kano,Dawakin Dakata Layin Alalace,,settlement,grid3,Dakata,Nassarawa,Kano,0,1,8.585467,12.035952
Kano,kano,Dawakin Dakata Layin Alh Garba Mai Kaji,,settlement,grid3,Dakata,Nassarawa,Kano,0,1,8.582616,12.034078
Kano,kano,Dawakin Dakata Layin Alh Shitu,,settlement,grid3,Dakata,Nassarawa,Kano,0,1,8.582482,12.034555
Kano,kano,Dawakin Dakata Layin Audu Baka Noma,,settlement,grid3,Dakata,Nassarawa,Kano,0,1,8.582023,12.032639
Kano,kano,Dawakin Dakata Layin Burtsatsen Mai Unguwa,,settlement,grid3,Dakata,Nassarawa,Kano,0,1,8.582466,12.034937
Kano,kano,Dawakin Dakata Layin Chiromawa,,settlement,grid3,Dakata,Nassarawa,Kano,0,1,8.582214,12.034089
Kano,kano,Dawakin Dakata Layin Hamza Jakai,,settlement,grid3,Dakata,Nassarawa,Kano,0,1,8.585051,12.03362
Kano,kano,Dawakin Dakata Layin Lima,,settlement,grid3,Dakata,Nassarawa,Kano,0,1,8.584653,12.031664
Kano,kano,Dawakin Dakata Layin Liman Babban Layi,,settlement,grid3,Dakata,Nassarawa,Kano,0,1,8.585042,12.034076
Kano,kano,Dawakin Dakata Layin Mai Unguwa Dawaki,,settlement,grid3,Dakata,Nassarawa,Kano,0,1,8.582909,12.034896
Kano,kano,Dawakin Dakata Layin Malam Muhd Bakin Titi Kusa da Chemist,,settlement,grid3,Dakata,Nassarawa,Kano,0,1,8.582436,12.035975
Kano,kano,Dawakin Dakata Layin Masallacin Juma'a,,settlement,grid3,Dakata,Nassarawa,Kano,0,1,8.583239,12.036113
Kano,kano,Dawakin Dakata Layin Muhd,,settlement,grid3,Dakata,Nassarawa,Kano,0,1,8.585775,12.034089
Kano,kano,Dawakin Dakata Layin Nababa Kafinta,,settlement,grid3,Dakata,Nassarawa,Kano,0,1,8.585705,12.034422
Kano,kano,Dawakin Dakata Layin Osi Mai Tayota,,settlement,grid3,Dakata,Nassarawa,Kano,0,1,8.587746,12.036132
Kano,kano,Dawakin Dakata Layin Ramin Fako,,settlement,grid3,Dakata,Nassarawa,Kano,0,1,8.582935,12.035785
Kano,kano,Dawakin Dakata Layin Suleiman Opp Masallacin,,settlement,grid3,Dakata,Nassarawa,Kano,0,1,8.585947,12.034433
Kano,kano,Dawakin Dakata Layin Yanbiyu Mai Nama,,settlement,grid3,Dakata,Nassarawa,Kano,0,1,8.585307,12.03397
Kano,kano,Dawakin Dakata Makaranta Yamma Layin Malan Nabola,,settlement,grid3,Dakata,Nassarawa,Kano,0,1,8.583873,12.03463
Kano,kano,Dawakin Dakata Unguwar Liman,,settlement,grid3,Dakata,Nassarawa,Kano,0,1,8.585845,12.032314
Kano,kano,Dawakin Dakata Yamma Layin Mai Unguwa,,settlement,grid3,Dakata,Nassarawa,Kano,0,1,8.581881,12.033587
Kano,kano,Dawakin Dakata Yammachi,,settlement,grid3,Zango (Ungogo),Ungogo,Kano,0,1,8.57984,12.035784
Kano,kano,Dawakin Dakata Yammaci Layin Arraihan,,settlement,grid3,Dakata,Nassarawa,Kano,0,1,8.581421,12.034117
Kano,kano,Dawakin Yan Malam,,settlement,grid3,Dakata,Nassarawa,Kano,0,1,8.583996,12.032543
Kano,kano,Dawan Kuka,,settlement,grid3,Kadawa,Ungogo,Kano,0,1,8.447327,12.079285
Kano,kano,Delu Mai Salad,,settlement,grid3,Fagge B,Fagge,Kano,0,1,8.529284,12.004265
Kano,kano,Diga Yan Nama,,settlement,grid3,Fagge A,Fagge,Kano,0,1,8.537566,12.000344
Kano,kano,Dillalai Dorawa,,settlement,grid3,Tudun Fulani,Ungogo,Kano,0,1,8.481155,12.040328
Kano,kano,Dirimin Sambo,,settlement,grid3,Dandago,Gwale,Kano,0,1,8.508272,11.99585
Kano,kano,Dogarai Layin Mai Unguwa,,settlement,grid3,Kan Karofi,Kano Municipal,Kano,0,1,8.521912,11.989014
Kano,kano,Dogo Karfe,,settlement,grid3,Zango (Ungogo),Ungogo,Kano,0,1,8.581482,12.037903
Kano,kano,Dogon Layi,,settlement,grid3,Fagge B,Fagge,Kano,0,1,8.529345,12.00386
Kano,kano,Dogon Marke,,settlement,grid3,Fanisau,Ungogo,Kano,0,1,8.53753,12.080743
Kano,kano,Dogon Nama,,settlement,grid3,Yalwa,Dala,Kano,0,1,8.503601,12.004524
Kano,kano,Doka,,settlement,grid3,Ungogo,Ungogo,Kano,0,1,8.470667,12.095097
Kano,kano,Dorawa,,settlement,grid3,Gwagwarwa,Nassarawa,Kano,0,1,8.545499,12.02844
Kano,kano,Dorawar Makaho,,settlement,grid3,Bachirawa,Ungogo,Kano,0,1,8.459657,12.061572
Kano,kano,Dorawar Street,,settlement,grid3,Sabon Gari West,Fagge,Kano,0,1,8.528687,12.014709
Kano,kano,Dorawar Yan Kifi,,settlement,grid3,Rijiyar Zaki,Ungogo,Kano,0,1,8.464315,12.002561
Kano,kano,Dorawar Yan Kifi,,village,osm,Tudun Fulani,Ungogo,Kano,0,1,8.466137,12.005602
Kano,kano,Dorayi,,settlement,grid3,Fanisau,Ungogo,Kano,0,1,8.542886,12.078035
Kano,kano,Dorayi A,,settlement,grid3,Zango (Municipal),Kano Municipal,Kano,0,1,8.521253,12.002038
Kano,kano,Dorayi B,,settlement,grid3,Zango (Municipal),Kano Municipal,Kano,0,1,8.521125,12.001274
Kano,kano,Dorayi Babba Unguwar Liman,,settlement,grid3,Dorayi,Gwale,Kano,0,1,8.464743,11.975863
Kano,kano,Dorayi Karshen Waya,,settlement,grid3,Dorayi,Gwale,Kano,0,1,8.480681,11.965609
Kano,kano,Dorowa Line,,settlement,grid3,Rijiyar Zaki,Ungogo,Kano,0,1,8.444275,12.013123
Kano,kano,Dotsa,,village,osm,Naibawa,Kumbotso,Kano,0,1,8.54152,11.907
Kano,kano,Dr Sani Yakassai Street,,settlement,grid3,Sani Mai Nagge,Gwale,Kano,0,1,8.49174,11.986738
Kano,kano,Dr Walla Line,,settlement,grid3,Rijiyar Zaki,Ungogo,Kano,0,1,8.447447,11.976757
Kano,kano,Dukawa,,settlement,grid3,Chalawa,Kumbotso,Kano,0,1,8.439885,11.926495
Kano,kano,Dukawa,,settlement,grid3,Rangaza,Ungogo,Kano,0,1,8.635289,12.075577
Kano,kano,Dukawa Bakin Titi,,settlement,grid3,Zaitawa,Kano Municipal,Kano,0,1,8.516804,12.005666
Kano,kano,Dukawa Gidan Mai Unguwa,,settlement,grid3,Tudun Nufawa,Kano Municipal,Kano,0,1,8.517811,12.005186
Kano,kano,Dukukuwa,,settlement,grid3,Kadawa,Ungogo,Kano,0,1,8.481875,12.069755
Kano,kano,Dukurawa,,settlement,grid3,Dala,Dala,Kano,0,1,8.507443,12.003778
Kano,kano,Dukurawa Layin Hashimu Mai Kifi,,settlement,grid3,Dala,Dala,Kano,0,1,8.507634,12.004945
Kano,kano,Dukurawa Layin Rabi Mai Shinkafa,,settlement,grid3,Dala,Dala,Kano,0,1,8.508424,12.004646
Kano,kano,Dundubus,,settlement,grid3,Rangaza,Ungogo,Kano,0,1,8.616196,12.07557
Kano,kano,Dungu,,settlement,grid3,Bachirawa,Ungogo,Kano,0,1,8.443017,12.040868
Kano,kano,Duni South,,settlement,grid3,Fagge D1,Fagge,Kano,0,1,8.52533,12.009521
Kano,kano,Duni Street,,settlement,grid3,Fagge D1,Fagge,Kano,0,1,8.527294,12.010257
Kano,kano,Duni Street,,settlement,grid3,Fagge B,Fagge,Kano,0,1,8.52805,12.006419
Kano,kano,Duniyar Yan Garuwa,,settlement,grid3,Gobirawa,Dala,Kano,0,1,8.476329,12.027497
Kano,kano,Durumi Zungura,,settlement,grid3,Kan Karofi,Kano Municipal,Kano,0,1,8.528016,11.992355
Kano,kano,Durumi Zungura Gidan Umar Jega,,settlement,grid3,Kan Karofi,Kano Municipal,Kano,0,1,8.528066,11.99188
Kano,kano,Durumi Zungura Layin Mai Unguwa,,settlement,grid3,Kan Karofi,Kano Municipal,Kano,0,1,8.525724,11.992641
Kano,kano,Durumi Zungura Layin Yar Magaji,,settlement,grid3,Kan Karofi,Kano Municipal,Kano,0,1,8.526638,11.992364
Kano,kano,Durumin Ali Dabi,,settlement,grid3,Jakara,Kano Municipal,Kano,0,1,8.512378,12.005076
Kano,kano,Durumin Baki,,settlement,grid3,Mandawari,Gwale,Kano,0,1,8.512893,11.995145
Kano,kano,Durumin Daje,,settlement,grid3,Adakawa,Dala,Kano,0,1,8.513014,12.007185
Kano,kano,Durumin Iya B,,settlement,grid3,Yakasai,Kano Municipal,Kano,0,1,8.520795,11.993919
Kano,kano,Durumin Saude,,settlement,grid3,Gwale,Gwale,Kano,0,1,8.513936,11.985622
Kano,kano,Easthern By Pass,,settlement,grid3,Naibawa,Kumbotso,Kano,0,1,8.542916,11.916167
Kano,kano,Easy Line,,settlement,grid3,Zango (Ungogo),Ungogo,Kano,0,1,8.584159,12.041269
Kano,kano,Ecwa English Section,,settlement,grid3,Tudun Wada,Nassarawa,Kano,0,1,8.54535,12.016774
Kano,kano,Ecwa Hausa Section,,settlement,grid3,Tudun Wada,Nassarawa,Kano,0,1,8.54432,12.015879
Kano,kano,Ecwa Igbo Section,,settlement,grid3,Tudun Wada,Nassarawa,Kano,0,1,8.54509,12.014811
Kano,kano,Ecwa Mission Road,,settlement,grid3,Tudun Wada,Nassarawa,Kano,0,1,8.545018,12.018207
Kano,kano,Egbe Road By Aminu Road,,settlement,grid3,Sabon Gari West,Fagge,Kano,0,1,8.52827,12.020246
Kano,kano,Egbe Road By Ballat Hughes,,settlement,grid3,Sabon Gari West,Fagge,Kano,0,1,8.528022,12.025632
Kano,kano,Egbe Road By Deeper Life,,settlement,grid3,Sabon Gari West,Fagge,Kano,0,1,8.528098,12.020599
Kano,kano,Egbe Road By Deeper Life Junction,,settlement,grid3,Sabon Gari West,Fagge,Kano,0,1,8.528401,12.022037
Kano,kano,Egbe Road By Gold Coast,,settlement,grid3,Sabon Gari West,Fagge,Kano,0,1,8.528648,12.023689
Kano,kano,Egbe Road By Weather Head,,settlement,grid3,Sabon Gari West,Fagge,Kano,0,1,8.528408,12.023472
Kano,kano,Egbe Road Deeper Life,,settlement,grid3,Fagge D2,Fagge,Kano,0,1,8.527914,12.020994
Kano,kano,Emir Road,,settlement,grid3,Sabon Gari East,Fagge,Kano,0,1,8.536697,12.017542
Kano,kano,Emir Road,,settlement,grid3,Sabon Gari West,Fagge,Kano,0,1,8.53342,12.017568
Kano,kano,Emirs Palace,,settlement,grid3,Tudun Wazurchi,Kano Municipal,Kano,0,1,8.519286,11.990209
Kano,kano,Enugu By Igbo Road,,settlement,grid3,Sabon Gari East,Fagge,Kano,0,1,8.539838,12.022125
Kano,kano,Enugu Road,,settlement,grid3,Sabon Gari West,Fagge,Kano,0,1,8.534083,12.021906
Kano,kano,Enugu Road,,settlement,grid3,Sabon Gari East,Fagge,Kano,0,1,8.537871,12.022061
Kano,kano,Enugu Road By Court Road,,settlement,grid3,Sabon Gari West,Fagge,Kano,0,1,8.532896,12.021935
Kano,kano,Estate,,settlement,grid3,Dorayi,Gwale,Kano,0,1,8.466097,11.976044
Kano,kano,Faan Quaters,,settlement,grid3,Kwachiri,Fagge,Kano,0,1,8.51773,12.031497
Kano,kano,Fadama,,settlement,grid3,Chiranchi,Kumbotso,Kano,0,1,8.478597,11.948895
Kano,kano,Fagen Barewa Layin Ibrahim Near Kamal Mai Kati,,settlement,grid3,Kawaji,Nassarawa,Kano,0,1,8.604554,12.008604
Kano,kano,Fagen Barewa Layin Joni Gidan Malam Isyaku,,settlement,grid3,Kawaji,Nassarawa,Kano,0,1,8.601619,12.007663
Kano,kano,Fagen Barewa Layin Maikaba Gidam Malam Sani,,settlement,grid3,Kawaji,Nassarawa,Kano,0,1,8.603817,12.008193
Kano,kano,Fagen Barewa Layin Yakubu Usman,,settlement,grid3,Kawaji,Nassarawa,Kano,0,1,8.603696,12.008541
Kano,kano,Fagga Bayan Dan Wawu Avenue,,settlement,grid3,Fagge B,Fagge,Kano,0,1,8.531689,12.0065
Kano,kano,Faki Layim Fatihu Shop,,settlement,grid3,Dorayi,Gwale,Kano,0,1,8.471414,11.955807
Kano,kano,Fako,,settlement,grid3,Dorayi,Gwale,Kano,0,1,8.474915,11.95752
Kano,kano,Fako,,settlement,grid3,Zango (Ungogo),Ungogo,Kano,0,1,8.56889,12.045975
Kano,kano,Fako Kudu,,settlement,grid3,Dorayi,Gwale,Kano,0,1,8.470276,11.955872
Kano,kano,Falali,,settlement,grid3,Rangaza,Ungogo,Kano,0,1,8.593456,12.039402
Kano,kano,Falgareji,,settlement,grid3,Tudun Fulani,Ungogo,Kano,0,1,8.482752,12.037493
Kano,kano,Famfon Dan Yobe,,settlement,grid3,Unguwa Uku Kauyen Alu,Tarauni,Kano,0,1,8.571392,11.954362
Kano,kano,Famfon Gabas,,settlement,grid3,Dogon Nama,Dala,Kano,0,1,8.50087,11.998672
Kano,kano,Famfon Ganda,,settlement,grid3,Kantudu,Dala,Kano,0,1,8.509661,12.010906
Kano,kano,Fanfon Dangalura,,settlement,grid3,Goron Dutse,Gwale,Kano,0,1,8.505904,11.996022
Kano,kano,Fanisau Bayan Dutse,,settlement,grid3,Fanisau,Ungogo,Kano,0,1,8.543352,12.079741
Kano,kano,Fanisau Kofar Gabas,,settlement,grid3,Fanisau,Ungogo,Kano,0,1,8.543338,12.080579
Kano,kano,Farawa Cikin Gari,,settlement,grid3,Mariri,Kumbotso,Kano,0,1,8.600193,11.963999
Kano,kano,Farawa Gabas,,settlement,grid3,Mariri,Kumbotso,Kano,0,1,8.606722,11.958444
Kano,kano,Farawa Layin Ladan,,settlement,grid3,Mariri,Kumbotso,Kano,0,1,8.60331,11.962424
Kano,kano,Farin Bene,,settlement,grid3,Gobirawa,Dala,Kano,0,1,8.483205,12.030308
Kano,kano,Farin Masallaci,,settlement,grid3,Tudun Fulani,Ungogo,Kano,0,1,8.477354,12.037086
Kano,kano,Fatima Bread,,settlement,grid3,Chiranchi,Kumbotso,Kano,0,1,8.470558,11.93387
Kano,kano,Fatima Photo Line,,settlement,grid3,Rijiyar Zaki,Ungogo,Kano,0,1,8.451346,11.976624
Kano,kano,Federal Quarters,,settlement,grid3,Naibawa,Kumbotso,Kano,0,1,8.539564,11.89462
Kano,kano,Fedi,,settlement,grid3,Bachirawa,Ungogo,Kano,0,1,8.436568,12.051687
Kano,kano,Fegi 1,,settlement,grid3,Sharada,Kano Municipal,Kano,0,1,8.505022,11.970868
Kano,kano,Fegin Alhazai,,settlement,grid3,Bachirawa,Ungogo,Kano,0,1,8.434179,12.056967
Kano,kano,Fegin Alhazu,,settlement,grid3,Bachirawa,Ungogo,Kano,0,1,8.42591,12.05754
Kano,kano,Fegin Dabaro A,,settlement,grid3,Tudun Fulani,Ungogo,Kano,0,1,8.436403,12.025507
Kano,kano,Fegin Kanwa,,settlement,grid3,Ungogo,Ungogo,Kano,0,1,8.507052,12.127832
Kano,kano,Fegin Liman,,settlement,grid3,Tudun Fulani,Ungogo,Kano,0,1,8.424941,12.025301
Kano,kano,Festing,,settlement,grid3,Sabon Gari West,Fagge,Kano,0,1,8.529474,12.01772
Kano,kano,Festing By New Road,,settlement,grid3,Sabon Gari West,Fagge,Kano,0,1,8.52948,12.017273
Kano,kano,Festing Road,,settlement,grid3,Sabon Gari West,Fagge,Kano,0,1,8.529457,12.018111
Kano,kano,Festing Road By Burma Road,,settlement,grid3,Sabon Gari West,Fagge,Kano,0,1,8.529499,12.018459
Kano,kano,Fgc A,,settlement,grid3,Unguwar Gano,Tarauni,Kano,0,1,8.563762,11.947518
Kano,kano,Fgc B,,settlement,grid3,Unguwar Gano,Tarauni,Kano,0,1,8.559831,11.944262
Kano,kano,Filin Alkama Burtalin Shanu,,settlement,grid3,Kaura Goje,Nassarawa,Kano,0,1,8.552575,12.049425
Kano,kano,Filin Alkama Layin Chediyar Dan Kashirya,,settlement,grid3,Kaura Goje,Nassarawa,Kano,0,1,8.553206,12.048203
Kano,kano,Filin Alkama Layin Dabinai,,settlement,grid3,Kaura Goje,Nassarawa,Kano,0,1,8.553619,12.048875
Kano,kano,Filin Alkama Layin Mai Unguwa Rabiu,,settlement,grid3,Kaura Goje,Nassarawa,Kano,0,1,8.552479,12.047221
Kano,kano,Filin Alkama Layin Masallacin Mai Kwaya,,settlement,grid3,Kaura Goje,Nassarawa,Kano,0,1,8.55345,12.048509
Kano,kano,Filin Alkama Layin Massalacin Malam,,settlement,grid3,Kaura Goje,Nassarawa,Kano,0,1,8.552936,12.048547
Kano,kano,Filin Alkama Layin Zabarmawa,,settlement,grid3,Kaura Goje,Nassarawa,Kano,0,1,8.554783,12.047735
Kano,kano,Filin Alkama Unguwar Dubai Layin Mohd,,settlement,grid3,Kaura Goje,Nassarawa,Kano,0,1,8.554233,12.047133
Kano,kano,Filin Alkama Zabarmawa Layin Zulyadaini,,settlement,grid3,Kaura Goje,Nassarawa,Kano,0,1,8.552051,12.049947
Kano,kano,Filin Alkama Zabarmawa Sanfat Nursery School,,settlement,grid3,Kaura Goje,Nassarawa,Kano,0,1,8.553965,12.048357
Kano,kano,Filin Alkamawa Unguwar Dubai Line Makaho,,settlement,grid3,Kaura Goje,Nassarawa,Kano,0,1,8.553015,12.047479
Kano,kano,Filin D O,,settlement,grid3,Galadanchi,Gwale,Kano,0,1,8.508705,11.989349
Kano,kano,Filin Daru A,,settlement,grid3,Dan Agundi,Kano Municipal,Kano,0,1,8.5197,11.982908
Kano,kano,Filin Dirimi,,settlement,grid3,Gobirawa,Dala,Kano,0,1,8.487696,12.035723
Kano,kano,Filin Ibb,,settlement,grid3,Babban Giji,Tarauni,Kano,0,1,8.537918,11.957216
Kano,kano,Filin Iraqi A,,settlement,grid3,Dan Agundi,Kano Municipal,Kano,0,1,8.524016,11.984463
Kano,kano,Filin Iyan Dala,,settlement,grid3,Gyaranya,Gwale,Kano,0,1,8.508431,11.999052
Kano,kano,Filin Jirgi,,settlement,grid3,Kwachiri,Fagge,Kano,0,1,8.513,12.0255
Kano,kano,Filin Kuka,,settlement,grid3,Tudun Fulani,Ungogo,Kano,0,1,8.476784,12.036011
Kano,kano,Filin Maawuya,,settlement,grid3,Tudun Fulani,Ungogo,Kano,0,1,8.477905,12.033081
Kano,kano,Filin Makera,,settlement,grid3,Goron Dutse,Gwale,Kano,0,1,8.507251,11.996425
Kano,kano,Filin Parking Layin Ramin Kwangila,,settlement,grid3,Dorayi,Gwale,Kano,0,1,8.47018,11.973623
Kano,kano,Filin Tsamiya,,settlement,grid3,Dorayi,Gwale,Kano,0,1,8.473334,11.955154
Kano,kano,Filin Wali A,,settlement,grid3,Dan Agundi,Kano Municipal,Kano,0,1,8.520691,11.983949
Kano,kano,Filin Wasa,,settlement,grid3,Diso,Gwale,Kano,0,1,8.514925,11.990179
Kano,kano,Folin Kuka,,settlement,grid3,Tudun Fulani,Ungogo,Kano,0,1,8.475082,12.035691
Kano,kano,France Raod,,settlement,grid3,Sabon Gari East,Fagge,Kano,0,1,8.534609,12.014623
Kano,kano,France Road By Court Road,,settlement,grid3,Sabon Gari East,Fagge,Kano,0,1,8.534886,12.014123
Kano,kano,France Road By Igbo Road,,settlement,grid3,Sabon Gari East,Fagge,Kano,0,1,8.539577,12.014287
Kano,kano,Free Town,,settlement,grid3,Sabon Gari West,Fagge,Kano,0,1,8.530273,12.020874
Kano,kano,Free Town Ansarudeen,,settlement,grid3,Sabon Gari West,Fagge,Kano,0,1,8.530103,12.020507
Kano,kano,Free Town By Ansarul Islam,,settlement,grid3,Sabon Gari West,Fagge,Kano,0,1,8.530417,12.020412
Kano,kano,Free Town By Ballat Huges,,settlement,grid3,Sabon Gari West,Fagge,Kano,0,1,8.530089,12.025624
Kano,kano,Free Town By Gold Coast,,settlement,grid3,Sabon Gari West,Fagge,Kano,0,1,8.530171,12.02377
Kano,kano,Free Town By New Road,,settlement,grid3,Sabon Gari West,Fagge,Kano,0,1,8.530122,12.018623
Kano,kano,Friendship International School Line,,settlement,grid3,Unguwa Uku Cikin Gari,Tarauni,Kano,0,1,8.566062,11.954321
Kano,kano,Fulani,,settlement,grid3,Rijiyar Zaki,Ungogo,Kano,0,1,8.417725,12.014526
Kano,kano,GRA,,settlement,grid3,Sharada,Kano Municipal,Kano,0,1,8.519449,11.97712
Kano,kano,GRA,,settlement,grid3,Gandu Albasa,Kano Municipal,Kano,0,1,8.521809,11.973381
Kano,kano,GRA A1,,settlement,grid3,Hotoro,Tarauni,Kano,0,1,8.56422,11.971987
Kano,kano,GRA A2,,settlement,grid3,Hotoro,Tarauni,Kano,0,1,8.559721,11.969925
Kano,kano,Gaba,,settlement,grid3,Kaura Goje,Nassarawa,Kano,0,1,8.547158,12.043381
Kano,kano,Gaba B Layin Gidan Kallo,,settlement,grid3,Gama,Nassarawa,Kano,0,1,8.560839,12.032878
Kano,kano,Gaba B Layin Goriba,,settlement,grid3,Gama,Nassarawa,Kano,0,1,8.559043,12.033863
Kano,kano,Gaba B Layin Sani Manchester,,settlement,grid3,Gama,Nassarawa,Kano,0,1,8.559763,12.033048
Kano,kano,Gaban Asibiti,,settlement,grid3,Kantudu,Dala,Kano,0,1,8.510047,12.011615
Kano,kano,Gabari,,settlement,grid3,Shahuchi,Kano Municipal,Kano,0,1,8.516479,12.001099
Kano,kano,Gabari Layin Ado Dankamasho,,settlement,grid3,Gawuna,Nassarawa,Kano,0,1,8.546577,12.031098
Kano,kano,Gabari Layin Alhaji Wada,,settlement,grid3,Gawuna,Nassarawa,Kano,0,1,8.54663,12.031598
Kano,kano,Gabari Layin Aminu Tunde,,settlement,grid3,Gawuna,Nassarawa,Kano,0,1,8.548233,12.028933
Kano,kano,Gabari Layin Bala Na Auwa,,settlement,grid3,Gawuna,Nassarawa,Kano,0,1,8.546579,12.030073
Kano,kano,Gabari Layin Hali Brothers,,settlement,grid3,Gawuna,Nassarawa,Kano,0,1,8.547323,12.028403
Kano,kano,Gabari Layin IDI Mai Doki,,settlement,grid3,Gawuna,Nassarawa,Kano,0,1,8.548092,12.028452
Kano,kano,Gabari Layin Masu Wanki,,settlement,grid3,Gawuna,Nassarawa,Kano,0,1,8.546288,12.031123
Kano,kano,Gabari Layin Murtala Road,,settlement,grid3,Gawuna,Nassarawa,Kano,0,1,8.547108,12.030302
Kano,kano,Gabari Layin Ummalkhairi,,settlement,grid3,Gawuna,Nassarawa,Kano,0,1,8.547272,12.030891
Kano,kano,Gabas Makaranta Layin Liman,,settlement,grid3,Bachirawa,Ungogo,Kano,0,1,8.448517,12.061506
Kano,kano,Gadama Cikin Gari,,settlement,grid3,Kumbotso,Kumbotso,Kano,0,1,8.500063,11.898758
Kano,kano,Gadan Alhaji Saleh Aliyu Layin Transfomer,,settlement,grid3,Dakata,Nassarawa,Kano,0,1,8.581616,12.022828
Kano,kano,Gadan Asibiti,,settlement,grid3,Tudun Fulani,Ungogo,Kano,0,1,8.455712,12.003478
Kano,kano,Gadan Cikin Gari,,settlement,grid3,Tudun Fulani,Ungogo,Kano,0,1,8.452416,12.028998
Kano,kano,Gadan Kaya,,settlement,grid3,Sani Mai Nagge,Gwale,Kano,0,1,8.49231,11.98468
Kano,kano,Gado,,settlement,grid3,Mariri,Kumbotso,Kano,0,1,8.61788,11.945185
Kano,kano,Gadon Mai Danladi,,settlement,grid3,Mariri,Kumbotso,Kano,0,1,8.616896,11.949967
Kano,kano,Gagarawa,,settlement,grid3,Panshekara,Kumbotso,Kano,0,1,8.464461,11.895083
Kano,kano,Gaida Gidan Gona,,settlement,grid3,Chiranchi,Kumbotso,Kano,0,1,8.476726,11.934143
Kano,kano,Gajeran Layin,,settlement,grid3,Sabon Gari East,Fagge,Kano,0,1,8.54294,12.062982
Kano,kano,Galadanci,,settlement,grid3,Kumbotso,Kumbotso,Kano,0,1,8.503848,11.888973
Kano,kano,Galadima By France Road,,settlement,grid3,Sabon Gari West,Fagge,Kano,0,1,8.532487,12.014098
Kano,kano,Galadima Road,,settlement,grid3,Sabon Gari West,Fagge,Kano,0,1,8.532623,12.012458
Kano,kano,Galadima Yanmanja,,settlement,grid3,Sabon Gari West,Fagge,Kano,0,1,8.532715,12.012085
Kano,kano,Galadimawa,,settlement,grid3,Unguwar Rimi,Kumbotso,Kano,0,1,8.597554,11.898139
Kano,kano,Galula,,settlement,grid3,Zango (Ungogo),Ungogo,Kano,0,1,8.57373,12.04248
Kano,kano,Gama A Layin Gidan Babu,,settlement,grid3,Gama,Nassarawa,Kano,0,1,8.55018,12.029481
Kano,kano,Gama A Layin Gidan Mai Gari,,settlement,grid3,Gama,Nassarawa,Kano,0,1,8.549185,12.029807
Kano,kano,Gama A Sani Bello Way,,settlement,grid3,Gama,Nassarawa,Kano,0,1,8.55108,12.029287
Kano,kano,Gama A Sarkin Fawa,,settlement,grid3,Gama,Nassarawa,Kano,0,1,8.549129,12.027967
Kano,kano,Gama B Filin Kaya,,settlement,grid3,Gama,Nassarawa,Kano,0,1,8.558841,12.037153
Kano,kano,Gama B Jejin Kudu Layin Gidan Dan Tanko,,settlement,grid3,Gama,Nassarawa,Kano,0,1,8.553584,12.033532
Kano,kano,Gama B Jejin Kudu Layin Hamdala,,settlement,grid3,Gama,Nassarawa,Kano,0,1,8.552779,12.031404
Kano,kano,Gama B Jejin Kudu Layin IDI Maradi,,settlement,grid3,Gama,Nassarawa,Kano,0,1,8.554157,12.031516
Kano,kano,Gama B Jejin Kudu Layin Masallacin Dan Gaya,,settlement,grid3,Gama,Nassarawa,Kano,0,1,8.552511,12.033568
Kano,kano,Gama B Layin Abdullahi,,settlement,grid3,Gama,Nassarawa,Kano,0,1,8.559722,12.036114
Kano,kano,Gama B Layin Ado Mai Nika,,settlement,grid3,Gama,Nassarawa,Kano,0,1,8.558966,12.03475
Kano,kano,Gama B Layin Alh Buda,,settlement,grid3,Gama,Nassarawa,Kano,0,1,8.558889,12.03208
Kano,kano,Gama B Layin Alh Dabo,,settlement,grid3,Gama,Nassarawa,Kano,0,1,8.556986,12.036161
Kano,kano,Gama B Layin Ali Kafenta,,settlement,grid3,Gama,Nassarawa,Kano,0,1,8.555867,12.035005
Kano,kano,Gama B Layin Auwalu Me Chemist,,settlement,grid3,Gama,Nassarawa,Kano,0,1,8.554937,12.032832
Kano,kano,Gama B Layin Benan Zaurawa,,settlement,grid3,Gama,Nassarawa,Kano,0,1,8.556617,12.035896
Kano,kano,Gama B Layin Garba Damisa,,settlement,grid3,Gama,Nassarawa,Kano,0,1,8.559016,12.035045
Kano,kano,Gama B Layin Getsi,,settlement,grid3,Gama,Nassarawa,Kano,0,1,8.560276,12.033803
Kano,kano,Gama B Layin Hajiya Kulu,,settlement,grid3,Gama,Nassarawa,Kano,0,1,8.5578,12.035578
Kano,kano,Gama B Layin Hajiya Tayayale,,settlement,grid3,Gama,Nassarawa,Kano,0,1,8.557562,12.034808
Kano,kano,Gama B Layin Halilu Mai Shanu,,settlement,grid3,Gama,Nassarawa,Kano,0,1,8.555077,12.036413
Kano,kano,Gama B Layin Hassan China,,settlement,grid3,Gama,Nassarawa,Kano,0,1,8.556267,12.029956
Kano,kano,Gama B Layin Isa Maja Baki,,settlement,grid3,Gama,Nassarawa,Kano,0,1,8.557085,12.035379
Kano,kano,Gama B Layin Isa Majabaki,,settlement,grid3,Gama,Nassarawa,Kano,0,1,8.557478,12.035911
Kano,kano,Gama B Layin Isah Mai Shanu,,settlement,grid3,Gama,Nassarawa,Kano,0,1,8.555489,12.032878
Kano,kano,Gama B Layin Kankare,,settlement,grid3,Gama,Nassarawa,Kano,0,1,8.557011,12.031795
Kano,kano,Gama B Layin Kasuwar Murtala,,settlement,grid3,Gama,Nassarawa,Kano,0,1,8.55501,12.03436
Kano,kano,Gama B Layin Limamin Takari,,settlement,grid3,Gama,Nassarawa,Kano,0,1,8.557894,12.035146
Kano,kano,Gama B Layin Mai Almakashi,,settlement,grid3,Gama,Nassarawa,Kano,0,1,8.556528,12.032976
Kano,kano,Gama B Layin Mai Unguwa,,settlement,grid3,Gama,Nassarawa,Kano,0,1,8.554806,12.032424
Kano,kano,Gama B Layin Malam Isa,,settlement,grid3,Gama,Nassarawa,Kano,0,1,8.558703,12.037794
Kano,kano,Gama B Layin Matheuw,,settlement,grid3,Gama,Nassarawa,Kano,0,1,8.560219,12.033049
Kano,kano,Gama B Layin Me Almakashi,,settlement,grid3,Gama,Nassarawa,Kano,0,1,8.555615,12.032069
Kano,kano,Gama B Layin Salamatu Mai Abinci,,settlement,grid3,Gama,Nassarawa,Kano,0,1,8.560116,12.032537
Kano,kano,Gama B Layin Salisu Dan Hajiya,,settlement,grid3,Gama,Nassarawa,Kano,0,1,8.558044,12.036351
Kano,kano,Gama B Layin Sani Bello,,settlement,grid3,Gama,Nassarawa,Kano,0,1,8.558839,12.032853
Kano,kano,Gama B Layin Sani Magini,,settlement,grid3,Gama,Nassarawa,Kano,0,1,8.557642,12.038804
Kano,kano,Gama B Layin Sani Mai Chemist,,settlement,grid3,Gama,Nassarawa,Kano,0,1,8.556237,12.036605
Kano,kano,Gama B Layin Sarki Zumbo,,settlement,grid3,Gama,Nassarawa,Kano,0,1,8.559168,12.035448
Kano,kano,Gama B Layin Sheikh Yusuf Gama,,settlement,grid3,Gama,Nassarawa,Kano,0,1,8.554791,12.035362
Kano,kano,Gama B Layin Tahfiz,,settlement,grid3,Gama,Nassarawa,Kano,0,1,8.558927,12.038284
Kano,kano,Gama B Layin Uba Mahaukaci,,settlement,grid3,Gama,Nassarawa,Kano,0,1,8.556244,12.033284
Kano,kano,Gama B Layin Uba Rex,,settlement,grid3,Gama,Nassarawa,Kano,0,1,8.557076,12.034938
Kano,kano,Gama B Layin Uba Rex Dogon Layi,,settlement,grid3,Gama,Nassarawa,Kano,0,1,8.557369,12.033861
Kano,kano,Gama B Layin Usama,,settlement,grid3,Gama,Nassarawa,Kano,0,1,8.558112,12.037891
Kano,kano,Gama B Layin Yan Gado,,settlement,grid3,Gama,Nassarawa,Kano,0,1,8.554337,12.036002
Kano,kano,Gama B Layin Yankifi,,settlement,grid3,Gama,Nassarawa,Kano,0,1,8.557679,12.032467
Kano,kano,Gama B Layin Yusuf Umar Kabo,,settlement,grid3,Gama,Nassarawa,Kano,0,1,8.55829,12.038313
Kano,kano,Gama B Taalulu Gidan Bread,,settlement,grid3,Gama,Nassarawa,Kano,0,1,8.555062,12.031128
Kano,kano,Gama B Tukubar Baso,,settlement,grid3,Gama,Nassarawa,Kano,0,1,8.557631,12.030969
Kano,kano,Gama B Uba Rex Layin Abba Hassan,,settlement,grid3,Gama,Nassarawa,Kano,0,1,8.556741,12.033685
Kano,kano,Gama C,,settlement,grid3,Kaura Goje,Nassarawa,Kano,0,1,8.547227,12.037084
Kano,kano,Gama E,,settlement,grid3,Kaura Goje,Nassarawa,Kano,0,1,8.550372,12.041651
Kano,kano,Gama Layin Danjani,,settlement,grid3,Gama,Nassarawa,Kano,0,1,8.550466,12.028181
Kano,kano,Gamji Block,,settlement,grid3,Kwachiri,Fagge,Kano,0,1,8.517506,12.033032
Kano,kano,Gandu,,settlement,grid3,Yada Kunya,Ungogo,Kano,0,1,8.617131,12.077287
Kano,kano,Gandu,,settlement,grid3,Unguwar Rimi,Kumbotso,Kano,0,1,8.59666,11.899724
Kano,kano,Gandu Gidan Maiunguwa,,settlement,grid3,Gandu Albasa,Kano Municipal,Kano,0,1,8.527945,11.971941
Kano,kano,Gandu Housing Estate,,settlement,grid3,Gandu Albasa,Kano Municipal,Kano,0,1,8.530273,11.974915
Kano,kano,Gandu Layin Maiunguwa,,settlement,grid3,Gandu Albasa,Kano Municipal,Kano,0,1,8.526352,11.971234
Kano,kano,Gandu Makabarta,,settlement,grid3,Gayawa,Ungogo,Kano,0,1,8.558516,12.042487
Kano,kano,Gandu Masallaci,,settlement,grid3,Gayawa,Ungogo,Kano,0,1,8.556519,12.046082
Kano,kano,Gandun Albasa,,settlement,grid3,Gandu Albasa,Kano Municipal,Kano,0,1,8.528076,11.971313
Kano,kano,Gandun Mudu,,settlement,grid3,Karo,Ungogo,Kano,0,1,8.55448,12.11403
Kano,kano,Gandun Sarki,,settlement,grid3,Karo,Ungogo,Kano,0,1,8.54452,12.1187
Kano,kano,Gangamau,,settlement,grid3,Adakawa,Dala,Kano,0,1,8.513203,12.008518
Kano,kano,Gangara,,settlement,grid3,Unguwa Uku Kauyen Alu,Tarauni,Kano,0,1,8.577101,11.955385
Kano,kano,Gangare,,settlement,grid3,Rijiyar Zaki,Ungogo,Kano,0,1,8.415839,11.988756
Kano,kano,Garba Izala Line,,settlement,grid3,Rijiyar Zaki,Ungogo,Kano,0,1,8.451721,11.986084
Kano,kano,Garba Mai Doya,,settlement,grid3,Rijiyar Lemo,Fagge,Kano,0,1,8.479507,12.052096
Kano,kano,Garejin Kamilu,,settlement,grid3,Dorayi,Gwale,Kano,0,1,8.47938,11.961853
Kano,kano,Garin Dabaro,,village,osm,Tudun Fulani,Ungogo,Kano,0,1,8.43463,12.0245
Kano,kano,Garin Iya Cikin Gari,,settlement,grid3,Bachirawa,Ungogo,Kano,0,1,8.424027,12.053809
Kano,kano,Garke,,settlement,grid3,Adakawa,Dala,Kano,0,1,8.510811,12.00603
Kano,kano,Garki Avenue,,settlement,grid3,Sani Mai Nagge,Gwale,Kano,0,1,8.491324,11.982079
Kano,kano,Garun Gabas,,settlement,grid3,Unguwar Rimi,Kumbotso,Kano,0,1,8.591366,11.912079
Kano,kano,Garun Yamma,,settlement,grid3,Unguwar Rimi,Kumbotso,Kano,0,1,8.586968,11.910711
Kano,kano,Gasau,,village,osm,Panshekara,Kumbotso,Kano,0,1,8.46362,11.9055
Kano,kano,Gase,,settlement,grid3,Fanisau,Ungogo,Kano,0,1,8.538086,12.078674
Kano,kano,Gashash Road Danbichi Close,,settlement,grid3,Giginyu,Nassarawa,Kano,0,1,8.556427,12.004436
Kano,kano,Gawo,,settlement,grid3,Fanisau,Ungogo,Kano,0,1,8.544574,12.076567
Kano,kano,Gawon Gailo,,settlement,grid3,Kawaji,Nassarawa,Kano,0,1,8.589073,12.015667
Kano,kano,Gawon Gailo Layin Dan Amarawa,,settlement,grid3,Kawaji,Nassarawa,Kano,0,1,8.590074,12.016442
Kano,kano,Gawon Gailo Layin Mal Hamidu Mai Shayi,,settlement,grid3,Kawaji,Nassarawa,Kano,0,1,8.588904,12.016375
Kano,kano,Gawon Gailo Layin Saidu Dan Izala,,settlement,grid3,Kawaji,Nassarawa,Kano,0,1,8.588415,12.015364
Kano,kano,Gawuna Gidan Dalha Kazaure Layin Dalha Kazaure,,settlement,grid3,Gawuna,Nassarawa,Kano,0,1,8.548198,12.026935
Kano,kano,Gawuna Gidan Malam Yau Near Gidan Bosho,,settlement,grid3,Gawuna,Nassarawa,Kano,0,1,8.548163,12.027169
Kano,kano,Gawuna Jibrin Barau Road,,settlement,grid3,Gawuna,Nassarawa,Kano,0,1,8.547417,12.026624
Kano,kano,Gawuna Layin Garba Begila,,settlement,grid3,Gawuna,Nassarawa,Kano,0,1,8.547194,12.026259
Kano,kano,Gawuna Layin Hali Brothers,,settlement,grid3,Gawuna,Nassarawa,Kano,0,1,8.546422,12.028584
Kano,kano,Gawuna Layin Kuka,,settlement,grid3,Gawuna,Nassarawa,Kano,0,1,8.548143,12.02804
Kano,kano,Gawuna Layin Malam Bosho,,settlement,grid3,Gawuna,Nassarawa,Kano,0,1,8.548572,12.027699
Kano,kano,Gawuna Layin Sauri Sauri Near Kuka Mai Dan Wake,,settlement,grid3,Gawuna,Nassarawa,Kano,0,1,8.547891,12.027988
Kano,kano,Gawuna Layin Sule Mai Dusa,,settlement,grid3,Gawuna,Nassarawa,Kano,0,1,8.546484,12.027304
Kano,kano,Gawuna Layin Umar Mai Bread,,settlement,grid3,Gawuna,Nassarawa,Kano,0,1,8.547178,12.02818
Kano,kano,Gawuna Layin Wada Kacha,,settlement,grid3,Gawuna,Nassarawa,Kano,0,1,8.546616,12.028308
Kano,kano,Gayawa,,settlement,grid3,Ungogo,Ungogo,Kano,0,1,8.491535,12.091463
Kano,kano,Gayawa A,,settlement,grid3,Naibawa,Kumbotso,Kano,0,1,8.546875,11.92572
Kano,kano,Gayawa B,,settlement,grid3,Naibawa,Kumbotso,Kano,0,1,8.547497,11.923815
Kano,kano,Gayawa C,,settlement,grid3,Naibawa,Kumbotso,Kano,0,1,8.548383,11.924444
Kano,kano,Gayawa Cikin Gari,,settlement,grid3,Gayawa,Ungogo,Kano,0,1,8.561707,12.053284
Kano,kano,Gayawa D,,settlement,grid3,Naibawa,Kumbotso,Kano,0,1,8.548198,11.922845
Kano,kano,Gera Cikin Gari,,settlement,grid3,Fanisau,Ungogo,Kano,0,1,8.552639,12.091411
Kano,kano,Get Well,,settlement,grid3,Dorayi,Gwale,Kano,0,1,8.46891,11.980511
Kano,kano,Getsi A Babban Gida Layin Getsi,,settlement,grid3,Tudun Murtala,Nassarawa,Kano,0,1,8.562196,12.028921
Kano,kano,Getsi A Layin Mallam Khamisu,,settlement,grid3,Tudun Murtala,Nassarawa,Kano,0,1,8.562797,12.030074
Kano,kano,Getsi A Layin Na Makka,,settlement,grid3,Tudun Murtala,Nassarawa,Kano,0,1,8.56355,12.030278
Kano,kano,Getsi B Layin Baharunaja,,settlement,grid3,Tudun Murtala,Nassarawa,Kano,0,1,8.563066,12.031801
Kano,kano,Getsi B Layin Dirim,,settlement,grid3,Tudun Murtala,Nassarawa,Kano,0,1,8.564102,12.032246
Kano,kano,Getsi B Layin Hajiya Shara,,settlement,grid3,Tudun Murtala,Nassarawa,Kano,0,1,8.563801,12.032091
Kano,kano,Getsi B Layin Outpost,,settlement,grid3,Tudun Murtala,Nassarawa,Kano,0,1,8.563846,12.030655
Kano,kano,Getsi Layin Ali Fulaza,,settlement,grid3,Tudun Murtala,Nassarawa,Kano,0,1,8.565757,12.031531
Kano,kano,Getsi Layin Marigayi Dan Sakkwato,,settlement,grid3,Tudun Murtala,Nassarawa,Kano,0,1,8.56649,12.03155
Kano,kano,Gida Dubu,,settlement,grid3,Panshekara,Kumbotso,Kano,0,1,8.464722,11.921509
Kano,kano,Gida Goma A,,settlement,grid3,Unguwar Gano,Tarauni,Kano,0,1,8.55738,11.945096
Kano,kano,Gida Goma B,,settlement,grid3,Unguwar Gano,Tarauni,Kano,0,1,8.556314,11.948525
Kano,kano,Gidado Road,,settlement,grid3,Giginyu,Nassarawa,Kano,0,1,8.549927,11.99231
Kano,kano,Gidam Rimi,,settlement,grid3,Naibawa,Kumbotso,Kano,0,1,8.542113,11.926937
Kano,kano,Gidan Adado,,settlement,grid3,Fagge D2,Fagge,Kano,0,1,8.525135,12.011743
Kano,kano,Gidan Adai,,settlement,grid3,Unguwar Rimi,Kumbotso,Kano,0,1,8.569092,11.909119
Kano,kano,Gidan Ado,,settlement,grid3,Garun Gawa,Kumbotso,Kano,0,1,8.527893,11.960693
Kano,kano,Gidan Alaramma,,settlement,grid3,Dan Maliki,Kumbotso,Kano,0,1,8.527848,11.946733
Kano,kano,Gidan Alasan,,settlement,grid3,Dandago,Gwale,Kano,0,1,8.508086,11.992395
Kano,kano,Gidan Alhaji Dahiru,,settlement,grid3,Dorayi,Gwale,Kano,0,1,8.456839,11.972369
Kano,kano,Gidan Alhaji Sale,,settlement,grid3,Bachirawa,Ungogo,Kano,0,1,8.463663,12.064062
Kano,kano,Gidan Alhaji Shehu,,settlement,grid3,Gyaranya,Gwale,Kano,0,1,8.507043,11.999043
Kano,kano,Gidan Alhaji Usman,,settlement,grid3,Dorayi,Gwale,Kano,0,1,8.450179,11.965056
Kano,kano,Gidan Aminu Mai Jawahiru,,settlement,grid3,Gwale,Gwale,Kano,0,1,8.512118,11.983937
Kano,kano,Gidan Amma,,settlement,grid3,Chiranchi,Kumbotso,Kano,0,1,8.483354,11.96154
Kano,kano,Gidan Angalawa,,settlement,grid3,Danbare,Kumbotso,Kano,0,1,8.41571,11.950684
Kano,kano,Gidan Arewa,,settlement,grid3,Zango (Ungogo),Ungogo,Kano,0,1,8.567205,12.044623
Kano,kano,Gidan Audio,,settlement,grid3,Zango (Ungogo),Ungogo,Kano,0,1,8.58313,12.038879
Kano,kano,Gidan Audu Mai Gadi,,settlement,grid3,Zango (Ungogo),Ungogo,Kano,0,1,8.567495,12.039971
Kano,kano,Gidan Babban Gwari,,settlement,grid3,Fagge D2,Fagge,Kano,0,1,8.514698,12.030219
Kano,kano,Gidan Badawa,,settlement,grid3,Chalawa,Kumbotso,Kano,0,1,8.426988,11.9256
Kano,kano,Gidan Badde,,settlement,grid3,Unguwar Rimi,Kumbotso,Kano,0,1,8.572074,11.910041
Kano,kano,Gidan Baiya,,settlement,grid3,Danbare,Kumbotso,Kano,0,1,8.453637,11.942139
Kano,kano,Gidan Baki,,settlement,grid3,Gayawa,Ungogo,Kano,0,1,8.561568,12.048713
Kano,kano,Gidan Balangu,,settlement,grid3,Unguwar Gano,Tarauni,Kano,0,1,8.562597,11.941033
Kano,kano,Gidan Barnawa,,settlement,grid3,Dan Maliki,Kumbotso,Kano,0,1,8.503277,11.945842
Kano,kano,Gidan Bashir Dandago,,settlement,grid3,Dorayi,Gwale,Kano,0,1,8.474524,11.939669
Kano,kano,Gidan Birki,,settlement,grid3,Zango (Ungogo),Ungogo,Kano,0,1,8.568067,12.042818
Kano,kano,Gidan Birni,,settlement,grid3,Unguwar Rimi,Kumbotso,Kano,0,1,8.593714,11.890345
Kano,kano,Gidan Bube,,settlement,grid3,Kabuga,Gwale,Kano,0,1,8.47322,12.015357
Kano,kano,Gidan Burodi,,settlement,grid3,Dandago,Gwale,Kano,0,1,8.508153,11.991961
Kano,kano,Gidan Buzaye,,settlement,grid3,Unguwar Gano,Tarauni,Kano,0,1,8.556841,11.938605
Kano,kano,Gidan Chediya,,settlement,grid3,Chalawa,Kumbotso,Kano,0,1,8.436996,11.92581
Kano,kano,Gidan Cindo A,,settlement,grid3,Sharada,Kano Municipal,Kano,0,1,8.50578,11.977284
Kano,kano,Gidan Cindo B,,settlement,grid3,Sharada,Kano Municipal,Kano,0,1,8.506175,11.976614
Kano,kano,Gidan Dabinai,,settlement,grid3,Gyaranya,Gwale,Kano,0,1,8.50864,11.99602
Kano,kano,Gidan Dagachi,,settlement,grid3,Tarauni,Tarauni,Kano,0,1,8.557122,11.975572
Kano,kano,Gidan Dagaci,,settlement,grid3,Dan Maliki,Kumbotso,Kano,0,1,8.529165,11.951374
Kano,kano,Gidan Dagaci,,settlement,grid3,Unguwa Uku Cikin Gari,Tarauni,Kano,0,1,8.565125,11.953308
Kano,kano,Gidan Dagaci,,village,osm,Panshekara,Kumbotso,Kano,0,1,8.46294,11.896
Kano,kano,Gidan Dagaci A,,settlement,grid3,Gandu Albasa,Kano Municipal,Kano,0,1,8.528167,11.970867
Kano,kano,Gidan Dagaci B,,settlement,grid3,Gandu Albasa,Kano Municipal,Kano,0,1,8.52942,11.97192
Kano,kano,Gidan Dagacin Gaida,,settlement,grid3,Chiranchi,Kumbotso,Kano,0,1,8.473708,11.93668
Kano,kano,Gidan Danko,,settlement,grid3,Unguwar Rimi,Kumbotso,Kano,0,1,8.573266,11.908737
Kano,kano,Gidan Datti,,settlement,grid3,Dan Maliki,Kumbotso,Kano,0,1,8.536262,11.956171
Kano,kano,Gidan Dawa Line,,settlement,grid3,Rijiyar Zaki,Ungogo,Kano,0,1,8.452181,11.983075
Kano,kano,Gidan Daya Link 9,,settlement,grid3,Dorayi,Gwale,Kano,0,1,8.473943,11.974317
Kano,kano,Gidan Dinya,,settlement,grid3,Chalawa,Kumbotso,Kano,0,1,8.438574,11.927803
Kano,kano,Gidan Dirimi,,settlement,grid3,Gwagwarwa,Nassarawa,Kano,0,1,8.54377,12.029742
Kano,kano,Gidan Doki,,settlement,grid3,Garun Gawa,Kumbotso,Kano,0,1,8.527143,11.961516
Kano,kano,Gidan Dr Nura,,settlement,grid3,Gwale,Gwale,Kano,0,1,8.507146,11.988131
Kano,kano,Gidan Dutse,,settlement,grid3,Unguwar Gano,Tarauni,Kano,0,1,8.558933,11.938091
Kano,kano,Gidan Dutse,,settlement,grid3,Chiranchi,Kumbotso,Kano,0,1,8.484131,11.958496
Kano,kano,Gidan Fako,,settlement,grid3,Naibawa,Kumbotso,Kano,0,1,8.555636,11.936954
Kano,kano,Gidan Fako,,settlement,grid3,Kumbotso,Kumbotso,Kano,0,1,8.503296,11.899475
Kano,kano,Gidan Fako,,settlement,grid3,Dan Maliki,Kumbotso,Kano,0,1,8.518753,11.943555
Kano,kano,Gidan Fako A,,settlement,grid3,Unguwar Gano,Tarauni,Kano,0,1,8.555046,11.937744
Kano,kano,Gidan Faruku,,settlement,grid3,Kumbotso,Kumbotso,Kano,0,1,8.496272,11.89858
Kano,kano,Gidan Fulani,,settlement,grid3,Unguwar Rimi,Kumbotso,Kano,0,1,8.603939,11.896174
Kano,kano,Gidan Gabas,,settlement,grid3,Dan Maliki,Kumbotso,Kano,0,1,8.533868,11.954258
Kano,kano,Gidan Gabas,,settlement,grid3,Hotoro North,Nassarawa,Kano,0,1,8.59453,11.970024
Kano,kano,Gidan Gabsa,,settlement,grid3,Zango (Ungogo),Ungogo,Kano,0,1,8.571661,12.042939
Kano,kano,Gidan Gado,,settlement,grid3,Zango (Ungogo),Ungogo,Kano,0,1,8.569097,12.043176
Kano,kano,Gidan Gaida,,settlement,grid3,Naibawa,Kumbotso,Kano,0,1,8.561069,11.933861
Kano,kano,Gidan Garbas,,settlement,grid3,Kureken Sani,Kumbotso,Kano,0,1,8.588581,11.927934
Kano,kano,Gidan Gayya,,settlement,grid3,Unguwar Rimi,Kumbotso,Kano,0,1,8.570362,11.910956
Kano,kano,Gidan Giginya,,settlement,grid3,Babban Giji,Tarauni,Kano,0,1,8.534277,11.967351
Kano,kano,Gidan Gobirawa,,settlement,grid3,Tudun Fulani,Ungogo,Kano,0,1,8.46991,12.032288
Kano,kano,Gidan Goburawa,,settlement,grid3,Chalawa,Kumbotso,Kano,0,1,8.423292,11.936506
Kano,kano,Gidan Godi,,settlement,grid3,Zango (Ungogo),Ungogo,Kano,0,1,8.578782,12.042059
Kano,kano,Gidan Goje,,settlement,grid3,Garun Gawa,Kumbotso,Kano,0,1,8.526914,11.958729
Kano,kano,Gidan Gona,,settlement,grid3,Tudun Fulani,Ungogo,Kano,0,1,8.472332,12.034844
Kano,kano,Gidan Gona,,settlement,grid3,Tarauni,Tarauni,Kano,0,1,8.555181,11.972732
Kano,kano,Gidan Gona,,settlement,grid3,Fanisau,Ungogo,Kano,0,1,8.516553,12.095477
Kano,kano,Gidan Guntti Layin Gidan Mai Doya,,settlement,grid3,Dan Maliki,Kumbotso,Kano,0,1,8.527378,11.95365
Kano,kano,Gidan Guntti Layin Malami,,settlement,grid3,Dan Maliki,Kumbotso,Kano,0,1,8.526274,11.952941
Kano,kano,Gidan Gwiwa,,settlement,grid3,Unguwar Rimi,Kumbotso,Kano,0,1,8.605541,11.888474
Kano,kano,Gidan Hadi,,settlement,grid3,Chalawa,Kumbotso,Kano,0,1,8.429789,11.923132
Kano,kano,Gidan Hadi,,settlement,grid3,Bachirawa,Ungogo,Kano,0,1,8.418518,12.044281
Kano,kano,Gidan Hakimi,,settlement,grid3,Fagge B,Fagge,Kano,0,1,8.530814,12.007082
Kano,kano,Gidan Hamisu,,settlement,grid3,Dorayi,Gwale,Kano,0,1,8.481247,11.963591
Kano,kano,Gidan Haya,,settlement,grid3,Gwammaja,Dala,Kano,0,1,8.507355,12.021055
Kano,kano,Gidan IDI,,settlement,grid3,Unguwar Rimi,Kumbotso,Kano,0,1,8.572862,11.908445
Kano,kano,Gidan Ilale,,settlement,grid3,Bachirawa,Ungogo,Kano,0,1,8.417821,12.043319
Kano,kano,Gidan Inuwa Akwa,,settlement,grid3,Gyaranya,Gwale,Kano,0,1,8.511364,11.997189
Kano,kano,Gidan Isah Chokali,,settlement,grid3,Ungogo,Ungogo,Kano,0,1,8.481239,12.10829
Kano,kano,Gidan Isma'ila Mai Allura,,settlement,grid3,Diso,Gwale,Kano,0,1,8.515301,11.989886
Kano,kano,Gidan Isuhu Zara,,settlement,grid3,Gwale,Gwale,Kano,0,1,8.514944,11.983505
Kano,kano,Gidan Jeje,,settlement,grid3,Naibawa,Kumbotso,Kano,0,1,8.5572,11.9308
Kano,kano,Gidan Kaftin Adamu,,settlement,grid3,Dan Maliki,Kumbotso,Kano,0,1,8.51293,11.949266
Kano,kano,Gidan Kaji,,settlement,grid3,Dan Maliki,Kumbotso,Kano,0,1,8.52997,11.954806
Kano,kano,Gidan Kalu,,settlement,grid3,Kabuga,Gwale,Kano,0,1,8.49758,11.996116
Kano,kano,Gidan Kalu,,settlement,grid3,Unguwar Rimi,Kumbotso,Kano,0,1,8.601592,11.899511
Kano,kano,Gidan Kanhanya A,,settlement,grid3,Kureken Sani,Kumbotso,Kano,0,1,8.594482,11.930115
Kano,kano,Gidan Kanhanya B,,settlement,grid3,Kureken Sani,Kumbotso,Kano,0,1,8.592358,11.928682
Kano,kano,Gidan Kano A,,settlement,grid3,Kureken Sani,Kumbotso,Kano,0,1,8.592105,11.942404
Kano,kano,Gidan Kano B,,settlement,grid3,Kureken Sani,Kumbotso,Kano,0,1,8.59142,11.942628
Kano,kano,Gidan Kano C,,settlement,grid3,Kureken Sani,Kumbotso,Kano,0,1,8.594199,11.937141
Kano,kano,Gidan Kansila,,settlement,grid3,Kwachiri,Fagge,Kano,0,1,8.487305,12.045715
Kano,kano,Gidan Kanya,,settlement,grid3,Chalawa,Kumbotso,Kano,0,1,8.438721,11.925476
Kano,kano,Gidan Kara,,settlement,grid3,Gama,Nassarawa,Kano,0,1,8.559509,12.033875
Kano,kano,Gidan Karatu,,settlement,grid3,Zango (Ungogo),Ungogo,Kano,0,1,8.569758,12.04239
Kano,kano,Gidan Karo,,settlement,grid3,Unguwar Rimi,Kumbotso,Kano,0,1,8.552825,11.904028
Kano,kano,Gidan Kashi,,settlement,grid3,Chiranchi,Kumbotso,Kano,0,1,8.483476,11.96128
Kano,kano,Gidan Kazamai,,settlement,grid3,Mariri,Kumbotso,Kano,0,1,8.614102,11.948318
Kano,kano,Gidan Kifi,,settlement,grid3,Tudun Fulani,Ungogo,Kano,0,1,8.401339,12.024969
Kano,kano,Gidan Kudu,,settlement,grid3,Zango (Ungogo),Ungogo,Kano,0,1,8.571723,12.041521
Kano,kano,Gidan Kuka,,settlement,grid3,Dorayi,Gwale,Kano,0,1,8.470085,11.958758
Kano,kano,Gidan Kure,,settlement,grid3,Dan Maliki,Kumbotso,Kano,0,1,8.51181,11.945963
Kano,kano,Gidan Kwai,,settlement,grid3,Kwachiri,Fagge,Kano,0,1,8.492854,12.035606
Kano,kano,Gidan Kwano,,settlement,grid3,Kureken Sani,Kumbotso,Kano,0,1,8.554504,11.892273
Kano,kano,Gidan Kwano A,,settlement,grid3,Kureken Sani,Kumbotso,Kano,0,1,8.59352,11.941875
Kano,kano,Gidan Kwano B,,settlement,grid3,Kureken Sani,Kumbotso,Kano,0,1,8.594332,11.943648
Kano,kano,Gidan Kwari,,settlement,grid3,Gandu Albasa,Kano Municipal,Kano,0,1,8.507115,11.964484
Kano,kano,Gidan Kwari Lamida Crescent,,settlement,grid3,Giginyu,Nassarawa,Kano,0,1,8.566137,11.997287
Kano,kano,Gidan Kwari Layin Maiunguwa,,settlement,grid3,Gandu Albasa,Kano Municipal,Kano,0,1,8.505861,11.964475
Kano,kano,Gidan Lako,,settlement,grid3,Bachirawa,Ungogo,Kano,0,1,8.419799,12.046535
Kano,kano,Gidan Leda,,settlement,grid3,Dan Maliki,Kumbotso,Kano,0,1,8.536632,11.951707
Kano,kano,Gidan Leda,,settlement,grid3,Chiranchi,Kumbotso,Kano,0,1,8.474965,11.953832
Kano,kano,Gidan Lemo,,settlement,grid3,Fagge D2,Fagge,Kano,0,1,8.524815,12.012558
Kano,kano,Gidan Limamai,,settlement,grid3,Kumbotso,Kumbotso,Kano,0,1,8.500122,11.902527
Kano,kano,Gidan Liman,,settlement,grid3,Danbare,Kumbotso,Kano,0,1,8.453588,11.939485
Kano,kano,Gidan Liman,,settlement,grid3,Unguwa Uku Cikin Gari,Tarauni,Kano,0,1,8.567292,11.9552
Kano,kano,Gidan Liman,,settlement,grid3,Mariri,Kumbotso,Kano,0,1,8.617522,11.948496
Kano,kano,Gidan Liman,,settlement,grid3,Chalawa,Kumbotso,Kano,0,1,8.424072,11.895874
Kano,kano,Gidan Liman,,settlement,grid3,Tarauni,Tarauni,Kano,0,1,8.560662,11.975307
Kano,kano,Gidan Liman,,settlement,grid3,Garun Gawa,Kumbotso,Kano,0,1,8.532738,11.961114
Kano,kano,Gidan Liman,,settlement,grid3,Naibawa,Kumbotso,Kano,0,1,8.569725,11.933825
Kano,kano,Gidan Maadda,,settlement,grid3,Rijiyar Zaki,Ungogo,Kano,0,1,8.420667,12.008974
Kano,kano,Gidan Mabuga,,settlement,grid3,Unguwar Rimi,Kumbotso,Kano,0,1,8.574819,11.908051
Kano,kano,Gidan Madaki,,settlement,grid3,Kumbotso,Kumbotso,Kano,0,1,8.510332,11.903003
Kano,kano,Gidan Madara,,settlement,grid3,Bachirawa,Ungogo,Kano,0,1,8.464223,12.067184
Kano,kano,Gidan Madugu,,settlement,grid3,Kabuwaya,Dala,Kano,0,1,8.502227,12.013887
Kano,kano,Gidan Magani Cikin Layin Tanzul Quran,,settlement,grid3,Kwachiri,Fagge,Kano,0,1,8.484875,12.050313
Kano,kano,Gidan Maharba,,settlement,grid3,Chiranchi,Kumbotso,Kano,0,1,8.469444,11.934235
Kano,kano,Gidan Mahauta,,settlement,grid3,Chalawa,Kumbotso,Kano,0,1,8.418901,11.908789
Kano,kano,Gidan Mai Dubji,,settlement,grid3,Fagge B,Fagge,Kano,0,1,8.529113,12.008
Kano,kano,Gidan Mai Gari,,settlement,grid3,Dan Maliki,Kumbotso,Kano,0,1,8.529038,11.951059
Kano,kano,Gidan Mai Gari Line,,settlement,grid3,Rijiyar Zaki,Ungogo,Kano,0,1,8.447776,11.984273
Kano,kano,Gidan Mai Gari Medile,,settlement,grid3,Dan Maliki,Kumbotso,Kano,0,1,8.516568,11.945087
Kano,kano,Gidan Mai Kanwa,,settlement,grid3,Kabuga,Gwale,Kano,0,1,8.473388,12.015601
Kano,kano,Gidan Mai Leda,,settlement,grid3,Chiranchi,Kumbotso,Kano,0,1,8.474848,11.953247
Kano,kano,Gidan Mai Martaba Dorayi,,settlement,grid3,Dorayi,Gwale,Kano,0,1,8.474105,11.964469
Kano,kano,Gidan Mai Unguwa,,settlement,grid3,Unguwar Gano,Tarauni,Kano,0,1,8.545722,11.946812
Kano,kano,Gidan Mai Unguwa,,settlement,grid3,Kantudu,Dala,Kano,0,1,8.508742,12.01002
Kano,kano,Gidan Mai Unguwa,,settlement,grid3,Garun Gawa,Kumbotso,Kano,0,1,8.520959,11.925873
Kano,kano,Gidan Mai Unguwa,,settlement,grid3,Dan Maliki,Kumbotso,Kano,0,1,8.515521,11.945218
Kano,kano,Gidan Mai Unguwa,,settlement,grid3,Hotoro South,Nassarawa,Kano,0,1,8.576814,11.971926
Kano,kano,Gidan Mai Unguwa,,settlement,grid3,Naibawa,Kumbotso,Kano,0,1,8.542665,11.907054
Kano,kano,Gidan Mai Unguwa,,settlement,grid3,Shahuchi,Kano Municipal,Kano,0,1,8.519035,12.004099
Kano,kano,Gidan Mai Unguwa,,settlement,grid3,Kureken Sani,Kumbotso,Kano,0,1,8.596214,11.93783
Kano,kano,Gidan Mai Unguwa,,settlement,grid3,Tudun Fulani,Ungogo,Kano,0,1,8.473085,12.032546
Kano,kano,Gidan Mai Unguwa,,settlement,grid3,Gyaranya,Gwale,Kano,0,1,8.510939,11.998246
Kano,kano,Gidan Mai Unguwa,,village,osm,Chiranchi,Kumbotso,Kano,0,1,8.47214,11.9301
Kano,kano,Gidan Mai Unguwa A,,settlement,grid3,Unguwar Gano,Tarauni,Kano,0,1,8.560495,11.941008
Kano,kano,Gidan Mai Unguwa Aminu,,settlement,grid3,Darmanawa,Tarauni,Kano,0,1,8.5503,11.95318
Kano,kano,Gidan Mai Unguwa Bulbula,,settlement,grid3,Zango (Ungogo),Ungogo,Kano,0,1,8.57993,12.042518
Kano,kano,Gidan Mai Unguwa Fada,,settlement,grid3,Darmanawa,Tarauni,Kano,0,1,8.548247,11.951636
Kano,kano,Gidan Mai Unguwa Rabiu Ali,,settlement,grid3,Jakara,Kano Municipal,Kano,0,1,8.513814,12.004492
Kano,kano,Gidan Mai Unguwa Street,,settlement,grid3,Gwale,Gwale,Kano,0,1,8.512566,11.984153
Kano,kano,Gidan Mai Unguwa Usaini,,settlement,grid3,Tudun Fulani,Ungogo,Kano,0,1,8.479549,12.038846
Kano,kano,Gidan Mai Unguwar Diso,,settlement,grid3,Diso,Gwale,Kano,0,1,8.512156,11.987161
Kano,kano,Gidan Mai Waina,,settlement,grid3,Unguwa Uku Cikin Gari,Tarauni,Kano,0,1,8.56629,11.953026
Kano,kano,Gidan Maigari,,settlement,grid3,Tudun Wada,Nassarawa,Kano,0,1,8.556719,12.022449
Kano,kano,Gidan Majema,,settlement,grid3,Zango (Ungogo),Ungogo,Kano,0,1,8.583023,12.044965
Kano,kano,Gidan Makafi,,settlement,grid3,Tudun Nufawa,Kano Municipal,Kano,0,1,8.519191,12.006011
Kano,kano,Gidan Makaranta,,settlement,grid3,Gayawa,Ungogo,Kano,0,1,8.555514,12.051226
Kano,kano,Gidan Makera,,settlement,grid3,Darmanawa,Tarauni,Kano,0,1,8.544678,11.950684
Kano,kano,Gidan Makera,,settlement,grid3,Goron Dutse,Gwale,Kano,0,1,8.507194,11.996959
Kano,kano,Gidan Malam Musa Umar Alkali,,settlement,grid3,Kawaji,Nassarawa,Kano,0,1,8.581486,12.012508
Kano,kano,Gidan Malam Sadiq Near Taloli,,settlement,grid3,Kawaji,Nassarawa,Kano,0,1,8.574312,12.01084
Kano,kano,Gidan Malam Yahuza,,settlement,grid3,Chiranchi,Kumbotso,Kano,0,1,8.472595,11.91748
Kano,kano,Gidan Malamai,,settlement,grid3,Gayawa,Ungogo,Kano,0,1,8.563792,12.04985
Kano,kano,Gidan Malamai,,settlement,grid3,Kumbotso,Kumbotso,Kano,0,1,8.497466,11.902512
Kano,kano,Gidan Malan Aminu,,settlement,grid3,Sharada,Kano Municipal,Kano,0,1,8.50718,11.975449
Kano,kano,Gidan Malan Babba,,settlement,grid3,Dan Maliki,Kumbotso,Kano,0,1,8.533395,11.954445
Kano,kano,Gidan Mamman,,settlement,grid3,Gyaranya,Gwale,Kano,0,1,8.508931,11.996838
Kano,kano,Gidan Mangoro,,settlement,grid3,Fagge A,Fagge,Kano,0,1,8.533062,12.000359
Kano,kano,Gidan Mangwaro,,settlement,grid3,Sharada,Kano Municipal,Kano,0,1,8.508369,11.97218
Kano,kano,Gidan Mangwaro,,settlement,grid3,Daurawa,Tarauni,Kano,0,1,8.555067,11.969027
Kano,kano,Gidan Masu Goro,,settlement,grid3,Unguwar Rimi,Kumbotso,Kano,0,1,8.563959,11.907208
Kano,kano,Gidan Maun Layin Kandahar,,settlement,grid3,Dorayi,Gwale,Kano,0,1,8.470319,11.970463
Kano,kano,Gidan Maza A,,settlement,grid3,Gandu Albasa,Kano Municipal,Kano,0,1,8.514157,11.960218
Kano,kano,Gidan Maza B,,settlement,grid3,Gandu Albasa,Kano Municipal,Kano,0,1,8.515343,11.9613
Kano,kano,Gidan Maza Layin Adali,,settlement,grid3,Gandu Albasa,Kano Municipal,Kano,0,1,8.514047,11.959259
Kano,kano,Gidan Mudi,,settlement,grid3,Unguwar Rimi,Kumbotso,Kano,0,1,8.596038,11.901368
Kano,kano,Gidan Nasir Mahraz,,settlement,grid3,Dorayi,Gwale,Kano,0,1,8.462055,11.975392
Kano,kano,Gidan Nika,,settlement,grid3,Rangaza,Ungogo,Kano,0,1,8.623914,12.079941
Kano,kano,Gidan Nufawa,,settlement,grid3,Dorayi,Gwale,Kano,0,1,8.473912,11.959114
Kano,kano,Gidan Rimi,,settlement,grid3,Gyaranya,Gwale,Kano,0,1,8.5083,11.999606
Kano,kano,Gidan Rimi,,settlement,grid3,Unguwar Rimi,Kumbotso,Kano,0,1,8.572083,11.907898
Kano,kano,Gidan Rimi A,,settlement,grid3,Unguwar Gano,Tarauni,Kano,0,1,8.562024,11.938458
Kano,kano,Gidan Ruwa,,settlement,grid3,Kaura Goje,Nassarawa,Kano,0,1,8.54256,12.038632
Kano,kano,Gidan Ruwa Asibit Gidan Malam Kamilu Ibrahim,,settlement,grid3,Kaura Goje,Nassarawa,Kano,0,1,8.542759,12.038855
Kano,kano,Gidan Ruwa Asibiti,,settlement,grid3,Kaura Goje,Nassarawa,Kano,0,1,8.542593,12.039134
Kano,kano,Gidan Ruwa Prp,,settlement,grid3,Kaura Goje,Nassarawa,Kano,0,1,8.5427,12.037405
Kano,kano,Gidan Ruwan Garkuwa,,settlement,grid3,Kawaji,Nassarawa,Kano,0,1,8.60394,12.006345
Kano,kano,Gidan Saadu Ibrahim Dan Wakili,,settlement,grid3,Kawaji,Nassarawa,Kano,0,1,8.58036,12.01218
Kano,kano,Gidan Sakatare,,settlement,grid3,Gyaranya,Gwale,Kano,0,1,8.508295,11.996633
Kano,kano,Gidan Sani Garba Kura Muhammad Street,,settlement,grid3,Kawaji,Nassarawa,Kano,0,1,8.58227,12.013217
Kano,kano,Gidan Sani Layin Kargo Warshu,,settlement,grid3,Dakata,Nassarawa,Kano,0,1,8.581349,12.021642
Kano,kano,Gidan Santare,,settlement,grid3,Diso,Gwale,Kano,0,1,8.514923,11.989276
Kano,kano,Gidan Sanusi Engr Layin Adamu Datuwa,,settlement,grid3,Kawaji,Nassarawa,Kano,0,1,8.573015,12.012819
Kano,kano,Gidan Sarki,,settlement,grid3,Fanisau,Ungogo,Kano,0,1,8.540594,12.080815
Kano,kano,Gidan Sarki,,settlement,grid3,Tudun Wazurchi,Kano Municipal,Kano,0,1,8.517273,11.993896
Kano,kano,Gidan Sarki Malamai,,settlement,grid3,Garun Gawa,Kumbotso,Kano,0,1,8.529125,11.96494
Kano,kano,Gidan Sarkin Aska,,settlement,grid3,Sharada,Kano Municipal,Kano,0,1,8.50628,11.976046
Kano,kano,Gidan Sarkin Tsakuwa,,settlement,grid3,Diso,Gwale,Kano,0,1,8.512236,11.988888
Kano,kano,Gidan Shamaki,,settlement,grid3,Unguwar Rimi,Kumbotso,Kano,0,1,8.593084,11.894059
Kano,kano,Gidan Shanu,,settlement,grid3,Fanisau,Ungogo,Kano,0,1,8.538327,12.081619
Kano,kano,Gidan Shanu,,settlement,grid3,Chiranchi,Kumbotso,Kano,0,1,8.486111,11.960881
Kano,kano,Gidan Shanu,,settlement,grid3,Gayawa,Ungogo,Kano,0,1,8.558899,12.051514
Kano,kano,Gidan Shanu Tskiya,,settlement,grid3,Chiranchi,Kumbotso,Kano,0,1,8.485186,11.96142
Kano,kano,Gidan Shehu,,settlement,grid3,Unguwar Rimi,Kumbotso,Kano,0,1,8.57232,11.910467
Kano,kano,Gidan Shehu Iliyasu,,settlement,grid3,Chiranchi,Kumbotso,Kano,0,1,8.48053,11.959473
Kano,kano,Gidan Shehu Kura,,settlement,grid3,Panshekara,Kumbotso,Kano,0,1,8.46017,11.897254
Kano,kano,Gidan Tajudeen Layina Dan Daura Mai Kalangu,,settlement,grid3,Dakata,Nassarawa,Kano,0,1,8.580997,12.022766
Kano,kano,Gidan Talle,,settlement,grid3,Kureken Sani,Kumbotso,Kano,0,1,8.596126,11.924937
Kano,kano,Gidan Talle Kudu,,settlement,grid3,Kureken Sani,Kumbotso,Kano,0,1,8.590363,11.928399
Kano,kano,Gidan Tsamiya,,settlement,grid3,Chalawa,Kumbotso,Kano,0,1,8.429185,11.924898
Kano,kano,Gidan Tsamiya Dagaci,,village,osm,Chiranchi,Kumbotso,Kano,0,1,8.48556,11.917
Kano,kano,Gidan Tsamiya Line,,settlement,grid3,Rijiyar Zaki,Ungogo,Kano,0,1,8.447876,11.98053
Kano,kano,Gidan Tsano,,settlement,grid3,Kumbotso,Kumbotso,Kano,0,1,8.500122,11.901489
Kano,kano,Gidan Vice Center,,settlement,grid3,Rijiyar Lemo,Fagge,Kano,0,1,8.481552,12.050714
Kano,kano,Gidan Vice Gabas,,settlement,grid3,Rijiyar Lemo,Fagge,Kano,0,1,8.483251,12.049708
Kano,kano,Gidan Vice North,,settlement,grid3,Rijiyar Lemo,Fagge,Kano,0,1,8.480286,12.050293
Kano,kano,Gidan Vice West,,settlement,grid3,Rijiyar Lemo,Fagge,Kano,0,1,8.482279,12.050913
Kano,kano,Gidan Vice Yamma,,settlement,grid3,Rijiyar Lemo,Fagge,Kano,0,1,8.481029,12.049006
Kano,kano,Gidan Wali,,settlement,grid3,Chalawa,Kumbotso,Kano,0,1,8.432139,11.893489
Kano,kano,Gidan Wanzamai,,settlement,grid3,Darmanawa,Tarauni,Kano,0,1,8.542725,11.948303
Kano,kano,Gidan Ya Sayyadi,,settlement,grid3,Bakin Ruwa,Dala,Kano,0,1,8.508821,12.002919
Kano,kano,Gidan Yakubu Kwanti,,settlement,grid3,Unguwar Rimi,Kumbotso,Kano,0,1,8.551101,11.897642
Kano,kano,Gidan Yamma,,settlement,grid3,Unguwar Rimi,Kumbotso,Kano,0,1,8.589294,11.890686
Kano,kano,Gidan Yan Alewa,,settlement,grid3,Gwale,Gwale,Kano,0,1,8.505887,11.986118
Kano,kano,Gidan Yarbawa,,settlement,grid3,Chalawa,Kumbotso,Kano,0,1,8.430691,11.926468
Kano,kano,Gidan Yarbori,,settlement,grid3,Dorayi,Gwale,Kano,0,1,8.462962,11.964654
Kano,kano,Gidan Zakka A,,settlement,grid3,Goron Dutse,Gwale,Kano,0,1,8.495313,12.006266
Kano,kano,Gidan Zakka B,,settlement,grid3,Goron Dutse,Gwale,Kano,0,1,8.494645,12.007406
Kano,kano,Gidan Zubairu Kusa da Railway Line,,settlement,grid3,Kawaji,Nassarawa,Kano,0,1,8.604764,12.005707
Kano,kano,Gidan Zuma,,settlement,grid3,Kumbotso,Kumbotso,Kano,0,1,8.496898,11.901968
Kano,kano,Gidan da,,settlement,grid3,Unguwar Rimi,Kumbotso,Kano,0,1,8.558172,11.905004
Kano,kano,Giga,,settlement,grid3,Fagge A,Fagge,Kano,0,1,8.536055,12.000021
Kano,kano,Gindin Garu,,settlement,grid3,Sharada,Kano Municipal,Kano,0,1,8.504567,11.977856
Kano,kano,Gindin Garu Babban Gida,,settlement,grid3,Sharada,Kano Municipal,Kano,0,1,8.505234,11.978021
Kano,kano,Giyayya,,settlement,grid3,Sani Mai Nagge,Gwale,Kano,0,1,8.501964,11.993703
Kano,kano,Gobirawa,,settlement,grid3,Dorayi,Gwale,Kano,0,1,8.476009,11.9661
Kano,kano,Gobirawa,,settlement,grid3,Tudun Fulani,Ungogo,Kano,0,1,8.42476,12.03548
Kano,kano,Gobirawa Adaraye,,settlement,grid3,Yada Kunya,Ungogo,Kano,0,1,8.60458,12.0907
Kano,kano,Gobirawa Burhana A,,settlement,grid3,Gobirawa,Dala,Kano,0,1,8.480588,12.024718
Kano,kano,Gobirawa Burhana B,,settlement,grid3,Gobirawa,Dala,Kano,0,1,8.478531,12.024095
Kano,kano,Gobirawa Cikin Gari A,,settlement,grid3,Gobirawa,Dala,Kano,0,1,8.484813,12.028916
Kano,kano,Gobirawa Cikin Gari B,,settlement,grid3,Gobirawa,Dala,Kano,0,1,8.482486,12.028365
Kano,kano,Gobirawa Dukawa Titin Yan Simoga,,settlement,grid3,Gobirawa,Dala,Kano,0,1,8.480072,12.029301
Kano,kano,Gobirawa Dukawa Yan Simoga B,,settlement,grid3,Gobirawa,Dala,Kano,0,1,8.476365,12.028814
Kano,kano,Gobirawa Hayi,,settlement,grid3,Yada Kunya,Ungogo,Kano,0,1,8.607841,12.090696
Kano,kano,Gobirawa Layin Direbobi A,,settlement,grid3,Gobirawa,Dala,Kano,0,1,8.489357,12.033473
Kano,kano,Gobirawa Layin Direbobi B,,settlement,grid3,Gobirawa,Dala,Kano,0,1,8.489779,12.030771
Kano,kano,Gobirawa Mai Likkafa A,,settlement,grid3,Gobirawa,Dala,Kano,0,1,8.478478,12.027571
Kano,kano,Gobirawa Mai Likkafa B,,settlement,grid3,Gobirawa,Dala,Kano,0,1,8.478662,12.026739
Kano,kano,Gobirawa Mai Likkafa C,,settlement,grid3,Gobirawa,Dala,Kano,0,1,8.47736,12.026501
Kano,kano,Gobirawar Dukawa,,settlement,grid3,Gobirawa,Dala,Kano,0,1,8.47553,12.028144
Kano,kano,Gold Coast,,settlement,grid3,Sabon Gari West,Fagge,Kano,0,1,8.53252,12.018601
Kano,kano,Gold Coast By Middle Road,,settlement,grid3,Sabon Gari West,Fagge,Kano,0,1,8.532683,12.019626
Kano,kano,Gold Coast Road,,settlement,grid3,Sabon Gari West,Fagge,Kano,0,1,8.532523,12.019091
Kano,kano,Goron Dutse Junction,,settlement,grid3,Dogon Nama,Dala,Kano,0,1,8.496213,11.998504
Kano,kano,Gorubai North,,settlement,grid3,Gobirawa,Dala,Kano,0,1,8.472429,12.023692
Kano,kano,Gorubai West,,settlement,grid3,Gobirawa,Dala,Kano,0,1,8.472471,12.025839
Kano,kano,Gozawa,,settlement,grid3,Yada Kunya,Ungogo,Kano,0,1,8.584229,12.073901
Kano,kano,Green House,,settlement,grid3,Darmanawa,Tarauni,Kano,0,1,8.551287,11.952739
Kano,kano,Gunde,,settlement,grid3,Gayawa,Ungogo,Kano,0,1,8.566031,12.059611
Kano,kano,Gundugu,,settlement,grid3,Rijiyar Zaki,Ungogo,Kano,0,1,8.430481,12.006714
Kano,kano,Gundumi,,settlement,grid3,Rangaza,Ungogo,Kano,0,1,8.606707,12.055481
Kano,kano,Gungawa A,,settlement,grid3,Garun Gawa,Kumbotso,Kano,0,1,8.499695,11.928894
Kano,kano,Gungawa B,,settlement,grid3,Garun Gawa,Kumbotso,Kano,0,1,8.504181,11.928728
Kano,kano,Gunkawa,,settlement,grid3,Garun Gawa,Kumbotso,Kano,0,1,8.50386,11.92621
Kano,kano,Gurun Gawa,,settlement,grid3,Garun Gawa,Kumbotso,Kano,0,1,8.519786,11.931174
Kano,kano,Gurun Gawa Tsakiya,,settlement,grid3,Garun Gawa,Kumbotso,Kano,0,1,8.521566,11.932648
Kano,kano,Gwale Jaen,,settlement,grid3,Dorayi,Gwale,Kano,0,1,8.482955,11.949795
Kano,kano,Gwale Jaen Yamma,,settlement,grid3,Dorayi,Gwale,Kano,0,1,8.480286,11.942505
Kano,kano,Gwale Ramin Jigawa,,settlement,grid3,Dorayi,Gwale,Kano,0,1,8.488281,11.964294
Kano,kano,Gwale Sabon Gida,,settlement,grid3,Dorayi,Gwale,Kano,0,1,8.49231,11.966125
Kano,kano,Gwammaja II,,settlement,grid3,Gwammaja,Dala,Kano,0,1,8.508942,12.024953
Kano,kano,Gwangwamawa,,settlement,grid3,Bachirawa,Ungogo,Kano,0,1,8.432678,12.032898
Kano,kano,Gwangwazo Layin Aminu Dutse,,settlement,grid3,Tudun Wazurchi,Kano Municipal,Kano,0,1,8.51998,11.986692
Kano,kano,Gwangwazo Layin Wambai,,settlement,grid3,Tudun Wazurchi,Kano Municipal,Kano,0,1,8.517176,11.98635
Kano,kano,Gwangwazo Lokon Madunka,,settlement,grid3,Tudun Wazurchi,Kano Municipal,Kano,0,1,8.520546,11.986108
Kano,kano,Gwaram Street,,settlement,grid3,Sani Mai Nagge,Gwale,Kano,0,1,8.491669,11.981602
Kano,kano,Gwarza Layin Babban Gida,,settlement,grid3,Hotoro North,Nassarawa,Kano,0,1,8.579348,11.976216
Kano,kano,Gwarza Layin Bankaura,,settlement,grid3,Hotoro North,Nassarawa,Kano,0,1,8.57783,11.97605
Kano,kano,Gwarza Layin Gidan Halliru Mai Zare,,settlement,grid3,Hotoro North,Nassarawa,Kano,0,1,8.579876,11.975926
Kano,kano,Gwarza Layin Umar Baffa Tela,,settlement,grid3,Hotoro North,Nassarawa,Kano,0,1,8.577302,11.97718
Kano,kano,Gwazaye,,settlement,grid3,Danbare,Kumbotso,Kano,0,1,8.45802,11.94327
Kano,kano,Gwazaye Gawun Ala,,settlement,grid3,Danbare,Kumbotso,Kano,0,1,8.463442,11.959371
Kano,kano,Gwazaye Tunga Layin Daarul Islam,,settlement,grid3,Danbare,Kumbotso,Kano,0,1,8.465813,11.960908
Kano,kano,Gwazaye Tunga Layin Mai Salati,,settlement,grid3,Danbare,Kumbotso,Kano,0,1,8.465281,11.962491
Kano,kano,Gwazaye Unguwar Liman,,settlement,grid3,Danbare,Kumbotso,Kano,0,1,8.464675,11.95735
Kano,kano,Gyadi Gyadin Kudu,,settlement,grid3,Gyadi Gyadi Kudu,Tarauni,Kano,0,1,8.545496,11.97221
Kano,kano,Gyadi-Gyadin Arewa,,village,osm,Gyadi Gyadi Arewa,Tarauni,Kano,0,1,8.54143,11.9752
Kano,kano,Gyanawa A,,settlement,grid3,Yakasai,Kano Municipal,Kano,0,1,8.524979,11.993725
Kano,kano,Gyanawa B,,settlement,grid3,Yakasai,Kano Municipal,Kano,0,1,8.524282,11.994175
Kano,kano,Gyanawa C,,settlement,grid3,Yakasai,Kano Municipal,Kano,0,1,8.525395,11.993979
Kano,kano,Habibu Kansila Line,,settlement,grid3,Gwagwarwa,Nassarawa,Kano,0,1,8.544873,12.032926
Kano,kano,Habila Clinic,,settlement,grid3,Fagge D2,Fagge,Kano,0,1,8.5249,12.028525
Kano,kano,Haido Islamiya,,settlement,grid3,Fagge B,Fagge,Kano,0,1,8.530084,12.005382
Kano,kano,Haido West Tashar Fagge,,settlement,grid3,Fagge B,Fagge,Kano,0,1,8.531081,12.005862
Kano,kano,Hajj Mai Wando,,settlement,grid3,Rijiyar Zaki,Ungogo,Kano,0,1,8.456482,11.981079
Kano,kano,Halal Table Water,,settlement,grid3,Fagge A,Fagge,Kano,0,1,8.535126,12.003432
Kano,kano,Hamidawa,,settlement,grid3,Unguwar Rimi,Kumbotso,Kano,0,1,8.590271,11.911926
Kano,kano,Haru Manager,,settlement,grid3,Unguwa Uku Cikin Gari,Tarauni,Kano,0,1,8.566284,11.95929
Kano,kano,Hassan Gwarzo,,settlement,grid3,Dan Maliki,Kumbotso,Kano,0,1,8.539041,11.952653
Kano,kano,Hauran Motoci,,settlement,grid3,Gwale,Gwale,Kano,0,1,8.515235,11.982621
Kano,kano,Hauren Balagun A,,settlement,grid3,Yakasai,Kano Municipal,Kano,0,1,8.530115,11.995657
Kano,kano,Hauren Balagun B,,settlement,grid3,Yakasai,Kano Municipal,Kano,0,1,8.529331,11.995409
Kano,kano,Hauren Balagun C,,settlement,grid3,Yakasai,Kano Municipal,Kano,0,1,8.528237,11.996848
Kano,kano,Hauren Washi,,settlement,grid3,Yakasai,Kano Municipal,Kano,0,1,8.530032,11.993724
Kano,kano,Hausawa,,settlement,grid3,Chalawa,Kumbotso,Kano,0,1,8.424634,11.924867
Kano,kano,Hausawa Tsakiya,,settlement,grid3,Babban Giji,Tarauni,Kano,0,1,8.534302,11.969482
Kano,kano,Havilah,,settlement,grid3,Tarauni,Tarauni,Kano,0,1,8.546445,11.973812
Kano,kano,Haye Babban Layi,,settlement,grid3,Hotoro North,Nassarawa,Kano,0,1,8.591953,12.007224
Kano,kano,Haye Layin Alhaji Indagi,,settlement,grid3,Hotoro North,Nassarawa,Kano,0,1,8.59018,12.006185
Kano,kano,Haye Layin Diga,,settlement,grid3,Hotoro North,Nassarawa,Kano,0,1,8.592143,12.00592
Kano,kano,Haye Layin Gidan Babban Gida,,settlement,grid3,Hotoro North,Nassarawa,Kano,0,1,8.590715,12.002386
Kano,kano,Hayi B,,settlement,grid3,Gwagwarwa,Nassarawa,Kano,0,1,8.545586,12.031525
Kano,kano,Hayi Da'e C,,settlement,grid3,Hotoro,Tarauni,Kano,0,1,8.593021,11.957913
Kano,kano,Hayin Bubbugaje,,settlement,grid3,Dan Maliki,Kumbotso,Kano,0,1,8.49308,11.942843
Kano,kano,Hayin Dai,,settlement,grid3,Mariri,Kumbotso,Kano,0,1,8.590843,11.956602
Kano,kano,Hayin Fulani,,settlement,grid3,Panshekara,Kumbotso,Kano,0,1,8.454942,11.89578
Kano,kano,Hayin Gidan Malam Ibrahim,,settlement,grid3,Kureken Sani,Kumbotso,Kano,0,1,8.593914,11.936769
Kano,kano,Hayin Karafka,,settlement,grid3,Chiranchi,Kumbotso,Kano,0,1,8.476414,11.915804
Kano,kano,Hayin Kashin,,settlement,grid3,Chalawa,Kumbotso,Kano,0,1,8.431224,11.89424
Kano,kano,Hayin Yan Kura,,settlement,grid3,Gwagwarwa,Nassarawa,Kano,0,1,8.544511,12.028151
Kano,kano,Hmch,,settlement,grid3,Babban Giji,Tarauni,Kano,0,1,8.535934,11.963453
Kano,kano,Hoda Gas Arewa,,settlement,grid3,Rijiyar Lemo,Fagge,Kano,0,1,8.48073,12.050838
Kano,kano,Hoda Gas Center,,settlement,grid3,Rijiyar Lemo,Fagge,Kano,0,1,8.480831,12.051421
Kano,kano,Hoda Gas North,,settlement,grid3,Rijiyar Lemo,Fagge,Kano,0,1,8.48111,12.052643
Kano,kano,Hoto,,settlement,grid3,Bachirawa,Ungogo,Kano,0,1,8.424771,12.043676
Kano,kano,Hotoro Cikin Gari,,settlement,grid3,Hotoro North,Nassarawa,Kano,0,1,8.583892,11.981814
Kano,kano,Hotoro Cikin Gari A Layin Asibiti,,settlement,grid3,Hotoro South,Nassarawa,Kano,0,1,8.581026,11.970631
Kano,kano,Hotoro Cikin Gari A Layin Isihu Hayaniya,,settlement,grid3,Hotoro South,Nassarawa,Kano,0,1,8.580674,11.968771
Kano,kano,Hotoro Cikin Gari A Layin Kankare,,settlement,grid3,Hotoro South,Nassarawa,Kano,0,1,8.580244,11.968715
Kano,kano,Hotoro Cikin Gari A Layin Maigari,,settlement,grid3,Hotoro South,Nassarawa,Kano,0,1,8.580444,11.968175
Kano,kano,Housing Estate,,settlement,grid3,Gwammaja,Dala,Kano,0,1,8.504725,12.021746
Kano,kano,Ibadan Road,,settlement,grid3,Sabon Gari West,Fagge,Kano,0,1,8.532605,12.017961
Kano,kano,Ibb Kasan Layi,,settlement,grid3,Fagge B,Fagge,Kano,0,1,8.526523,12.007427
Kano,kano,Ibrahim Dabo Road,,settlement,grid3,Tarauni,Tarauni,Kano,0,1,8.539854,11.98121
Kano,kano,Ibrahim Gambo Kalla,,settlement,grid3,Giginyu,Nassarawa,Kano,0,1,8.565778,11.989489
Kano,kano,Ibrahim Kazaure,,settlement,grid3,Hotoro,Tarauni,Kano,0,1,8.564532,11.971911
Kano,kano,Ibrahim Khalil Line,,settlement,grid3,Rijiyar Zaki,Ungogo,Kano,0,1,8.448855,11.975238
Kano,kano,Ibrahim Kunya,,settlement,grid3,Mariri,Kumbotso,Kano,0,1,8.604267,11.951948
Kano,kano,Ibrahim Na Tsugunne,,settlement,grid3,Giginyu,Nassarawa,Kano,0,1,8.564889,11.999823
Kano,kano,Ibrahim Taiwo Road,,settlement,grid3,Fagge B,Fagge,Kano,0,1,8.531991,12.007469
Kano,kano,Idin Jakai,,settlement,grid3,Dorayi,Gwale,Kano,0,1,8.470963,11.956877
Kano,kano,Igbo By Abeokura Road,,settlement,grid3,Sabon Gari East,Fagge,Kano,0,1,8.539394,12.021483
Kano,kano,Igbo By Atiken Road,,settlement,grid3,Sabon Gari East,Fagge,Kano,0,1,8.539711,12.020489
Kano,kano,Igbo By Emir Road,,settlement,grid3,Sabon Gari East,Fagge,Kano,0,1,8.53925,12.017493
Kano,kano,Igbo By Middle Road,,settlement,grid3,Sabon Gari East,Fagge,Kano,0,1,8.538312,12.019658
Kano,kano,Igbo By New Road,,settlement,grid3,Sabon Gari East,Fagge,Kano,0,1,8.540764,12.018454
Kano,kano,Igbo By Onitsha Road,,settlement,grid3,Sabon Gari East,Fagge,Kano,0,1,8.539448,12.025099
Kano,kano,Igbo By Sarkin Yaki,,settlement,grid3,Sabon Gari East,Fagge,Kano,0,1,8.539825,12.026312
Kano,kano,Igbo By Warri Road,,settlement,grid3,Sabon Gari East,Fagge,Kano,0,1,8.539427,12.02276
Kano,kano,Igbo By Yoruba Road,,settlement,grid3,Sabon Gari East,Fagge,Kano,0,1,8.540225,12.016651
Kano,kano,Igbo Market,,settlement,grid3,Sabon Gari East,Fagge,Kano,0,1,8.540734,12.012121
Kano,kano,Ijebu Road,,settlement,grid3,Sabon Gari West,Fagge,Kano,0,1,8.536071,12.024417
Kano,kano,Ijebu Road By Court Road,,settlement,grid3,Sabon Gari East,Fagge,Kano,0,1,8.535026,12.024062
Kano,kano,Ijebu Road By Gold Coast,,settlement,grid3,Sabon Gari West,Fagge,Kano,0,1,8.532451,12.024342
Kano,kano,Ijebu Road By Igbo Road,,settlement,grid3,Sabon Gari East,Fagge,Kano,0,1,8.539271,12.024382
Kano,kano,Ilaro Road,,settlement,grid3,Sabon Gari East,Fagge,Kano,0,1,8.539709,12.012063
Kano,kano,Imam Road,,settlement,grid3,Sabon Gari East,Fagge,Kano,0,1,8.542526,12.020378
Kano,kano,Indabawa,,settlement,grid3,Dan Agundi,Kano Municipal,Kano,0,1,8.523315,11.983276
Kano,kano,Indabo,,settlement,grid3,Fanisau,Ungogo,Kano,0,1,8.552307,12.092712
Kano,kano,Industrial Area,,settlement,grid3,Tudun Wada,Nassarawa,Kano,0,1,8.545732,12.017526
Kano,kano,Injin Kalla,,settlement,grid3,Danbare,Kumbotso,Kano,0,1,8.455078,11.943726
Kano,kano,Inkyan Fulani,,settlement,grid3,Rangaza,Ungogo,Kano,0,1,8.588619,12.045032
Kano,kano,Inusawa Cikin Gari,,settlement,grid3,Yada Kunya,Ungogo,Kano,0,1,8.598016,12.070519
Kano,kano,Inusawa Yamma,,settlement,grid3,Yada Kunya,Ungogo,Kano,0,1,8.59541,12.06504
Kano,kano,Inuwa Mai Kadara,,settlement,grid3,Fagge B,Fagge,Kano,0,1,8.531108,12.00614
Kano,kano,Iroko Avenue,,settlement,grid3,Sabon Gari West,Fagge,Kano,0,1,8.534677,12.030986
Kano,kano,Isah Direba,,settlement,grid3,Tarauni,Tarauni,Kano,0,1,8.563785,11.97762
Kano,kano,Iyakar Yan Gizo,,settlement,grid3,Kureken Sani,Kumbotso,Kano,0,1,8.590881,11.921326
Kano,kano,Izala,,settlement,grid3,Unguwa Uku Cikin Gari,Tarauni,Kano,0,1,8.565988,11.960476
Kano,kano,Ja'oji,,settlement,grid3,Garun Gawa,Kumbotso,Kano,0,1,8.527401,11.962433
Kano,kano,Jaafar Abu Nafiu,,settlement,grid3,Gandu Albasa,Kano Municipal,Kano,0,1,8.521785,11.967999
Kano,kano,Jaba,,village,osm,Sabon Gari East,Fagge,Kano,0,1,8.54417,12.0619
Kano,kano,Jaen,,village,osm,Dorayi,Gwale,Kano,0,1,8.484771,11.953964
Kano,kano,Jaen Jigawa,,settlement,grid3,Dorayi,Gwale,Kano,0,1,8.491089,11.965515
Kano,kano,Jaen Rinji,,settlement,grid3,Dorayi,Gwale,Kano,0,1,8.501228,11.963811
Kano,kano,Jaen Sabon Gida,,settlement,grid3,Dorayi,Gwale,Kano,0,1,8.490492,11.967094
Kano,kano,Jaen Yamma B Layin Makabarta,,settlement,grid3,Dorayi,Gwale,Kano,0,1,8.476895,11.941336
Kano,kano,Jaen Yamma Sani Waya,,settlement,grid3,Dorayi,Gwale,Kano,0,1,8.482124,11.939877
Kano,kano,Jafar Islamiyya A,,settlement,grid3,Gandu Albasa,Kano Municipal,Kano,0,1,8.5213,11.969034
Kano,kano,Jafar Islamiyya B,,settlement,grid3,Gandu Albasa,Kano Municipal,Kano,0,1,8.520477,11.968068
Kano,kano,Jajirma,,settlement,grid3,Dan Maliki,Kumbotso,Kano,0,1,8.499018,11.939057
Kano,kano,Jakada Clinic Street,,settlement,grid3,Dorayi,Gwale,Kano,0,1,8.455736,11.959946
Kano,kano,Jala Jala Layin Dan Kargo,,settlement,grid3,Kaura Goje,Nassarawa,Kano,0,1,8.55351,12.038042
Kano,kano,Jala Jala Makabarata Layin Sulaiman Gama,,settlement,grid3,Kaura Goje,Nassarawa,Kano,0,1,8.555322,12.042649
Kano,kano,Jala Jala Yanakatanaga Layin Dan Kargo,,settlement,grid3,Kaura Goje,Nassarawa,Kano,0,1,8.55355,12.04165
Kano,kano,Jalli,,settlement,grid3,Babban Giji,Tarauni,Kano,0,1,8.537407,11.964906
Kano,kano,Jama'A,,village,osm,Tudun Fulani,Ungogo,Kano,0,1,8.41189,12.0294
Kano,kano,Jamaa,,settlement,grid3,Tudun Fulani,Ungogo,Kano,0,1,8.411877,12.030279
Kano,kano,Jamadi,,settlement,grid3,Tudun Fulani,Ungogo,Kano,0,1,8.470703,12.029907
Kano,kano,Jan Bulo Layin Masallacin Juma'a,,settlement,grid3,Darmanawa,Tarauni,Kano,0,1,8.545716,11.954479
Kano,kano,Jan Ruwa Avenue,,settlement,grid3,Sani Mai Nagge,Gwale,Kano,0,1,8.500808,11.99339
Kano,kano,Janare,,settlement,grid3,Panshekara,Kumbotso,Kano,0,1,8.462583,11.911593
Kano,kano,Janbulo Layin Makabarta,,settlement,grid3,Darmanawa,Tarauni,Kano,0,1,8.5477,11.955872
Kano,kano,Jangaru,,village,osm,Ungogo,Ungogo,Kano,0,1,8.47288,12.0809
Kano,kano,Jangaru A Layin Barrister Street,,settlement,grid3,Ungogo,Ungogo,Kano,0,1,8.473927,12.081392
Kano,kano,Jangaru A Layin Late Abdu Wanzam,,settlement,grid3,Ungogo,Ungogo,Kano,0,1,8.474476,12.081491
Kano,kano,Jangaru A Layin Mall Muhammed Lawal Liman,,settlement,grid3,Ungogo,Ungogo,Kano,0,1,8.474419,12.080406
Kano,kano,Jangaru A Layin Sharu Awal Street,,settlement,grid3,Ungogo,Ungogo,Kano,0,1,8.474576,12.079819
Kano,kano,Jangaru B Layin Alhaji Danladi Mai Kanti,,settlement,grid3,Ungogo,Ungogo,Kano,0,1,8.472638,12.080515
Kano,kano,Jangaru B Layin Dan Dolo Kusa da Baban Titi,,settlement,grid3,Ungogo,Ungogo,Kano,0,1,8.472621,12.081527
Kano,kano,Jangaru B Layin Gidan IDI Kusa da Sumaila Mai,,settlement,grid3,Ungogo,Ungogo,Kano,0,1,8.473377,12.080621
Kano,kano,Jangaru B Layin Gidan Mai Unguwar,,settlement,grid3,Ungogo,Ungogo,Kano,0,1,8.473288,12.081625
Kano,kano,Jangaru B Layin Gidan Mamuda Kwowa Naka,,settlement,grid3,Ungogo,Ungogo,Kano,0,1,8.472199,12.080462
Kano,kano,Jangaru B Layin Gidan Musa Kusa da Dogo Gidan,,settlement,grid3,Ungogo,Ungogo,Kano,0,1,8.474068,12.080444
Kano,kano,Jangaru B Layin Na Sumaila,,settlement,grid3,Ungogo,Ungogo,Kano,0,1,8.473788,12.080022
Kano,kano,Jangaru Unguwa A,,settlement,grid3,Ungogo,Ungogo,Kano,0,1,8.471497,12.080902
Kano,kano,Jangaru Unguwa B,,settlement,grid3,Ungogo,Ungogo,Kano,0,1,8.472868,12.079221
Kano,kano,Jankadawa,,settlement,grid3,Rijiyar Zaki,Ungogo,Kano,0,1,8.431885,12.01593
Kano,kano,Jaoji,,settlement,grid3,Gyadi Gyadi Arewa,Tarauni,Kano,0,1,8.54133,11.976175
Kano,kano,Jaoji Kudu,,settlement,grid3,Garun Gawa,Kumbotso,Kano,0,1,8.52713,11.960566
Kano,kano,Jarkasa,,settlement,grid3,Gayawa,Ungogo,Kano,0,1,8.5762,12.07347
Kano,kano,Jarkasa,,settlement,grid3,Naibawa,Kumbotso,Kano,0,1,8.568298,11.932495
Kano,kano,Jerry Gana,,settlement,grid3,Mariri,Kumbotso,Kano,0,1,8.618341,11.938974
Kano,kano,Jigawa,,settlement,grid3,Rangaza,Ungogo,Kano,0,1,8.635282,12.077578
Kano,kano,Jigirya A Layin Gidan Mai Unguwa Nuhu,,settlement,grid3,Kawaji,Nassarawa,Kano,0,1,8.573535,12.006385
Kano,kano,Jigirya A Layin Gidan Tijjani Bala Kalarawi,,settlement,grid3,Kawaji,Nassarawa,Kano,0,1,8.575771,12.005994
Kano,kano,Jigirya A Layin Gidan Tujjani Speaking,,settlement,grid3,Kawaji,Nassarawa,Kano,0,1,8.574123,12.006371
Kano,kano,Jigirya A Layin Malam Musa,,settlement,grid3,Kawaji,Nassarawa,Kano,0,1,8.576458,12.007706
Kano,kano,Juma,,settlement,grid3,Kantudu,Dala,Kano,0,1,8.509547,12.007279
Kano,kano,Juma'at,,settlement,grid3,Tarauni,Tarauni,Kano,0,1,8.562425,11.977114
Kano,kano,Kaashin Cikin Gari,,settlement,grid3,Chalawa,Kumbotso,Kano,0,1,8.427124,11.897522
Kano,kano,Kabara Layin Mai Unguwa,,settlement,grid3,Tudun Wazurchi,Kano Municipal,Kano,0,1,8.515391,11.993462
Kano,kano,Kabawa Layin Sani Tela,,settlement,grid3,Dala,Dala,Kano,0,1,8.509115,12.006569
Kano,kano,Kabba Avenue 1,,settlement,grid3,Sabon Gari West,Fagge,Kano,0,1,8.535748,12.031325
Kano,kano,Kabba Avenue 2,,settlement,grid3,Sabon Gari West,Fagge,Kano,0,1,8.535675,12.030455
Kano,kano,Kabiru Kiru,,settlement,grid3,Sharada,Kano Municipal,Kano,0,1,8.502075,11.977722
Kano,kano,Kabiru Sanda,,settlement,grid3,Tarauni,Tarauni,Kano,0,1,8.556618,11.976108
Kano,kano,Kabobo Street,,settlement,grid3,Fagge C,Fagge,Kano,0,1,8.529686,12.009545
Kano,kano,Kabuga B,,settlement,grid3,Kabuga,Gwale,Kano,0,1,8.4823,11.987305
Kano,kano,Kabuga Kansakali,,settlement,grid3,Kabuga,Gwale,Kano,0,1,8.488281,12.000671
Kano,kano,Kabuwaya Gangaren Madabo,,settlement,grid3,Kabuwaya,Dala,Kano,0,1,8.511565,12.005812
Kano,kano,Kabuwaya Layin Mai Unguwa,,settlement,grid3,Kabuwaya,Dala,Kano,0,1,8.511792,12.005571
Kano,kano,Kachako,,settlement,grid3,Kadawa,Ungogo,Kano,0,1,8.484972,12.070609
Kano,kano,Kadafa Line,,settlement,grid3,Giginyu,Nassarawa,Kano,0,1,8.578538,12.002729
Kano,kano,Kadage,,settlement,grid3,Kadawa,Ungogo,Kano,0,1,8.452619,12.069671
Kano,kano,Kadage,,settlement,grid3,Rangaza,Ungogo,Kano,0,1,8.63145,12.075125
Kano,kano,Kadawa Gabas,,settlement,grid3,Kadawa,Ungogo,Kano,0,1,8.455993,12.077185
Kano,kano,Kadawa Yamma,,settlement,grid3,Kadawa,Ungogo,Kano,0,1,8.453308,12.073512
Kano,kano,Kadiyawa,,settlement,grid3,Rangaza,Ungogo,Kano,0,1,8.615723,12.074524
Kano,kano,Kafar Ruwa A,,settlement,grid3,Kofar Ruwa,Dala,Kano,0,1,8.50033,12.025102
Kano,kano,Kafin Hausa Avenue,,settlement,grid3,Sani Mai Nagge,Gwale,Kano,0,1,8.496614,11.982057
Kano,kano,Kaloma,,settlement,grid3,Naibawa,Kumbotso,Kano,0,1,8.54729,11.92953
Kano,kano,Kamfa,,village,osm,Kumbotso,Kumbotso,Kano,0,1,8.51715,11.9036
Kano,kano,Kamfala,,settlement,grid3,Fanisau,Ungogo,Kano,0,1,8.542488,12.077365
Kano,kano,Kamfala Layin Farko,,settlement,grid3,Kwachiri,Fagge,Kano,0,1,8.487807,12.045963
Kano,kano,Kamfani,,settlement,grid3,Panshekara,Kumbotso,Kano,0,1,8.45777,11.896718
Kano,kano,Kan Fako,,settlement,grid3,Fanisau,Ungogo,Kano,0,1,8.540862,12.079728
Kano,kano,Kan Karofi Bayan Gidan Mai Unguwa,,settlement,grid3,Kan Karofi,Kano Municipal,Kano,0,1,8.523821,11.992641
Kano,kano,Kan Karofi Layin Gidan Sarikin Ringim,,settlement,grid3,Kan Karofi,Kano Municipal,Kano,0,1,8.523845,11.991191
Kano,kano,Kan Karofi Layin Wanzamai,,settlement,grid3,Kan Karofi,Kano Municipal,Kano,0,1,8.523659,11.991813
Kano,kano,Kan Marmara,,settlement,grid3,Galadanchi,Gwale,Kano,0,1,8.51154,11.989155
Kano,kano,Kan Titin Dadin Kowa,,settlement,grid3,Yammata,Fagge,Kano,0,1,8.472753,12.061695
Kano,kano,Kan Tudu,,settlement,grid3,Unguwar Rimi,Kumbotso,Kano,0,1,8.591494,11.892909
Kano,kano,Kan Tudu,,settlement,grid3,Kumbotso,Kumbotso,Kano,0,1,8.502714,11.890121
Kano,kano,Kan Tudu,,settlement,grid3,Chiranchi,Kumbotso,Kano,0,1,8.47219,11.950368
Kano,kano,Kandahar Center,,settlement,grid3,Rijiyar Lemo,Fagge,Kano,0,1,8.477909,12.053731
Kano,kano,Kandahar Daji,,settlement,grid3,Kwachiri,Fagge,Kano,0,1,8.482509,12.059047
Kano,kano,Kandahar Gada,,settlement,grid3,Rijiyar Lemo,Fagge,Kano,0,1,8.476518,12.053227
Kano,kano,Kandahar North,,settlement,grid3,Rijiyar Lemo,Fagge,Kano,0,1,8.47937,12.055095
Kano,kano,Kandahar North Layin Danjuma Mai Tifa,,settlement,grid3,Rijiyar Lemo,Fagge,Kano,0,1,8.478731,12.054205
Kano,kano,Kandahar West,,settlement,grid3,Gobirawa,Dala,Kano,0,1,8.47562,12.053322
Kano,kano,Kangiwa Layin Malam Babaye,,settlement,grid3,Dala,Dala,Kano,0,1,8.508795,12.006867
Kano,kano,Kangiwa Makarantar Malam Hussaini,,settlement,grid3,Dala,Dala,Kano,0,1,8.508197,12.005151
Kano,kano,Kangiwa Makarantar Sidi Habu,,settlement,grid3,Dala,Dala,Kano,0,1,8.508955,12.006223
Kano,kano,Kankare,,settlement,grid3,Gayawa,Ungogo,Kano,0,1,8.552946,12.085648
Kano,kano,Kankare,,settlement,grid3,Panshekara,Kumbotso,Kano,0,1,8.456495,11.895815
Kano,kano,Kankare Layin Sani Alaramma,,settlement,grid3,Gama,Nassarawa,Kano,0,1,8.558091,12.03387
Kano,kano,Kankare Layin Yandaru,,settlement,grid3,Gama,Nassarawa,Kano,0,1,8.557492,12.032896
Kano,kano,Kano Club Bompai,,settlement,grid3,Giginyu,Nassarawa,Kano,0,1,8.5566,12.0059
Kano,kano,Kansila Tsoho,,village,osm,Dorayi,Gwale,Kano,0,1,8.47538,11.9381
Kano,kano,Kansila Tsoho,,village,osm,Chiranchi,Kumbotso,Kano,0,1,8.47467,11.9352
Kano,kano,Kansuwa,,village,osm,Ungogo,Ungogo,Kano,0,1,8.4984,12.1128
Kano,kano,Kansuwa Makaranta,,settlement,grid3,Ungogo,Ungogo,Kano,0,1,8.498208,12.112787
Kano,kano,Kansuwar Dogon Line,,settlement,grid3,Ungogo,Ungogo,Kano,0,1,8.498442,12.113242
Kano,kano,Kansuwar Layin Gidan Mai Gari,,settlement,grid3,Ungogo,Ungogo,Kano,0,1,8.498043,12.113478
Kano,kano,Kansuwar Layin Mai Unguwar Kansuwar,,settlement,grid3,Ungogo,Ungogo,Kano,0,1,8.497624,12.113453
Kano,kano,Kansuwar Mai Ungwar Salisu Yan Madi,,settlement,grid3,Ungogo,Ungogo,Kano,0,1,8.509338,12.124448
Kano,kano,Kantin Kurma,,settlement,grid3,Gyaranya,Gwale,Kano,0,1,8.511553,11.997939
Kano,kano,Kantin Mallam Adamu,,settlement,grid3,Kwachiri,Fagge,Kano,0,1,8.486343,12.048891
Kano,kano,Kantudu,,settlement,grid3,Galadanchi,Gwale,Kano,0,1,8.510632,11.990164
Kano,kano,Kantudu,,settlement,grid3,Tudun Fulani,Ungogo,Kano,0,1,8.479004,12.037079
Kano,kano,Kantudu A,,settlement,grid3,Yakasai,Kano Municipal,Kano,0,1,8.522291,11.995388
Kano,kano,Kantudu A,,settlement,grid3,Dala,Dala,Kano,0,1,8.507384,12.010236
Kano,kano,Kantudu B,,settlement,grid3,Kantudu,Dala,Kano,0,1,8.509484,12.010318
Kano,kano,Kantudu B,,settlement,grid3,Yakasai,Kano Municipal,Kano,0,1,8.522511,11.994244
Kano,kano,Kantudu C,,settlement,grid3,Yakasai,Kano Municipal,Kano,0,1,8.52272,11.992955
Kano,kano,Kantudu Kasuwar Kulkul,,settlement,grid3,Yalwa,Dala,Kano,0,1,8.501743,12.00376
Kano,kano,Kantudu Unguwar A,,settlement,grid3,Kantudu,Dala,Kano,0,1,8.508279,12.009942
Kano,kano,Kanwa,,settlement,grid3,Fanisau,Ungogo,Kano,0,1,8.540416,12.082365
Kano,kano,Kara Avenue,,settlement,grid3,Sani Mai Nagge,Gwale,Kano,0,1,8.491499,11.980042
Kano,kano,Karafka,,settlement,grid3,Dorayi,Gwale,Kano,0,1,8.472684,11.969478
Kano,kano,Karamin Layi 1,,settlement,grid3,Fagge D1,Fagge,Kano,0,1,8.525836,12.009675
Kano,kano,Karamin Layi 2,,settlement,grid3,Fagge D1,Fagge,Kano,0,1,8.524964,12.009203
Kano,kano,Karkasara Layin Mai Unguwa,,settlement,grid3,Darmanawa,Tarauni,Kano,0,1,8.543636,11.959922
Kano,kano,Karkasara Layin Yau Kwamanda,,settlement,grid3,Darmanawa,Tarauni,Kano,0,1,8.544085,11.958782
Kano,kano,Karo Unguwar Arewa,,settlement,grid3,Karo,Ungogo,Kano,0,1,8.544214,12.120616
Kano,kano,Karo Unguwar Gabas,,settlement,grid3,Karo,Ungogo,Kano,0,1,8.550372,12.125716
Kano,kano,Karo Unguwar Kudu,,settlement,grid3,Karo,Ungogo,Kano,0,1,8.545928,12.119503
Kano,kano,Karofin Gangamau,,settlement,grid3,Adakawa,Dala,Kano,0,1,8.513539,12.007854
Kano,kano,Karofin Kashin,,settlement,grid3,Chalawa,Kumbotso,Kano,0,1,8.429321,11.886902
Kano,kano,Karon Buzaye,,settlement,grid3,Karo,Ungogo,Kano,0,1,8.539372,12.132115
Kano,kano,Karshen Kwalta,,settlement,grid3,Dan Maliki,Kumbotso,Kano,0,1,8.532275,11.948933
Kano,kano,Kashin,,settlement,grid3,Chalawa,Kumbotso,Kano,0,1,8.425981,11.894825
Kano,kano,Kashu,,settlement,grid3,Dorayi,Gwale,Kano,0,1,8.473981,11.937933
Kano,kano,Kasuwar Adakawa,,settlement,grid3,Adakawa,Dala,Kano,0,1,8.512321,12.010248
Kano,kano,Kasuwar Nene,,settlement,grid3,Naibawa,Kumbotso,Kano,0,1,8.540622,11.928587
Kano,kano,Kasuwar Takari,,settlement,grid3,Gama,Nassarawa,Kano,0,1,8.552775,12.035468
Kano,kano,Katalawa,,settlement,grid3,Yada Kunya,Ungogo,Kano,0,1,8.605826,12.07244
Kano,kano,Katsalle,,settlement,grid3,Rijiyar Zaki,Ungogo,Kano,0,1,8.421064,11.994296
Kano,kano,Katsina Road,,settlement,grid3,Fagge D2,Fagge,Kano,0,1,8.5169,12.0258
Kano,kano,Katsinawa,,settlement,grid3,Tudun Fulani,Ungogo,Kano,0,1,8.412854,12.037484
Kano,kano,Katsinawa Cikin Gari,,village,osm,Bachirawa,Ungogo,Kano,0,1,8.44916,12.0603
Kano,kano,Katsinawa Yamma,,settlement,grid3,Bachirawa,Ungogo,Kano,0,1,8.448742,12.059758
Kano,kano,Kaura Dole,,settlement,grid3,Karo,Ungogo,Kano,0,1,8.523521,12.10424
Kano,kano,Kaura Goje Line Bakin Titi,,settlement,grid3,Kaura Goje,Nassarawa,Kano,0,1,8.546783,12.04232
Kano,kano,Kaura Goje Yan Sumogal Layin A I,,settlement,grid3,Kaura Goje,Nassarawa,Kano,0,1,8.548308,12.041435
Kano,kano,Kaura Goje Yan Sumogal Layin Transformer Layin Yan Charbi,,settlement,grid3,Kaura Goje,Nassarawa,Kano,0,1,8.549303,12.041695
Kano,kano,Kauren Yan Kuje,,settlement,grid3,Tudun Fulani,Ungogo,Kano,0,1,8.46885,12.024701
Kano,kano,Kaushi,,settlement,grid3,Unguwar Rimi,Kumbotso,Kano,0,1,8.594368,11.900537
Kano,kano,Kauye,,settlement,grid3,Kumbotso,Kumbotso,Kano,0,1,8.504697,11.890017
Kano,kano,Kauyen Alu,,settlement,grid3,Unguwa Uku Kauyen Alu,Tarauni,Kano,0,1,8.572078,11.95653
Kano,kano,Kauyen Dadin Kowa,,settlement,grid3,Tudun Fulani,Ungogo,Kano,0,1,8.4708,12.0417
Kano,kano,Kauyen Kureken Sani,,settlement,grid3,Kureken Sani,Kumbotso,Kano,0,1,8.607199,11.938265
Kano,kano,Kauyen Muhd,,settlement,grid3,Unguwa Uku Kauyen Alu,Tarauni,Kano,0,1,8.570656,11.962755
Kano,kano,Kauyen Nono C,,settlement,grid3,Unguwa Uku Kauyen Alu,Tarauni,Kano,0,1,8.568854,11.957676
Kano,kano,Kauyen Sandu,,settlement,grid3,Dan Maliki,Kumbotso,Kano,0,1,8.507886,11.946092
Kano,kano,Kauyen Sangalawa,,settlement,grid3,Chiranchi,Kumbotso,Kano,0,1,8.467187,11.938504
Kano,kano,Kawaji Cikin Gari,,settlement,grid3,Kawaji,Nassarawa,Kano,0,1,8.583313,12.012878
Kano,kano,Kawaji Cikin Gari Gidan Mai Unguwar Musa Near Transformer,,settlement,grid3,Kawaji,Nassarawa,Kano,0,1,8.583022,12.013834
Kano,kano,Kawaji Mai Gari Layin Umar Adam Kusa da Gidan Dagacci,,settlement,grid3,Kawaji,Nassarawa,Kano,0,1,8.579322,12.014444
Kano,kano,Kawajin Mai Gari Layin Samaila Mai Busciut,,settlement,grid3,Kawaji,Nassarawa,Kano,0,1,8.581121,12.015928
Kano,kano,Kawajin Yamma Custom Quarters,,settlement,grid3,Kawaji,Nassarawa,Kano,0,1,8.579474,12.011277
Kano,kano,Kawajin Yamma Layin Maazu Hamza,,settlement,grid3,Kawaji,Nassarawa,Kano,0,1,8.579191,12.012699
Kano,kano,Kawajin Yamma Shehu Na Allah Street Layin Gidan Uwani Street,,settlement,grid3,Kawaji,Nassarawa,Kano,0,1,8.580375,12.012875
Kano,kano,Kawajin Yamma Umar Adamu Street,,settlement,grid3,Kawaji,Nassarawa,Kano,0,1,8.579629,12.013694
Kano,kano,Kawari,,settlement,grid3,Karo,Ungogo,Kano,0,1,8.56262,12.11479
Kano,kano,Kawari Gabas,,settlement,grid3,Karo,Ungogo,Kano,0,1,8.561292,12.114069
Kano,kano,Kawari Yamma,,settlement,grid3,Karo,Ungogo,Kano,0,1,8.552993,12.113298
Kano,kano,Kawo Bulama,,settlement,grid3,Giginyu,Nassarawa,Kano,0,1,8.57183,11.980325
Kano,kano,Kawo Bus Stop,,settlement,grid3,Giginyu,Nassarawa,Kano,0,1,8.569384,11.985729
Kano,kano,Kawo C Layin Ashaka,,settlement,grid3,Giginyu,Nassarawa,Kano,0,1,8.576444,11.987504
Kano,kano,Kawo Dpo Line,,settlement,grid3,Giginyu,Nassarawa,Kano,0,1,8.572128,11.984125
Kano,kano,Kawo Jirga Alhaji Tsoho Dan Madina Street,,settlement,grid3,Giginyu,Nassarawa,Kano,0,1,8.581824,11.98758
Kano,kano,Kawo Jirga Layin Malam Ashiru,,settlement,grid3,Giginyu,Nassarawa,Kano,0,1,8.579444,11.98828
Kano,kano,Kawo Jirga Sani Nepa Street,,settlement,grid3,Giginyu,Nassarawa,Kano,0,1,8.581438,11.988231
Kano,kano,Kawo Jirga Transformer Line,,settlement,grid3,Giginyu,Nassarawa,Kano,0,1,8.578332,11.987578
Kano,kano,Kawo Layin Majalisa,,settlement,grid3,Giginyu,Nassarawa,Kano,0,1,8.575423,11.986396
Kano,kano,Kawo Madora A Habiba Bread,,settlement,grid3,Giginyu,Nassarawa,Kano,0,1,8.575923,11.980726
Kano,kano,Kawo Madora A Injin Nika Line,,settlement,grid3,Giginyu,Nassarawa,Kano,0,1,8.577544,11.981419
Kano,kano,Kawo Madora A Madora Line,,settlement,grid3,Giginyu,Nassarawa,Kano,0,1,8.577983,11.98068
Kano,kano,Kawo Madora B Layin Great School,,settlement,grid3,Giginyu,Nassarawa,Kano,0,1,8.579658,11.981276
Kano,kano,Kawo Madora B Layin Koffee,,settlement,grid3,Giginyu,Nassarawa,Kano,0,1,8.578595,11.981196
Kano,kano,Kawo Madora B Layin Saye Quarters Opposite Primary School,,settlement,grid3,Giginyu,Nassarawa,Kano,0,1,8.580917,11.980442
Kano,kano,Kawo Maigari A Kankarofi Line,,settlement,grid3,Giginyu,Nassarawa,Kano,0,1,8.569984,11.983027
Kano,kano,Kawo Maigari A Layin Yan Tulusi,,settlement,grid3,Giginyu,Nassarawa,Kano,0,1,8.569726,11.983815
Kano,kano,Kawo Maigari Layin Baba Dashi,,settlement,grid3,Giginyu,Nassarawa,Kano,0,1,8.569756,11.981851
Kano,kano,Kawo Nta Quarters,,settlement,grid3,Giginyu,Nassarawa,Kano,0,1,8.568075,11.981148
Kano,kano,Kawo Sabon A Layin Umar Galadima Street,,settlement,grid3,Giginyu,Nassarawa,Kano,0,1,8.571209,11.989284
Kano,kano,Kawo Sabon Fegi A Layin Alhaji Mai Bene,,settlement,grid3,Giginyu,Nassarawa,Kano,0,1,8.574142,11.989605
Kano,kano,Kawo Sabon Fegi A Layin Gadar Yan Mata,,settlement,grid3,Giginyu,Nassarawa,Kano,0,1,8.573062,11.98839
Kano,kano,Kawo Sabon Fegi A Layin Madaci,,settlement,grid3,Giginyu,Nassarawa,Kano,0,1,8.57382,11.989206
Kano,kano,Kawo Sabon Fegi B Layin Malam Umar Babur,,settlement,grid3,Giginyu,Nassarawa,Kano,0,1,8.575853,11.989822
Kano,kano,Kawo Sabon Fegi B Layin Sp Jibrin,,settlement,grid3,Giginyu,Nassarawa,Kano,0,1,8.575316,11.990013
Kano,kano,Kawo Sabon Fegi B Layin Usman A Bba,,settlement,grid3,Giginyu,Nassarawa,Kano,0,1,8.576239,11.99082
Kano,kano,Kawo Sharifai A Layin Mallam Baba,,settlement,grid3,Giginyu,Nassarawa,Kano,0,1,8.578513,11.985996
Kano,kano,Kawo Sharifai A Layin Mangwaron Baba,,settlement,grid3,Giginyu,Nassarawa,Kano,0,1,8.576658,11.986333
Kano,kano,Kawo Sharifai A Layin Shehu Issah Direba,,settlement,grid3,Giginyu,Nassarawa,Kano,0,1,8.577822,11.986769
Kano,kano,Kawo Sharifai B Layin Alhaji Indo,,settlement,grid3,Giginyu,Nassarawa,Kano,0,1,8.573299,11.987333
Kano,kano,Kawo Sharifai B Layin Hamza Mai Wanki,,settlement,grid3,Giginyu,Nassarawa,Kano,0,1,8.571383,11.986042
Kano,kano,Kawo Sharifai B Layin Makabarta,,settlement,grid3,Giginyu,Nassarawa,Kano,0,1,8.577914,11.984668
Kano,kano,Kawo Sharifai B Layin Rabiu Soja,,settlement,grid3,Giginyu,Nassarawa,Kano,0,1,8.578608,11.983393
Kano,kano,Kawo Sharifai B Layin Yan Dauda,,settlement,grid3,Giginyu,Nassarawa,Kano,0,1,8.571609,11.985145
Kano,kano,Kawo Titin Madu Tirebo,,settlement,grid3,Giginyu,Nassarawa,Kano,0,1,8.571834,11.978133
Kano,kano,Kawo Urban Quarters,,settlement,grid3,Giginyu,Nassarawa,Kano,0,1,8.568572,11.977887
Kano,kano,Kawon Arewa B Dogon Malam Line,,settlement,grid3,Giginyu,Nassarawa,Kano,0,1,8.574935,11.987094
Kano,kano,Kawon Arewa B Kango Line,,settlement,grid3,Giginyu,Nassarawa,Kano,0,1,8.572529,11.987242
Kano,kano,Kawon Arewa B Layin Mai Unguwa,,settlement,grid3,Giginyu,Nassarawa,Kano,0,1,8.573168,11.986581
Kano,kano,Kawon Arewa B Maimuna Yar Maradi Line,,settlement,grid3,Giginyu,Nassarawa,Kano,0,1,8.573353,11.987593
Kano,kano,Kawon Arewa Layin Abdu Mai Kore,,settlement,grid3,Giginyu,Nassarawa,Kano,0,1,8.573063,11.985723
Kano,kano,Kawon Arewa Layin Mallam Ayuba,,settlement,grid3,Giginyu,Nassarawa,Kano,0,1,8.571193,11.986917
Kano,kano,Kawon Arewa Layin Unmi Bread,,settlement,grid3,Giginyu,Nassarawa,Kano,0,1,8.571378,11.986309
Kano,kano,Kawon Arewa Layout,,settlement,grid3,Giginyu,Nassarawa,Kano,0,1,8.569666,11.986817
Kano,kano,Kawon Gabas A Latin Gidan Dan Gaya,,settlement,grid3,Giginyu,Nassarawa,Kano,0,1,8.579067,11.983401
Kano,kano,Kawon Gabas A Layin Gadar Gidan Panda,,settlement,grid3,Giginyu,Nassarawa,Kano,0,1,8.57304,11.981907
Kano,kano,Kawon Gabas A Layin Kabiru Mai Kayan Miya,,settlement,grid3,Giginyu,Nassarawa,Kano,0,1,8.575742,11.98252
Kano,kano,Kawon Gabas A Layin Makabarta,,settlement,grid3,Giginyu,Nassarawa,Kano,0,1,8.575389,11.981587
Kano,kano,Kawon Kudu B Layin Amina Mai Kare,,settlement,grid3,Giginyu,Nassarawa,Kano,0,1,8.577759,11.979644
Kano,kano,Kawon Kudu B Layin Mai Unguwa,,settlement,grid3,Giginyu,Nassarawa,Kano,0,1,8.575534,11.978902
Kano,kano,Kawon Kudu B Layin Mal Tukur Opp Mai Kalanzir,,settlement,grid3,Giginyu,Nassarawa,Kano,0,1,8.578168,11.979531
Kano,kano,Kawon Kudu Commarade Ubale Line,,settlement,grid3,Giginyu,Nassarawa,Kano,0,1,8.57537,11.976217
Kano,kano,Kawon Kudu Dogon Karfe Line,,settlement,grid3,Giginyu,Nassarawa,Kano,0,1,8.576788,11.979195
Kano,kano,Kawon Kudu Gidan Kaji Line,,settlement,grid3,Giginyu,Nassarawa,Kano,0,1,8.579232,11.979729
Kano,kano,Kawon Kudu Police Station Line,,settlement,grid3,Giginyu,Nassarawa,Kano,0,1,8.575131,11.976883
Kano,kano,Kawon Lambu Layin Mai Kosai,,settlement,grid3,Giginyu,Nassarawa,Kano,0,1,8.577985,11.988192
Kano,kano,Kawon Lambu Layin Masu Bulo,,settlement,grid3,Giginyu,Nassarawa,Kano,0,1,8.578963,11.98784
Kano,kano,Kawon Lambu Layin Sarkin Fulani,,settlement,grid3,Giginyu,Nassarawa,Kano,0,1,8.577213,11.987921
Kano,kano,Kawon Lambu Layin Transformer,,settlement,grid3,Giginyu,Nassarawa,Kano,0,1,8.577635,11.988828
Kano,kano,Kawon Madora A Layin Mai Buzaye,,settlement,grid3,Giginyu,Nassarawa,Kano,0,1,8.576869,11.981126
Kano,kano,Kawon Mai Gari Kantin Sauki,,settlement,grid3,Giginyu,Nassarawa,Kano,0,1,8.573713,11.983173
Kano,kano,Kawon Mai Gari Layin Gidan Maigari,,settlement,grid3,Giginyu,Nassarawa,Kano,0,1,8.571244,11.981209
Kano,kano,Kawon Maigari A,,settlement,grid3,Giginyu,Nassarawa,Kano,0,1,8.571232,11.982692
Kano,kano,Kawon Maigari B,,settlement,grid3,Giginyu,Nassarawa,Kano,0,1,8.572164,11.983801
Kano,kano,Kawon Maigari Layin Dan Borno,,settlement,grid3,Giginyu,Nassarawa,Kano,0,1,8.572646,11.984188
Kano,kano,Kawon Maigari Layin Mai Unguwa,,settlement,grid3,Giginyu,Nassarawa,Kano,0,1,8.57055,11.981164
Kano,kano,Kawon Maigari Masallacin Custom,,settlement,grid3,Giginyu,Nassarawa,Kano,0,1,8.572335,11.982792
Kano,kano,Kawu Mai Guga Street Unguwar Sarkin Fulani,,settlement,grid3,Kawaji,Nassarawa,Kano,0,1,8.569729,12.00911
Kano,kano,Kayi Kwari,,village,osm,Panshekara,Kumbotso,Kano,0,1,8.45056,11.8965
Kano,kano,Kayi Tudu,,settlement,grid3,Panshekara,Kumbotso,Kano,0,1,8.451422,11.899223
Kano,kano,Kazamin Bene,,settlement,grid3,Tudun Fulani,Ungogo,Kano,0,1,8.480286,12.039124
Kano,kano,Kazaure Road,,settlement,grid3,Tudun Wada,Nassarawa,Kano,0,1,8.555313,12.00972
Kano,kano,Keffi Street,,settlement,grid3,Sabon Gari West,Fagge,Kano,0,1,8.536669,12.030437
Kano,kano,Kera,,village,osm,Fanisau,Ungogo,Kano,0,1,8.51472,12.0837
Kano,kano,Kera Arewa,,settlement,grid3,Fanisau,Ungogo,Kano,0,1,8.516671,12.084321
Kano,kano,Kera Fada,,settlement,grid3,Fanisau,Ungogo,Kano,0,1,8.515079,12.085339
Kano,kano,Kera Primary,,settlement,grid3,Fanisau,Ungogo,Kano,0,1,8.51112,12.08671
Kano,kano,Kera Yamma,,settlement,grid3,Fanisau,Ungogo,Kano,0,1,8.513361,12.085012
Kano,kano,Khadija Musa South,,settlement,grid3,Fagge B,Fagge,Kano,0,1,8.531494,12.004883
Kano,kano,Kibiya Street,,settlement,grid3,Sani Mai Nagge,Gwale,Kano,0,1,8.49425,11.983923
Kano,kano,Kingawa,,settlement,grid3,Yada Kunya,Ungogo,Kano,0,1,8.591606,12.060301
Kano,kano,Kings Collage Road,,settlement,grid3,Kwachiri,Fagge,Kano,0,1,8.492804,12.037217
Kano,kano,Kings Garden Line,,settlement,grid3,Gwagwarwa,Nassarawa,Kano,0,1,8.544096,12.026232
Kano,kano,Kiru Avenue,,settlement,grid3,Sani Mai Nagge,Gwale,Kano,0,1,8.492489,11.98042
Kano,kano,Kofa Gidan Dagachi,,settlement,grid3,Mariri,Kumbotso,Kano,0,1,8.612934,11.948121
Kano,kano,Kofa Kudu,,settlement,grid3,Kumbotso,Kumbotso,Kano,0,1,8.503727,11.88721
Kano,kano,Kofar Arewa,,settlement,grid3,Ungogo,Ungogo,Kano,0,1,8.494878,12.09272
Kano,kano,Kofar Gabas,,settlement,grid3,Kumbotso,Kumbotso,Kano,0,1,8.504355,11.888202
Kano,kano,Kofar Gabas,,settlement,grid3,Ungogo,Ungogo,Kano,0,1,8.496404,12.092255
Kano,kano,Kofar Kudu,,settlement,grid3,Fanisau,Ungogo,Kano,0,1,8.540989,12.077525
Kano,kano,Kofar Kwaru,,settlement,grid3,Tudun Wazurchi,Kano Municipal,Kano,0,1,8.517831,11.993712
Kano,kano,Kofar Mata A,,settlement,grid3,Zango (Municipal),Kano Municipal,Kano,0,1,8.525317,11.998955
Kano,kano,Kofar Mata B,,settlement,grid3,Zango (Municipal),Kano Municipal,Kano,0,1,8.526095,11.999734
Kano,kano,Kofar Mata C,,settlement,grid3,Zango (Municipal),Kano Municipal,Kano,0,1,8.526727,11.998668
Kano,kano,Kofar Mazugal B Layin Dankani,,settlement,grid3,Kofar Mazugal,Dala,Kano,0,1,8.51878,12.015923
Kano,kano,Kofar Mazugal B Layin Gidan Boss,,settlement,grid3,Kofar Mazugal,Dala,Kano,0,1,8.523006,12.013811
Kano,kano,Kofar Mazugal Layin Iyaya Mai Shinkafa,,settlement,grid3,Kofar Mazugal,Dala,Kano,0,1,8.516627,12.015457
Kano,kano,Kofar Naisa,,settlement,grid3,Gwale,Gwale,Kano,0,1,8.512894,11.982843
Kano,kano,Kofar Naisa Primary,,settlement,grid3,Gwale,Gwale,Kano,0,1,8.515503,11.983887
Kano,kano,Kofar Nassarawa A,,settlement,grid3,Kan Karofi,Kano Municipal,Kano,0,1,8.528089,11.988917
Kano,kano,Kofar Nassarawa Layin Mallam Na Takai,,settlement,grid3,Kan Karofi,Kano Municipal,Kano,0,1,8.529103,11.988419
Kano,kano,Kofar Nassarawa Layin Mubi,,settlement,grid3,Kan Karofi,Kano Municipal,Kano,0,1,8.529564,11.990115
Kano,kano,Kofar Nassarawa Layin Muntari Gashash,,settlement,grid3,Kan Karofi,Kano Municipal,Kano,0,1,8.529183,11.989336
Kano,kano,Kofar Nassarawa Yan Buta,,settlement,grid3,Kan Karofi,Kano Municipal,Kano,0,1,8.527704,11.987591
Kano,kano,Kofar Ruwa B Layin Bello,,settlement,grid3,Kofar Ruwa,Dala,Kano,0,1,8.491311,12.027503
Kano,kano,Kofar Waika,,settlement,grid3,Kabuga,Gwale,Kano,0,1,8.490209,12.010521
Kano,kano,Kofar Wakili,,settlement,grid3,Gwammaja,Dala,Kano,0,1,8.507925,12.01763
Kano,kano,Kofar Yamma,,settlement,grid3,Fanisau,Ungogo,Kano,0,1,8.538905,12.080833
Kano,kano,Kofar Yamma,,settlement,grid3,Kumbotso,Kumbotso,Kano,0,1,8.503032,11.888501
Kano,kano,Kogga Layin Dogon Karfe Gidan Amla Abdulahi,,settlement,grid3,Kawaji,Nassarawa,Kano,0,1,8.595639,12.020946
Kano,kano,Kogga Layin Gidan Dillaiya Kusad Sabon Titi,,settlement,grid3,Kawaji,Nassarawa,Kano,0,1,8.59837,12.021576
Kano,kano,Kogga Layin Gidan Uba Mai Banka Sabon Titi Street,,settlement,grid3,Kawaji,Nassarawa,Kano,0,1,8.594824,12.019706
Kano,kano,Kogga Layin Saunar Kogga,,settlement,grid3,Kawaji,Nassarawa,Kano,0,1,8.595273,12.020103
Kano,kano,Kokarani,,settlement,grid3,Ungogo,Ungogo,Kano,0,1,8.449918,12.085678
Kano,kano,Koki,,settlement,grid3,Fanisau,Ungogo,Kano,0,1,8.539673,12.080322
Kano,kano,Koki Layin Barebari,,settlement,grid3,Zaitawa,Kano Municipal,Kano,0,1,8.516333,12.008239
Kano,kano,Koki Layin Hajiya Mariya,,settlement,grid3,Zaitawa,Kano Municipal,Kano,0,1,8.516782,12.008239
Kano,kano,Koki Layin Maarifa,,settlement,grid3,Zaitawa,Kano Municipal,Kano,0,1,8.518137,12.008636
Kano,kano,Koki Layin Masallaci,,settlement,grid3,Zaitawa,Kano Municipal,Kano,0,1,8.516266,12.006211
Kano,kano,Koki Layin Taambu,,settlement,grid3,Zaitawa,Kano Municipal,Kano,0,1,8.518195,12.007797
Kano,kano,Koki Lungun Makaranta,,settlement,grid3,Zaitawa,Kano Municipal,Kano,0,1,8.515879,12.008221
Kano,kano,Koki Muntari Ashana A,,settlement,grid3,Zaitawa,Kano Municipal,Kano,0,1,8.515312,12.006597
Kano,kano,Koki Muntari Ashana B,,settlement,grid3,Zaitawa,Kano Municipal,Kano,0,1,8.515415,12.007318
Kano,kano,Koki Ummawiya,,settlement,grid3,Zaitawa,Kano Municipal,Kano,0,1,8.51843,12.00802
Kano,kano,Koranci Cikin Gari,,settlement,grid3,Gayawa,Ungogo,Kano,0,1,8.555729,12.083322
Kano,kano,Koren Bene,,settlement,grid3,Bachirawa,Ungogo,Kano,0,1,8.461804,12.050136
Kano,kano,Kroda,,settlement,grid3,Fagge C,Fagge,Kano,0,1,8.530619,12.00966
Kano,kano,Kudawa,,settlement,grid3,Bachirawa,Ungogo,Kano,0,1,8.426687,12.046261
Kano,kano,Kuddu Dufawa,,settlement,grid3,Gayawa,Ungogo,Kano,0,1,8.562927,12.076904
Kano,kano,Kudidifi Tandu,,settlement,grid3,Kabuga,Gwale,Kano,0,1,8.492032,12.009386
Kano,kano,Kududdufawa A,,settlement,grid3,She She,Kano Municipal,Kano,0,1,8.512268,11.998294
Kano,kano,Kududdufawa B,,settlement,grid3,Gyaranya,Gwale,Kano,0,1,8.511574,11.998747
Kano,kano,Kududufawa Cikin Gari,,village,osm,Bachirawa,Ungogo,Kano,0,1,8.44561,12.042
Kano,kano,Kududufawa Unguwar Yamma,,settlement,grid3,Bachirawa,Ungogo,Kano,0,1,8.458132,12.047829
Kano,kano,Kufen Na Maituwo,,settlement,grid3,Unguwa Uku Kauyen Alu,Tarauni,Kano,0,1,8.575633,11.962799
Kano,kano,Kufen Na Maituwo B,,settlement,grid3,Hotoro,Tarauni,Kano,0,1,8.57603,11.96089
Kano,kano,Kuita,,settlement,grid3,Naibawa,Kumbotso,Kano,0,1,8.545494,11.925395
Kano,kano,Kuka Mai Chakwaikwaiwa,,settlement,grid3,Bachirawa,Ungogo,Kano,0,1,8.46365,12.049798
Kano,kano,Kuka Mai Ruwa,,settlement,grid3,Kabuwaya,Dala,Kano,0,1,8.512911,12.006243
Kano,kano,Kuka Uku,,settlement,grid3,Kaura Goje,Nassarawa,Kano,0,1,8.550903,12.043884
Kano,kano,Kuka Uku,,settlement,grid3,Chiranchi,Kumbotso,Kano,0,1,8.470314,11.929739
Kano,kano,Kuka Uku Layin Kama Near Mai Gyaran Babur,,settlement,grid3,Kaura Goje,Nassarawa,Kano,0,1,8.551021,12.044154
Kano,kano,Kuka Uku Layin Karshen Kwalta,,settlement,grid3,Kaura Goje,Nassarawa,Kano,0,1,8.547011,12.044076
Kano,kano,Kuka Uku Layin Niima Shopping Store,,settlement,grid3,Kaura Goje,Nassarawa,Kano,0,1,8.54989,12.044347
Kano,kano,Kuka Uku Tukubar Babawo To Kuka Daya Babban Layi,,settlement,grid3,Kaura Goje,Nassarawa,Kano,0,1,8.548434,12.044476
Kano,kano,Kukar Gajere,,settlement,grid3,Zango (Ungogo),Ungogo,Kano,0,1,8.563587,12.041107
Kano,kano,Kukoki,,settlement,grid3,Gayawa,Ungogo,Kano,0,1,8.55586,12.07168
Kano,kano,Kukoki,,settlement,grid3,Giginyu,Nassarawa,Kano,0,1,8.581098,12.000453
Kano,kano,Kuku Daya,,settlement,grid3,Kaura Goje,Nassarawa,Kano,0,1,8.550752,12.046181
Kano,kano,Kumanta,,settlement,grid3,Gayawa,Ungogo,Kano,0,1,8.547796,12.06971
Kano,kano,Kumantaka,,settlement,grid3,Gayawa,Ungogo,Kano,0,1,8.55005,12.07241
Kano,kano,Kumantaka A Layin Yahya Hayyo,,settlement,grid3,Gayawa,Ungogo,Kano,0,1,8.55188,12.072083
Kano,kano,Kumurya Line,,settlement,grid3,Unguwa Uku Cikin Gari,Tarauni,Kano,0,1,8.565993,11.961404
Kano,kano,Kundila Housing,,settlement,grid3,Babban Giji,Tarauni,Kano,0,1,8.537735,11.976282
Kano,kano,Kundila Housing Estate A,,settlement,grid3,Gandu Albasa,Kano Municipal,Kano,0,1,8.531202,11.974746
Kano,kano,Kundila Housing Estate B,,settlement,grid3,Gandu Albasa,Kano Municipal,Kano,0,1,8.531492,11.970777
Kano,kano,Kundila Housing Estate C,,settlement,grid3,Gandu Albasa,Kano Municipal,Kano,0,1,8.532278,11.976499
Kano,kano,Kundila Oscar Line,,settlement,grid3,Daurawa,Tarauni,Kano,0,1,8.557171,11.963273
Kano,kano,Kundila Phase 1,,settlement,grid3,Daurawa,Tarauni,Kano,0,1,8.554187,11.965484
Kano,kano,Kundila Phase 2,,settlement,grid3,Daurawa,Tarauni,Kano,0,1,8.552492,11.966976
Kano,kano,Kundila Phase 2 A,,settlement,grid3,Daurawa,Tarauni,Kano,0,1,8.558065,11.964644
Kano,kano,Kundila Phase 3a,,settlement,grid3,Daurawa,Tarauni,Kano,0,1,8.556473,11.963274
Kano,kano,Kundila Phase 3b,,settlement,grid3,Daurawa,Tarauni,Kano,0,1,8.558184,11.961614
Kano,kano,Kundila Phase 3c,,settlement,grid3,Daurawa,Tarauni,Kano,0,1,8.559938,11.963139
Kano,kano,Kunza,,settlement,grid3,Rangaza,Ungogo,Kano,0,1,8.603271,12.043091
Kano,kano,Kurawa,,settlement,grid3,Shahuchi,Kano Municipal,Kano,0,1,8.517273,11.996887
Kano,kano,Kurege Avenue,,settlement,grid3,Sani Mai Nagge,Gwale,Kano,0,1,8.497611,11.993835
Kano,kano,Kureke Gabas,,settlement,grid3,Kureken Sani,Kumbotso,Kano,0,1,8.595058,11.937115
Kano,kano,Kureken Wailari,,settlement,grid3,Naibawa,Kumbotso,Kano,0,1,8.539695,11.920334
Kano,kano,Kurma,,settlement,grid3,Unguwar Rimi,Kumbotso,Kano,0,1,8.602071,11.907584
Kano,kano,Kurman Layi,,settlement,grid3,Naibawa,Kumbotso,Kano,0,1,8.541304,11.927332
Kano,kano,Kurman Layi,,settlement,grid3,Kumbotso,Kumbotso,Kano,0,1,8.503584,11.88801
Kano,kano,Kurna,,settlement,grid3,Shahuchi,Kano Municipal,Kano,0,1,8.515047,11.999554
Kano,kano,Kurnas,,settlement,grid3,Yada Kunya,Ungogo,Kano,0,1,8.596991,12.071169
Kano,kano,Kusuba Tudu,,settlement,grid3,Chalawa,Kumbotso,Kano,0,1,8.414684,11.915224
Kano,kano,Kusuba Unguwar Mallam Yakubu,,settlement,grid3,Chalawa,Kumbotso,Kano,0,1,8.41229,11.916917
Kano,kano,Kuturun Layi,,settlement,grid3,Kwachiri,Fagge,Kano,0,1,8.488445,12.039571
Kano,kano,Kuwait D Layin Gangare,,settlement,grid3,Tudun Murtala,Nassarawa,Kano,0,1,8.57165,12.034404
Kano,kano,Kuwait D Layin Transformer,,settlement,grid3,Tudun Murtala,Nassarawa,Kano,0,1,8.573136,12.035766
Kano,kano,Kuwait D Tsohuwar Makabarta,,settlement,grid3,Tudun Murtala,Nassarawa,Kano,0,1,8.573696,12.034368
Kano,kano,Kuwait Layin Abdullahi Mai Jakai,,settlement,grid3,Tudun Murtala,Nassarawa,Kano,0,1,8.57398,12.034381
Kano,kano,Kuwait Layin Garba Vio,,settlement,grid3,Tudun Murtala,Nassarawa,Kano,0,1,8.574452,12.036264
Kano,kano,Kuwait Layin Gidan Biredi Sas,,settlement,grid3,Tudun Murtala,Nassarawa,Kano,0,1,8.576078,12.0349
Kano,kano,Kuwait Layin Gidan Jibson,,settlement,grid3,Tudun Murtala,Nassarawa,Kano,0,1,8.574822,12.034585
Kano,kano,Kuwait Layin Magaji,,settlement,grid3,Tudun Murtala,Nassarawa,Kano,0,1,8.573227,12.035238
Kano,kano,Kuyan Ta Inna,,settlement,grid3,Chalawa,Kumbotso,Kano,0,1,8.427917,11.9375
Kano,kano,Kwachiri,,village,osm,Kwachiri,Fagge,Kano,0,1,8.5004,12.0684
Kano,kano,Kwachiri Layin Masallachi,,settlement,grid3,Kwachiri,Fagge,Kano,0,1,8.498617,12.069316
Kano,kano,Kwachiri Layin Transformer,,settlement,grid3,Kwachiri,Fagge,Kano,0,1,8.498676,12.068972
Kano,kano,Kwachirin Dukko,,settlement,grid3,Kwachiri,Fagge,Kano,0,1,8.502075,12.069275
Kano,kano,Kwai Close,,settlement,grid3,Sabon Gari West,Fagge,Kano,0,1,8.53465,12.032846
Kano,kano,Kwajawa,,settlement,grid3,Rangaza,Ungogo,Kano,0,1,8.585693,12.047485
Kano,kano,Kwakwachi,,settlement,grid3,Fagge D2,Fagge,Kano,0,1,8.527271,12.026936
Kano,kano,Kwalwa,,settlement,grid3,She She,Kano Municipal,Kano,0,1,8.513619,11.999459
Kano,kano,Kwalwa,,settlement,grid3,Kumbotso,Kumbotso,Kano,0,1,8.502991,11.8889
Kano,kano,Kwana Hudu,,settlement,grid3,Goron Dutse,Gwale,Kano,0,1,8.50801,11.997011
Kano,kano,Kwana Hudu,,settlement,grid3,Kaura Goje,Nassarawa,Kano,0,1,8.551629,12.038785
Kano,kano,Kwana Hudu Bakin Kasuwa Layin Yar Kurna,,settlement,grid3,Kaura Goje,Nassarawa,Kano,0,1,8.550859,12.041366
Kano,kano,Kwana Hudu Opposit Dogon Gida,,settlement,grid3,Kaura Goje,Nassarawa,Kano,0,1,8.548106,12.038148
Kano,kano,Kwana Hudu Police Station Layin Mai Unguwa,,settlement,grid3,Kaura Goje,Nassarawa,Kano,0,1,8.551835,12.038562
Kano,kano,Kwana Hudu Road,,settlement,grid3,Kaura Goje,Nassarawa,Kano,0,1,8.547,12.035962
Kano,kano,Kwana Shida Dan Sokoto,,settlement,grid3,Unguwa Uku Kauyen Alu,Tarauni,Kano,0,1,8.569726,11.959861
Kano,kano,Kwanar Diso,,junction,osm,Diso,Gwale,Kano,0,1,8.512802,11.987129
Kano,kano,Kwanar Hausawa,,settlement,grid3,Galadanchi,Gwale,Kano,0,1,8.512833,11.991192
Kano,kano,Kwanar Jaba Ahmadiyya,,settlement,grid3,Kaura Goje,Nassarawa,Kano,0,1,8.543933,12.03699
Kano,kano,Kwanar Jaba Bus Stop,,settlement,grid3,Kaura Goje,Nassarawa,Kano,0,1,8.54655,12.035303
Kano,kano,Kwanar Jaba Layin Mai Unguwar,,settlement,grid3,Kaura Goje,Nassarawa,Kano,0,1,8.5465,12.036229
Kano,kano,Kwanar Jaba Opposite Babaro Mailemo,,settlement,grid3,Gwagwarwa,Nassarawa,Kano,0,1,8.545747,12.034101
Kano,kano,Kwanar Jaba Yar Kurna A,,settlement,grid3,Kaura Goje,Nassarawa,Kano,0,1,8.549854,12.036754
Kano,kano,Kwanar Jaba Yar Kurna B,,settlement,grid3,Kaura Goje,Nassarawa,Kano,0,1,8.548974,12.036271
Kano,kano,Kwanar Momi,,settlement,grid3,Unguwa Uku Kauyen Alu,Tarauni,Kano,0,1,8.573309,11.962764
Kano,kano,Kwanar Takari,,settlement,grid3,Gama,Nassarawa,Kano,0,1,8.550541,12.035518
Kano,kano,Kwangiri,,settlement,grid3,Fagge A,Fagge,Kano,0,1,8.534427,12.003614
Kano,kano,Kwar Galla,,settlement,grid3,Bakin Ruwa,Dala,Kano,0,1,8.504874,11.998398
Kano,kano,Kwarawa,,settlement,grid3,Bachirawa,Ungogo,Kano,0,1,8.423455,12.05616
Kano,kano,Kwarawa A,,settlement,grid3,Rijiyar Zaki,Ungogo,Kano,0,1,8.455408,11.986559
Kano,kano,Kwarawa B,,settlement,grid3,Rijiyar Zaki,Ungogo,Kano,0,1,8.454795,11.987565
Kano,kano,Kwargwam,,settlement,grid3,Galadanchi,Gwale,Kano,0,1,8.510054,11.989229
Kano,kano,Kwarin Adiya,,settlement,grid3,Rijiyar Zaki,Ungogo,Kano,0,1,8.402527,11.956116
Kano,kano,Kwarin Barka,,settlement,grid3,Dan Maliki,Kumbotso,Kano,0,1,8.507205,11.952824
Kano,kano,Kwarin Gadan,,settlement,grid3,Rijiyar Zaki,Ungogo,Kano,0,1,8.439345,12.020086
Kano,kano,Kwarin Gogau,,settlement,grid3,Fagge B,Fagge,Kano,0,1,8.526671,12.007097
Kano,kano,Kwarin Gogau 1,,settlement,grid3,Fagge D1,Fagge,Kano,0,1,8.525047,12.008934
Kano,kano,Kwarin Gogau 2,,settlement,grid3,Fagge D1,Fagge,Kano,0,1,8.525391,12.0085
Kano,kano,Kwarin Goje,,settlement,grid3,Naibawa,Kumbotso,Kano,0,1,8.53688,11.92495
Kano,kano,Kwata Milliyan,,settlement,grid3,Bachirawa,Ungogo,Kano,0,1,8.464161,12.063469
Kano,kano,Kwatango,,settlement,grid3,Naibawa,Kumbotso,Kano,0,1,8.539341,11.917212
Kano,kano,Kyankyaran,,settlement,grid3,Fanisau,Ungogo,Kano,0,1,8.498786,12.075848
Kano,kano,Kyawa Street,,settlement,grid3,Sani Mai Nagge,Gwale,Kano,0,1,8.491833,11.984021
Kano,kano,LILI Gabari,,settlement,grid3,Tudun Fulani,Ungogo,Kano,0,1,8.478481,12.039111
Kano,kano,Labi,,settlement,grid3,Panshekara,Kumbotso,Kano,0,1,8.459529,11.898283
Kano,kano,Ladan,,settlement,grid3,Bachirawa,Ungogo,Kano,0,1,8.42311,12.050044
Kano,kano,Ladanai Yandodo Layin M Hassan,,settlement,grid3,Hotoro North,Nassarawa,Kano,0,1,8.596565,11.985244
Kano,kano,Ladanai Yandodo Layin Sabuwar Unguwa,,settlement,grid3,Hotoro North,Nassarawa,Kano,0,1,8.596493,11.983934
Kano,kano,Ladanai Yandodo Layin Yan Walda,,settlement,grid3,Hotoro North,Nassarawa,Kano,0,1,8.595664,11.985859
Kano,kano,Lakin Sarkin Dawaki,,settlement,grid3,Dandago,Gwale,Kano,0,1,8.509952,11.99069
Kano,kano,Lalloki,,settlement,grid3,She She,Kano Municipal,Kano,0,1,8.513013,11.999761
Kano,kano,Lambun Mallam Audu,,settlement,grid3,Fagge D2,Fagge,Kano,0,1,8.519547,12.029489
Kano,kano,Lamido Crescent,,settlement,grid3,Giginyu,Nassarawa,Kano,0,1,8.563079,11.983115
Kano,kano,Lamido Road,,settlement,grid3,Giginyu,Nassarawa,Kano,0,1,8.56552,12.001208
Kano,kano,Lane Shandi,,settlement,grid3,Zango (Ungogo),Ungogo,Kano,0,1,8.570923,12.045105
Kano,kano,Lani Unguwar Rimin Kebe,,settlement,grid3,Zango (Ungogo),Ungogo,Kano,0,1,8.570129,12.042114
Kano,kano,Lasyin Malam Saadu,,settlement,grid3,Yammata,Fagge,Kano,0,1,8.479502,12.058398
Kano,kano,Laura Goje,,settlement,grid3,Kaura Goje,Nassarawa,Kano,0,1,8.546789,12.044058
Kano,kano,Lautai,,settlement,grid3,Yada Kunya,Ungogo,Kano,0,1,8.58777,12.080861
Kano,kano,Lawanli,,settlement,grid3,Zango (Ungogo),Ungogo,Kano,0,1,8.580917,12.053333
Kano,kano,Layi Uwani Mai Tuwo,,settlement,grid3,Galadanchi,Gwale,Kano,0,1,8.514331,11.990728
Kano,kano,Layim Rabin Sarki,,settlement,grid3,Sabon Gari East,Fagge,Kano,0,1,8.541755,12.06116
Kano,kano,Layin A A Jingau,,settlement,grid3,Kabuga,Gwale,Kano,0,1,8.478235,11.98582
Kano,kano,Layin A G Abdullahi,,settlement,grid3,Kofar Ruwa,Dala,Kano,0,1,8.498923,12.01462
Kano,kano,Layin A In Jeji,,settlement,grid3,Tudun Murtala,Nassarawa,Kano,0,1,8.571509,12.031203
Kano,kano,Layin Abba Ahmad,,settlement,grid3,Madigawa,Dala,Kano,0,1,8.506073,12.005069
Kano,kano,Layin Abba Atina,,settlement,grid3,Dala,Dala,Kano,0,1,8.506788,12.004601
Kano,kano,Layin Abba Kabir,,settlement,grid3,Goron Dutse,Gwale,Kano,0,1,8.493183,12.004282
Kano,kano,Layin Abba Na Lado,,settlement,grid3,Dogon Nama,Dala,Kano,0,1,8.500691,12.000153
Kano,kano,Layin Abba Nta,,settlement,grid3,Yammata,Fagge,Kano,0,1,8.474438,12.066347
Kano,kano,Layin Abba Wakili,,settlement,grid3,Dandago,Gwale,Kano,0,1,8.50908,11.993424
Kano,kano,Layin Abba Yau,,settlement,grid3,Kabuga,Gwale,Kano,0,1,8.479145,11.98656
Kano,kano,Layin Abbas,,settlement,grid3,Gwale,Gwale,Kano,0,1,8.507102,11.987277
Kano,kano,Layin Abdu Au,,settlement,grid3,Diso,Gwale,Kano,0,1,8.511796,11.987787
Kano,kano,Layin Abdu Bichi,,settlement,grid3,Diso,Gwale,Kano,0,1,8.511075,11.98767
Kano,kano,Layin Abdu Goma,,settlement,grid3,Dogon Nama,Dala,Kano,0,1,8.500941,11.997871
Kano,kano,Layin Abdu Mai Doki,,settlement,grid3,Yammata,Fagge,Kano,0,1,8.473584,12.061069
Kano,kano,Layin Abdujjabar Behind Police Station,,settlement,grid3,Gwale,Gwale,Kano,0,1,8.508362,11.987227
Kano,kano,Layin Abdulhakim O C,,settlement,grid3,Dorayi,Gwale,Kano,0,1,8.473983,11.975329
Kano,kano,Layin Abdulkadir,,settlement,grid3,Kwachiri,Fagge,Kano,0,1,8.533368,12.040063
Kano,kano,Layin Abdullahi Bayero,,settlement,grid3,Sharada,Kano Municipal,Kano,0,1,8.503069,11.977828
Kano,kano,Layin Abdullahi Chemist Yan Mota,,settlement,grid3,Dan Maliki,Kumbotso,Kano,0,1,8.530676,11.954132
Kano,kano,Layin Abdullahi Dan Fulani,,settlement,grid3,Kofar Ruwa,Dala,Kano,0,1,8.483377,12.021887
Kano,kano,Layin Abdullahi Dubami,,settlement,grid3,Dorayi,Gwale,Kano,0,1,8.483431,11.946464
Kano,kano,Layin Abdullahi Kafinta,,settlement,grid3,Kwachiri,Fagge,Kano,0,1,8.493338,12.047374
Kano,kano,Layin Abdullahi Kayama Ungwar Sarauniya,,settlement,grid3,Dakata,Nassarawa,Kano,0,1,8.580278,12.022248
Kano,kano,Layin Abdullahi Mai Itace,,settlement,grid3,Kofar Ruwa,Dala,Kano,0,1,8.496481,12.018336
Kano,kano,Layin Abdullahi Mai Masara,,settlement,grid3,Kaura Goje,Nassarawa,Kano,0,1,8.548413,12.04498
Kano,kano,Layin Abdullahi Sarki,,settlement,grid3,Sani Mai Nagge,Gwale,Kano,0,1,8.503177,11.987977
Kano,kano,Layin Abdulsalami,,settlement,grid3,Dan Maliki,Kumbotso,Kano,0,1,8.53154,11.958648
Kano,kano,Layin Abdurrazak,,settlement,grid3,Yalwa,Dala,Kano,0,1,8.500821,12.005153
Kano,kano,Layin Abu Ubaii,,settlement,grid3,Yammata,Fagge,Kano,0,1,8.483591,12.060998
Kano,kano,Layin Abubakar Dan Giwa,,settlement,grid3,Goron Dutse,Gwale,Kano,0,1,8.490508,12.008485
Kano,kano,Layin Abubakar Gidan Gurasa,,settlement,grid3,Kofar Ruwa,Dala,Kano,0,1,8.493038,12.014935
Kano,kano,Layin Abubakar Mai Chemis,,settlement,grid3,Kofar Ruwa,Dala,Kano,0,1,8.49097,12.023864
Kano,kano,Layin Adakawa,,settlement,grid3,Adakawa,Dala,Kano,0,1,8.512361,12.01
Kano,kano,Layin Adakawa Pimary School Gidan Alhaji Idris Sani Idris,,settlement,grid3,Adakawa,Dala,Kano,0,1,8.512016,12.012576
Kano,kano,Layin Adamu Badamuwa,,settlement,grid3,Hotoro South,Nassarawa,Kano,0,1,8.58587,11.971072
Kano,kano,Layin Adamu Hamza,,settlement,grid3,Goron Dutse,Gwale,Kano,0,1,8.493317,12.004683
Kano,kano,Layin Adamu Hauka,,settlement,grid3,Hotoro South,Nassarawa,Kano,0,1,8.587503,11.967563
Kano,kano,Layin Adamu Mato,,settlement,grid3,Hotoro South,Nassarawa,Kano,0,1,8.589764,11.964798
Kano,kano,Layin Adamu Tela,,settlement,grid3,Kwachiri,Fagge,Kano,0,1,8.492946,12.047629
Kano,kano,Layin Ado Chiranchi,,settlement,grid3,Galadanchi,Gwale,Kano,0,1,8.514948,11.990409
Kano,kano,Layin Ado Gambo,,settlement,grid3,Dorayi,Gwale,Kano,0,1,8.481005,11.944201
Kano,kano,Layin Ado Kansila,,settlement,grid3,Tudun Murtala,Nassarawa,Kano,0,1,8.566138,12.03343
Kano,kano,Layin Ado Mai Gwanjo,,settlement,grid3,Rijiyar Lemo,Fagge,Kano,0,1,8.48178,12.05131
Kano,kano,Layin Ado Mai Kayan Miya,,settlement,grid3,Kwachiri,Fagge,Kano,0,1,8.485077,12.053517
Kano,kano,Layin Ado Mai Sadaka,,settlement,grid3,Rijiyar Lemo,Fagge,Kano,0,1,8.480891,12.054424
Kano,kano,Layin Ado Mai Sam Ana,,settlement,grid3,Rijiyar Lemo,Fagge,Kano,0,1,8.484332,12.04532
Kano,kano,Layin Ado Usman House,,settlement,grid3,Kwachiri,Fagge,Kano,0,1,8.486395,12.047867
Kano,kano,Layin Adua,,settlement,grid3,Kwachiri,Fagge,Kano,0,1,8.485984,12.053193
Kano,kano,Layin Agaji,,settlement,grid3,Tudun Fulani,Ungogo,Kano,0,1,8.474748,12.040481
Kano,kano,Layin Agalawa Madabo,,settlement,grid3,Adakawa,Dala,Kano,0,1,8.51076,12.008355
Kano,kano,Layin Agantasa B,,settlement,grid3,Zango (Ungogo),Ungogo,Kano,0,1,8.56428,12.044154
Kano,kano,Layin Agm,,settlement,grid3,Kofar Ruwa,Dala,Kano,0,1,8.490441,12.023938
Kano,kano,Layin Agm Nursery and Primary,,settlement,grid3,Kofar Ruwa,Dala,Kano,0,1,8.490298,12.024249
Kano,kano,Layin Aha,,settlement,grid3,Hotoro,Tarauni,Kano,0,1,8.570387,11.966689
Kano,kano,Layin Ahmad Gumal Gidan Malam Adamu,,settlement,grid3,Kawaji,Nassarawa,Kano,0,1,8.583931,12.020793
Kano,kano,Layin Ahmadiyya,,settlement,grid3,Gwagwarwa,Nassarawa,Kano,0,1,8.543698,12.032903
Kano,kano,Layin Ahmadu Dan Ama,,settlement,grid3,Yammata,Fagge,Kano,0,1,8.472359,12.062932
Kano,kano,Layin Ahmadu Makanike,,settlement,grid3,Dan Maliki,Kumbotso,Kano,0,1,8.529032,11.954043
Kano,kano,Layin Ahmed Dahiru,,settlement,grid3,Galadanchi,Gwale,Kano,0,1,8.509452,11.990688
Kano,kano,Layin Ahmed Danjarida,,settlement,grid3,Galadanchi,Gwale,Kano,0,1,8.513876,11.991775
Kano,kano,Layin Ahuwa,,settlement,grid3,Goron Dutse,Gwale,Kano,0,1,8.48888,12.004345
Kano,kano,Layin Ai Mai Salad,,settlement,grid3,Kaura Goje,Nassarawa,Kano,0,1,8.548053,12.035524
Kano,kano,Layin Aisha Block,,settlement,grid3,Kofar Ruwa,Dala,Kano,0,1,8.49508,12.020608
Kano,kano,Layin Aisha House,,settlement,grid3,Kwachiri,Fagge,Kano,0,1,8.493158,12.045739
Kano,kano,Layin Akarami,,settlement,grid3,Gobirawa,Dala,Kano,0,1,8.475866,12.048809
Kano,kano,Layin Akisko Kasa,,settlement,grid3,Rijiyar Lemo,Fagge,Kano,0,1,8.476954,12.055083
Kano,kano,Layin Akisko Photo,,settlement,grid3,Rijiyar Lemo,Fagge,Kano,0,1,8.475911,12.05471
Kano,kano,Layin Al Amin Communication,,settlement,grid3,Tudun Murtala,Nassarawa,Kano,0,1,8.572367,12.031537
Kano,kano,Layin Al Hassan Dan Gargaj,,settlement,grid3,Yammata,Fagge,Kano,0,1,8.472886,12.060755
Kano,kano,Layin Al Iman,,settlement,grid3,Sharada,Kano Municipal,Kano,0,1,8.506815,11.974271
Kano,kano,Layin Ala'azahar,,settlement,grid3,Rijiyar Zaki,Ungogo,Kano,0,1,8.457547,11.979885
Kano,kano,Layin Alarama,,settlement,grid3,Kawaji,Nassarawa,Kano,0,1,8.585606,12.018549
Kano,kano,Layin Alaramma,,settlement,grid3,Ungogo,Ungogo,Kano,0,1,8.45136,12.090366
Kano,kano,Layin Alaramma,,settlement,grid3,Hotoro,Tarauni,Kano,0,1,8.590534,11.960596
Kano,kano,Layin Alaramma,,settlement,grid3,Hotoro South,Nassarawa,Kano,0,1,8.586746,11.968321
Kano,kano,Layin Alaramma,,settlement,grid3,Galadanchi,Gwale,Kano,0,1,8.508459,11.987762
Kano,kano,Layin Alaramma Shop,,settlement,grid3,Kofar Ruwa,Dala,Kano,0,1,8.490965,12.024512
Kano,kano,Layin Alaramma Yammata,,settlement,grid3,Yammata,Fagge,Kano,0,1,8.473224,12.059572
Kano,kano,Layin Alasan,,settlement,grid3,Kofar Ruwa,Dala,Kano,0,1,8.498987,12.023727
Kano,kano,Layin Alasure,,settlement,grid3,Garun Gawa,Kumbotso,Kano,0,1,8.533773,11.958986
Kano,kano,Layin Ale Lawan,,settlement,grid3,Goron Dutse,Gwale,Kano,0,1,8.506266,11.996915
Kano,kano,Layin Ale Musa,,settlement,grid3,Goron Dutse,Gwale,Kano,0,1,8.506011,11.996446
Kano,kano,Layin Ale Namalan,,settlement,grid3,Goron Dutse,Gwale,Kano,0,1,8.488976,12.003904
Kano,kano,Layin Ale Nasidi,,settlement,grid3,Goron Dutse,Gwale,Kano,0,1,8.492311,12.005002
Kano,kano,Layin Alfa,,settlement,grid3,Yammata,Fagge,Kano,0,1,8.481866,12.05813
Kano,kano,Layin Alhaji Abdu,,settlement,grid3,Kabuga,Gwale,Kano,0,1,8.488046,11.999008
Kano,kano,Layin Alhaji Abdullahi,,settlement,grid3,Goron Dutse,Gwale,Kano,0,1,8.49033,12.00825
Kano,kano,Layin Alhaji Abubakar,,settlement,grid3,Giginyu,Nassarawa,Kano,0,1,8.573214,11.996567
Kano,kano,Layin Alhaji Abubakar,,settlement,grid3,Kofar Ruwa,Dala,Kano,0,1,8.490692,12.024197
Kano,kano,Layin Alhaji Aminu,,settlement,grid3,Galadanchi,Gwale,Kano,0,1,8.513334,11.990595
Kano,kano,Layin Alhaji Aminu Galadima Mai Shimkafa,,settlement,grid3,Rijiyar Lemo,Fagge,Kano,0,1,8.487911,12.043043
Kano,kano,Layin Alhaji Aminu Mai Atamfa,,settlement,grid3,Rijiyar Lemo,Fagge,Kano,0,1,8.48278,12.047861
Kano,kano,Layin Alhaji Atiku,,settlement,grid3,Rijiyar Zaki,Ungogo,Kano,0,1,8.460931,11.979152
Kano,kano,Layin Alhaji Audu,,settlement,grid3,Ungogo,Ungogo,Kano,0,1,8.449364,12.087899
Kano,kano,Layin Alhaji Audu Kamfala,,settlement,grid3,Kwachiri,Fagge,Kano,0,1,8.486111,12.047694
Kano,kano,Layin Alhaji Auwalu,,settlement,grid3,Sani Mai Nagge,Gwale,Kano,0,1,8.499234,11.984402
Kano,kano,Layin Alhaji Auwalu,,settlement,grid3,Kabuga,Gwale,Kano,0,1,8.478951,11.98806
Kano,kano,Layin Alhaji Auwalu Nataala,,settlement,grid3,Kofar Ruwa,Dala,Kano,0,1,8.496157,12.014849
Kano,kano,Layin Alhaji Awaisu,,settlement,grid3,Dorayi,Gwale,Kano,0,1,8.462669,11.97225
Kano,kano,Layin Alhaji Badamasi,,settlement,grid3,Galadanchi,Gwale,Kano,0,1,8.513129,11.988968
Kano,kano,Layin Alhaji Bagwai,,settlement,grid3,Kwachiri,Fagge,Kano,0,1,8.48829,12.042938
Kano,kano,Layin Alhaji Bako,,settlement,grid3,Yammata,Fagge,Kano,0,1,8.474163,12.057596
Kano,kano,Layin Alhaji Bala,,settlement,grid3,Giginyu,Nassarawa,Kano,0,1,8.571699,12.000403
Kano,kano,Layin Alhaji Bala,,settlement,grid3,Galadanchi,Gwale,Kano,0,1,8.513034,11.991428
Kano,kano,Layin Alhaji Bala,,settlement,grid3,Kwachiri,Fagge,Kano,0,1,8.489075,12.054321
Kano,kano,Layin Alhaji Bala Kapenter,,settlement,grid3,Galadanchi,Gwale,Kano,0,1,8.5118,11.989114
Kano,kano,Layin Alhaji Balarabe,,settlement,grid3,Bachirawa,Ungogo,Kano,0,1,8.468242,12.067044
Kano,kano,Layin Alhaji Bashir,,settlement,grid3,Dorayi,Gwale,Kano,0,1,8.501441,11.963108
Kano,kano,Layin Alhaji Bashir Northern Dala,,settlement,grid3,Dala,Dala,Kano,0,1,8.506144,12.008199
Kano,kano,Layin Alhaji Bashir Southern Dala,,settlement,grid3,Dala,Dala,Kano,0,1,8.507182,12.004446
Kano,kano,Layin Alhaji Bature,,settlement,grid3,Dogon Nama,Dala,Kano,0,1,8.498326,11.999614
Kano,kano,Layin Alhaji Bawa,,settlement,grid3,Yammata,Fagge,Kano,0,1,8.473606,12.05877
Kano,kano,Layin Alhaji Bello,,settlement,grid3,Gobirawa,Dala,Kano,0,1,8.476411,12.047929
Kano,kano,Layin Alhaji Dahiru,,settlement,grid3,Goron Dutse,Gwale,Kano,0,1,8.505844,11.997388
Kano,kano,Layin Alhaji Dahiru,,settlement,grid3,Kabuga,Gwale,Kano,0,1,8.483067,11.984146
Kano,kano,Layin Alhaji Dahiru Abdullahi,,settlement,grid3,Yalwa,Dala,Kano,0,1,8.500065,12.00633
Kano,kano,Layin Alhaji Dan Kawu,,settlement,grid3,Rijiyar Lemo,Fagge,Kano,0,1,8.482748,12.048286
Kano,kano,Layin Alhaji Danliti Jala,,settlement,grid3,Kabuga,Gwale,Kano,0,1,8.499748,11.995244
Kano,kano,Layin Alhaji Dauda,,settlement,grid3,Kwachiri,Fagge,Kano,0,1,8.489278,12.042962
Kano,kano,Layin Alhaji Dayya,,settlement,grid3,Yammata,Fagge,Kano,0,1,8.473471,12.059086
Kano,kano,Layin Alhaji Dutse,,settlement,grid3,Gyaranya,Gwale,Kano,0,1,8.509245,11.995815
Kano,kano,Layin Alhaji Garba,,settlement,grid3,Kantudu,Dala,Kano,0,1,8.510021,12.008484
Kano,kano,Layin Alhaji Garba,,settlement,grid3,Yalwa,Dala,Kano,0,1,8.500614,12.004243
Kano,kano,Layin Alhaji Giwa,,settlement,grid3,Diso,Gwale,Kano,0,1,8.515841,11.988663
Kano,kano,Layin Alhaji Habibu,,settlement,grid3,Yammata,Fagge,Kano,0,1,8.474634,12.059566
Kano,kano,Layin Alhaji Habibu,,settlement,grid3,Giginyu,Nassarawa,Kano,0,1,8.575183,12.003027
Kano,kano,Layin Alhaji Hamisu,,settlement,grid3,Tudun Fulani,Ungogo,Kano,0,1,8.47944,12.037594
Kano,kano,Layin Alhaji Hamza,,settlement,grid3,Kofar Ruwa,Dala,Kano,0,1,8.489763,12.025347
Kano,kano,Layin Alhaji Haruna,,settlement,grid3,Ungogo,Ungogo,Kano,0,1,8.449547,12.08669
Kano,kano,Layin Alhaji Haruna,,settlement,grid3,Tudun Wazurchi,Kano Municipal,Kano,0,1,8.514849,11.986238
Kano,kano,Layin Alhaji Hassan Mai Katifa,,settlement,grid3,Kaura Goje,Nassarawa,Kano,0,1,8.554114,12.044014
Kano,kano,Layin Alhaji Hussaini,,settlement,grid3,Kabuga,Gwale,Kano,0,1,8.488312,11.969979
Kano,kano,Layin Alhaji IDI,,settlement,grid3,Yalwa,Dala,Kano,0,1,8.497967,12.00426
Kano,kano,Layin Alhaji IDI Wafa,,settlement,grid3,Ungogo,Ungogo,Kano,0,1,8.447944,12.08879
Kano,kano,Layin Alhaji Ibrahim,,settlement,grid3,Goron Dutse,Gwale,Kano,0,1,8.489151,12.004691
Kano,kano,Layin Alhaji Ibrahim Alfa,,settlement,grid3,Ungogo,Ungogo,Kano,0,1,8.447633,12.089697
Kano,kano,Layin Alhaji Ibrahim Dan Sumogal,,settlement,grid3,Rijiyar Lemo,Fagge,Kano,0,1,8.478362,12.056872
Kano,kano,Layin Alhaji Ibrahim Mai Gas,,settlement,grid3,Kwachiri,Fagge,Kano,0,1,8.4902,12.052117
Kano,kano,Layin Alhaji Ibro,,settlement,grid3,Rijiyar Lemo,Fagge,Kano,0,1,8.47783,12.052217
Kano,kano,Layin Alhaji Ilu,,settlement,grid3,Gobirawa,Dala,Kano,0,1,8.468149,12.060668
Kano,kano,Layin Alhaji Ilya,,settlement,grid3,Kabuga,Gwale,Kano,0,1,8.483963,11.983377
Kano,kano,Layin Alhaji Imrana,,settlement,grid3,Goron Dutse,Gwale,Kano,0,1,8.487258,12.004001
Kano,kano,Layin Alhaji Inusa,,settlement,grid3,Ungogo,Ungogo,Kano,0,1,8.47812,12.110553
Kano,kano,Layin Alhaji Inusa Dan Kulli,,settlement,grid3,Kwachiri,Fagge,Kano,0,1,8.482785,12.054577
Kano,kano,Layin Alhaji Jaafaru,,settlement,grid3,Diso,Gwale,Kano,0,1,8.512399,11.985934
Kano,kano,Layin Alhaji Jakada,,settlement,grid3,Hotoro South,Nassarawa,Kano,0,1,8.583755,11.96927
Kano,kano,Layin Alhaji Jazuli,,settlement,grid3,Dan Agundi,Kano Municipal,Kano,0,1,8.52469,11.9846
Kano,kano,Layin Alhaji Jibrin,,settlement,grid3,Hotoro,Tarauni,Kano,0,1,8.581907,11.952615
Kano,kano,Layin Alhaji Kabiru Mai Lada,,settlement,grid3,Rijiyar Lemo,Fagge,Kano,0,1,8.478787,12.052815
Kano,kano,Layin Alhaji Kauta,,settlement,grid3,Gwagwarwa,Nassarawa,Kano,0,1,8.542703,12.028608
Kano,kano,Layin Alhaji Khalid,,settlement,grid3,Kabuga,Gwale,Kano,0,1,8.496563,12.012175
Kano,kano,Layin Alhaji Labaran,,settlement,grid3,Goron Dutse,Gwale,Kano,0,1,8.491269,12.009169
Kano,kano,Layin Alhaji Labbo,,settlement,grid3,Kaura Goje,Nassarawa,Kano,0,1,8.553734,12.03692
Kano,kano,Layin Alhaji Lawan,,settlement,grid3,Kadawa,Ungogo,Kano,0,1,8.471398,12.079727
Kano,kano,Layin Alhaji Leko,,settlement,grid3,Hotoro,Tarauni,Kano,0,1,8.592384,11.959894
Kano,kano,Layin Alhaji Leko Layin Dan Gurgu,,settlement,grid3,Yammata,Fagge,Kano,0,1,8.474677,12.058311
Kano,kano,Layin Alhaji Mai Kumbo,,settlement,grid3,Dala,Dala,Kano,0,1,8.507746,12.004311
Kano,kano,Layin Alhaji Mai Waina,,settlement,grid3,Dandago,Gwale,Kano,0,1,8.509962,11.991128
Kano,kano,Layin Alhaji Mamuda,,settlement,grid3,Gwale,Gwale,Kano,0,1,8.511531,11.984102
Kano,kano,Layin Alhaji Muqaddas,,settlement,grid3,Giginyu,Nassarawa,Kano,0,1,8.575651,12.003159
Kano,kano,Layin Alhaji Musa Karaye,,settlement,grid3,Diso,Gwale,Kano,0,1,8.50978,11.987378
Kano,kano,Layin Alhaji Musa Prp,,settlement,grid3,Gama,Nassarawa,Kano,0,1,8.549983,12.028924
Kano,kano,Layin Alhaji Mustapha,,settlement,grid3,Gyaranya,Gwale,Kano,0,1,8.508791,11.997935
Kano,kano,Layin Alhaji Mustapha,,settlement,grid3,Kabuga,Gwale,Kano,0,1,8.49639,12.011925
Kano,kano,Layin Alhaji Na Dada,,settlement,grid3,Gwagwarwa,Nassarawa,Kano,0,1,8.545176,12.02932
Kano,kano,Layin Alhaji Nakawu,,settlement,grid3,Hotoro South,Nassarawa,Kano,0,1,8.589908,11.97173
Kano,kano,Layin Alhaji Nuhui Commander,,settlement,grid3,Yammata,Fagge,Kano,0,1,8.472267,12.063537
Kano,kano,Layin Alhaji Nura,,settlement,grid3,Kabuga,Gwale,Kano,0,1,8.478721,11.987723
Kano,kano,Layin Alhaji Rabiu,,settlement,grid3,Gobirawa,Dala,Kano,0,1,8.476729,12.047279
Kano,kano,Layin Alhaji Rabiu Mai Kwalabe,,settlement,grid3,Kadawa,Ungogo,Kano,0,1,8.450933,12.077894
Kano,kano,Layin Alhaji Rago,,settlement,grid3,Fagge D2,Fagge,Kano,0,1,8.526114,12.01146
Kano,kano,Layin Alhaji Sabo,,settlement,grid3,Goron Dutse,Gwale,Kano,0,1,8.491076,12.008573
Kano,kano,Layin Alhaji Sagir,,settlement,grid3,Kabuga,Gwale,Kano,0,1,8.469468,11.994557
Kano,kano,Layin Alhaji Saidu Mai Keke,,settlement,grid3,Rijiyar Lemo,Fagge,Kano,0,1,8.484219,12.046658
Kano,kano,Layin Alhaji Sale Nepa,,settlement,grid3,Kabuga,Gwale,Kano,0,1,8.480401,11.987307
Kano,kano,Layin Alhaji Salisu,,settlement,grid3,Kabuga,Gwale,Kano,0,1,8.47933,11.986838
Kano,kano,Layin Alhaji Salisu,,settlement,grid3,Gobirawa,Dala,Kano,0,1,8.470446,12.050992
Kano,kano,Layin Alhaji Samaila,,settlement,grid3,Goron Dutse,Gwale,Kano,0,1,8.491843,12.00794
Kano,kano,Layin Alhaji Sambo,,settlement,grid3,Bakin Ruwa,Dala,Kano,0,1,8.504135,11.999486
Kano,kano,Layin Alhaji Sani,,settlement,grid3,Galadanchi,Gwale,Kano,0,1,8.507325,11.987615
Kano,kano,Layin Alhaji Sani Kawus,,settlement,grid3,Goron Dutse,Gwale,Kano,0,1,8.490132,12.00793
Kano,kano,Layin Alhaji Sani Lungun Malamai,,settlement,grid3,Gama,Nassarawa,Kano,0,1,8.547732,12.034543
Kano,kano,Layin Alhaji Shehu,,settlement,grid3,Kofar Ruwa,Dala,Kano,0,1,8.48952,12.025016
Kano,kano,Layin Alhaji Shittu,,settlement,grid3,Yalwa,Dala,Kano,0,1,8.500042,12.007969
Kano,kano,Layin Alhaji Shuaibu A,,settlement,grid3,Kwachiri,Fagge,Kano,0,1,8.485597,12.047181
Kano,kano,Layin Alhaji Shuaibu B,,settlement,grid3,Kwachiri,Fagge,Kano,0,1,8.484965,12.047694
Kano,kano,Layin Alhaji Sule,,settlement,grid3,Hotoro North,Nassarawa,Kano,0,1,8.583025,11.975734
Kano,kano,Layin Alhaji Tela Fagge,,settlement,grid3,Fagge B,Fagge,Kano,0,1,8.531672,12.00733
Kano,kano,Layin Alhaji Tijjani,,settlement,grid3,Kwachiri,Fagge,Kano,0,1,8.484781,12.048361
Kano,kano,Layin Alhaji Tijjani Babuga,,settlement,grid3,Bakin Ruwa,Dala,Kano,0,1,8.506625,11.99997
Kano,kano,Layin Alhaji Umaru Tanko,,settlement,grid3,Goron Dutse,Gwale,Kano,0,1,8.49122,12.00793
Kano,kano,Layin Alhaji Unguwar Dogo,,settlement,grid3,Yada Kunya,Ungogo,Kano,0,1,8.627006,12.085691
Kano,kano,Layin Alhaji Usaini,,settlement,grid3,Sani Mai Nagge,Gwale,Kano,0,1,8.504149,11.987179
Kano,kano,Layin Alhaji Usman Mai Katifa,,settlement,grid3,Ungogo,Ungogo,Kano,0,1,8.449741,12.085853
Kano,kano,Layin Alhaji Wada,,settlement,grid3,Sabon Gari East,Fagge,Kano,0,1,8.542362,12.060983
Kano,kano,Layin Alhaji Yahaya,,settlement,grid3,Gwagwarwa,Nassarawa,Kano,0,1,8.541605,12.029032
Kano,kano,Layin Alhaji Yahaya A,,settlement,grid3,Kwachiri,Fagge,Kano,0,1,8.483688,12.047832
Kano,kano,Layin Alhaji Yahaya B,,settlement,grid3,Kwachiri,Fagge,Kano,0,1,8.484787,12.045766
Kano,kano,Layin Alhaji Yahaya Mai Dal,,settlement,grid3,Kaura Goje,Nassarawa,Kano,0,1,8.550866,12.037221
Kano,kano,Layin Alhaji Yahya,,settlement,grid3,Kwachiri,Fagge,Kano,0,1,8.501302,12.06864
Kano,kano,Layin Alhaji Yakubu,,settlement,grid3,Goron Dutse,Gwale,Kano,0,1,8.491803,12.008286
Kano,kano,Layin Alhaji Yusuf,,settlement,grid3,Kabuga,Gwale,Kano,0,1,8.480164,11.98721
Kano,kano,Layin Alhaji Yusuf Mai Taya,,settlement,grid3,Yalwa,Dala,Kano,0,1,8.500295,12.006788
Kano,kano,Layin Alhasawa,,settlement,grid3,Kwachiri,Fagge,Kano,0,1,8.492456,12.03778
Kano,kano,Layin Alhassan,,settlement,grid3,Hotoro,Tarauni,Kano,0,1,8.587838,11.961032
Kano,kano,Layin Alhassan Mai Kaura,,settlement,grid3,Kofar Ruwa,Dala,Kano,0,1,8.486436,12.024956
Kano,kano,Layin Alhassan Usman,,settlement,grid3,Sharada,Kano Municipal,Kano,0,1,8.502642,11.975276
Kano,kano,Layin Alhaza,,settlement,grid3,Sani Mai Nagge,Gwale,Kano,0,1,8.495038,11.982634
Kano,kano,Layin Alhazai,,settlement,grid3,Goron Dutse,Gwale,Kano,0,1,8.50703,11.996445
Kano,kano,Layin Alheri Bread,,settlement,grid3,Gwagwarwa,Nassarawa,Kano,0,1,8.546168,12.033019
Kano,kano,Layin Ali Abba,,settlement,grid3,Gyaranya,Gwale,Kano,0,1,8.510891,11.998398
Kano,kano,Layin Ali Ag,,settlement,grid3,Tudun Wazurchi,Kano Municipal,Kano,0,1,8.514937,11.985897
Kano,kano,Layin Ali Anko,,settlement,grid3,Dala,Dala,Kano,0,1,8.509017,12.003428
Kano,kano,Layin Ali Babur,,settlement,grid3,Zango (Ungogo),Ungogo,Kano,0,1,8.566876,12.037254
Kano,kano,Layin Ali Bros,,settlement,grid3,Tudun Wada,Nassarawa,Kano,0,1,8.559233,12.025072
Kano,kano,Layin Ali Dan Maraya,,settlement,grid3,Garun Gawa,Kumbotso,Kano,0,1,8.529873,11.964424
Kano,kano,Layin Ali Dankadawa,,settlement,grid3,Sani Mai Nagge,Gwale,Kano,0,1,8.498392,11.992739
Kano,kano,Layin Ali Kafino,,settlement,grid3,Yammata,Fagge,Kano,0,1,8.474762,12.06435
Kano,kano,Layin Ali Kusa,,settlement,grid3,Galadanchi,Gwale,Kano,0,1,8.512403,11.99117
Kano,kano,Layin Ali Magaji Mai Kaji,,settlement,grid3,Kofar Ruwa,Dala,Kano,0,1,8.492777,12.015465
Kano,kano,Layin Ali Mai Goro,,settlement,grid3,Kwachiri,Fagge,Kano,0,1,8.490205,12.051725
Kano,kano,Layin Ali Mai Kare,,settlement,grid3,Gwagwarwa,Nassarawa,Kano,0,1,8.542983,12.02702
Kano,kano,Layin Ali Mai Kilishi,,settlement,grid3,Kabuga,Gwale,Kano,0,1,8.498121,11.993381
Kano,kano,Layin Ali Mai Shago,,settlement,grid3,Giginyu,Nassarawa,Kano,0,1,8.575989,11.998304
Kano,kano,Layin Ali Mai Tangaran,,settlement,grid3,Sani Mai Nagge,Gwale,Kano,0,1,8.492915,11.985161
Kano,kano,Layin Ali One Way,,settlement,grid3,Yammata,Fagge,Kano,0,1,8.473227,12.063986
Kano,kano,Layin Ali Sikawul,,settlement,grid3,Gyaranya,Gwale,Kano,0,1,8.507938,11.998494
Kano,kano,Layin Ali Vio,,settlement,grid3,Dogon Nama,Dala,Kano,0,1,8.496414,11.996721
Kano,kano,Layin Ali Wakili A,,settlement,grid3,Dandago,Gwale,Kano,0,1,8.507158,11.99202
Kano,kano,Layin Ali Wakili B,,settlement,grid3,Dandago,Gwale,Kano,0,1,8.508062,11.991625
Kano,kano,Layin Ali Zaki,,settlement,grid3,Fagge D1,Fagge,Kano,0,1,8.528113,12.008698
Kano,kano,Layin Alin Gwanjo,,settlement,grid3,Kadawa,Ungogo,Kano,0,1,8.4964,12.0567
Kano,kano,Layin Alin Marwana,,settlement,grid3,Kwachiri,Fagge,Kano,0,1,8.488697,12.051811
Kano,kano,Layin Aliyu Adamu,,settlement,grid3,Dandago,Gwale,Kano,0,1,8.508288,11.995004
Kano,kano,Layin Alkalam,,settlement,grid3,Dorayi,Gwale,Kano,0,1,8.477616,11.962792
Kano,kano,Layin Alkali,,settlement,grid3,Kaura Goje,Nassarawa,Kano,0,1,8.556098,12.039995
Kano,kano,Layin Alkali,,settlement,grid3,Giginyu,Nassarawa,Kano,0,1,8.575828,12.003349
Kano,kano,Layin Alkali Hausawa,,settlement,grid3,Galadanchi,Gwale,Kano,0,1,8.511686,11.988824
Kano,kano,Layin Almustapha Yusif,,settlement,grid3,Kofar Ruwa,Dala,Kano,0,1,8.494626,12.014387
Kano,kano,Layin Amada,,settlement,grid3,Gwammaja,Dala,Kano,0,1,8.507729,12.019711
Kano,kano,Layin Amadu Canga,,settlement,grid3,Gyaranya,Gwale,Kano,0,1,8.508358,11.996389
Kano,kano,Layin Amadu Chabi,,settlement,grid3,Bachirawa,Ungogo,Kano,0,1,8.467641,12.067757
Kano,kano,Layin Amadu Dan Kuci,,settlement,grid3,Dogon Nama,Dala,Kano,0,1,8.499097,12.000642
Kano,kano,Layin Amadu Dawaki,,settlement,grid3,Diso,Gwale,Kano,0,1,8.513667,11.985742
Kano,kano,Layin Amadu Sai Kayi,,settlement,grid3,Sani Mai Nagge,Gwale,Kano,0,1,8.505174,11.989477
Kano,kano,Layin Amadun Baita,,settlement,grid3,Sani Mai Nagge,Gwale,Kano,0,1,8.49731,11.983571
Kano,kano,Layin Aminu Ado,,settlement,grid3,Mandawari,Gwale,Kano,0,1,8.513136,11.993858
Kano,kano,Layin Aminu Ara,,settlement,grid3,Madigawa,Dala,Kano,0,1,8.50638,12.001788
Kano,kano,Layin Aminu Boda,,settlement,grid3,Dan Maliki,Kumbotso,Kano,0,1,8.529319,11.951674
Kano,kano,Layin Aminu Dan Minau,,settlement,grid3,Sani Mai Nagge,Gwale,Kano,0,1,8.49349,11.979983
Kano,kano,Layin Aminu Gaba,,settlement,grid3,Yalwa,Dala,Kano,0,1,8.498078,12.007057
Kano,kano,Layin Aminu Gayan Kura,,settlement,grid3,Dogon Nama,Dala,Kano,0,1,8.49871,11.998707
Kano,kano,Layin Aminu Mai Ice,,settlement,grid3,Rijiyar Lemo,Fagge,Kano,0,1,8.479268,12.05576
Kano,kano,Layin Aminu Mai Lemo,,settlement,grid3,Kaura Goje,Nassarawa,Kano,0,1,8.549714,12.037352
Kano,kano,Layin Aminu Shugaba,,settlement,grid3,Kabuga,Gwale,Kano,0,1,8.491557,12.01077
Kano,kano,Layin Aminu Walwal,,settlement,grid3,Dogon Nama,Dala,Kano,0,1,8.500296,12.000793
Kano,kano,Layin Aminu Wanzan,,settlement,grid3,Giginyu,Nassarawa,Kano,0,1,8.575842,11.994239
Kano,kano,Layin Aminu Yaro,,settlement,grid3,Yammata,Fagge,Kano,0,1,8.481022,12.060055
Kano,kano,Layin Amira International School,,settlement,grid3,Kabuga,Gwale,Kano,0,1,8.479553,12.014324
Kano,kano,Layin Ammani,,settlement,grid3,Fagge C,Fagge,Kano,0,1,8.529198,12.009224
Kano,kano,Layin Ammani Inuwa,,settlement,grid3,Fagge B,Fagge,Kano,0,1,8.53097,12.008161
Kano,kano,Layin Anwaru,,settlement,grid3,Yalwa,Dala,Kano,0,1,8.501598,12.00543
Kano,kano,Layin Aqsa,,settlement,grid3,Kabuga,Gwale,Kano,0,1,8.476041,12.014003
Kano,kano,Layin Arab Dan Sokoto,,settlement,grid3,Sabon Gari East,Fagge,Kano,0,1,8.545591,12.064753
Kano,kano,Layin Arma,,settlement,grid3,Rijiyar Lemo,Fagge,Kano,0,1,8.477308,12.054321
Kano,kano,Layin Arzai,,settlement,grid3,Kofar Mazugal,Dala,Kano,0,1,8.513731,12.011896
Kano,kano,Layin Ashabul Kahfi,,settlement,grid3,Sani Mai Nagge,Gwale,Kano,0,1,8.50435,11.98814
Kano,kano,Layin Ashaka,,settlement,grid3,Garun Gawa,Kumbotso,Kano,0,1,8.525622,11.957147
Kano,kano,Layin Asibiti,,settlement,grid3,Unguwar Rimi,Kumbotso,Kano,0,1,8.567588,11.911245
Kano,kano,Layin Asibiti,,settlement,grid3,Bachirawa,Ungogo,Kano,0,1,8.46338,12.057796
Kano,kano,Layin Asibiti,,settlement,grid3,Danbare,Kumbotso,Kano,0,1,8.424514,11.957643
Kano,kano,Layin Asibiti,,settlement,grid3,Ungogo,Ungogo,Kano,0,1,8.46965,12.095942
Kano,kano,Layin Asibiti,,settlement,grid3,Kwachiri,Fagge,Kano,0,1,8.499814,12.065649
Kano,kano,Layin Asibiti,,settlement,grid3,Panshekara,Kumbotso,Kano,0,1,8.457869,11.899477
Kano,kano,Layin Asibiti,,settlement,grid3,Kabuga,Gwale,Kano,0,1,8.499137,11.994653
Kano,kano,Layin Asibiti Yammata,,settlement,grid3,Yammata,Fagge,Kano,0,1,8.47229,12.063904
Kano,kano,Layin Asibitin Mai Unguwar Garba,,settlement,grid3,Dala,Dala,Kano,0,1,8.505401,12.008308
Kano,kano,Layin Asibitin Malam Garba,,settlement,grid3,Kaura Goje,Nassarawa,Kano,0,1,8.546293,12.042456
Kano,kano,Layin Au Au,,settlement,grid3,Ungogo,Ungogo,Kano,0,1,8.479647,12.11117
Kano,kano,Layin Audu Kato,,settlement,grid3,Yammata,Fagge,Kano,0,1,8.471044,12.062836
Kano,kano,Layin Audu Mai Itache,,settlement,grid3,Kwachiri,Fagge,Kano,0,1,8.489702,12.042787
Kano,kano,Layin Audu Mai Kwaba,,settlement,grid3,Yammata,Fagge,Kano,0,1,8.474248,12.05739
Kano,kano,Layin Audu Me Nama,,settlement,grid3,Gama,Nassarawa,Kano,0,1,8.548597,12.032125
Kano,kano,Layin Audu Zuciya,,settlement,grid3,Rijiyar Lemo,Fagge,Kano,0,1,8.481606,12.052191
Kano,kano,Layin Auta Mai Nama,,settlement,grid3,Kwachiri,Fagge,Kano,0,1,8.488125,12.055036
Kano,kano,Layin Auwal Nepa,,settlement,grid3,Gobirawa,Dala,Kano,0,1,8.469989,12.04927
Kano,kano,Layin Auwalu Baffa,,settlement,grid3,Goron Dutse,Gwale,Kano,0,1,8.489384,12.004999
Kano,kano,Layin Auwalu Biko,,settlement,grid3,Kofar Ruwa,Dala,Kano,0,1,8.497699,12.015198
Kano,kano,Layin Auwalu Kafinta,,settlement,grid3,Gyaranya,Gwale,Kano,0,1,8.507147,11.997708
Kano,kano,Layin Auwalu Nepa,,settlement,grid3,Gobirawa,Dala,Kano,0,1,8.471306,12.047729
Kano,kano,Layin Auwalu Santana,,settlement,grid3,Dorayi,Gwale,Kano,0,1,8.462132,11.964841
Kano,kano,Layin Awara,,settlement,grid3,Dandago,Gwale,Kano,0,1,8.506235,11.993902
Kano,kano,Layin Ayagi Tawalkala,,settlement,grid3,Bakin Ruwa,Dala,Kano,0,1,8.50204,11.994613
Kano,kano,Layin Ayin Alhaji Sharu Mai Kaji,,settlement,grid3,Yalwa,Dala,Kano,0,1,8.500344,12.003974
Kano,kano,Layin Ayuba Mai Mota,,settlement,grid3,Sabon Gari East,Fagge,Kano,0,1,8.541352,12.061595
Kano,kano,Layin Azara,,settlement,grid3,Gwammaja,Dala,Kano,0,1,8.506085,12.016571
Kano,kano,Layin Azim Nursery,,settlement,grid3,Gobirawa,Dala,Kano,0,1,8.478206,12.043977
Kano,kano,Layin Azumi Bebbeji,,settlement,grid3,Daurawa,Tarauni,Kano,0,1,8.559577,11.963803
Kano,kano,Layin B Ahmed,,settlement,grid3,Bakin Ruwa,Dala,Kano,0,1,8.509379,12.002917
Kano,kano,Layin Baba A Zariya,,settlement,grid3,Kaura Goje,Nassarawa,Kano,0,1,8.552485,12.035861
Kano,kano,Layin Baba Dan Baffa,,settlement,grid3,Galadanchi,Gwale,Kano,0,1,8.512408,11.989008
Kano,kano,Layin Baba Dele,,settlement,grid3,Tudun Wada,Nassarawa,Kano,0,1,8.558328,12.026446
Kano,kano,Layin Baba Kowa Southern Dala,,settlement,grid3,Dala,Dala,Kano,0,1,8.50911,12.004816
Kano,kano,Layin Baba Muhd,,settlement,grid3,Naibawa,Kumbotso,Kano,0,1,8.570282,11.934113
Kano,kano,Layin Baba Sharu,,settlement,grid3,Giginyu,Nassarawa,Kano,0,1,8.566092,11.988244
Kano,kano,Layin Baban Baba,,settlement,grid3,Dandago,Gwale,Kano,0,1,8.506704,11.994478
Kano,kano,Layin Baban Dan Dade,,settlement,grid3,Giginyu,Nassarawa,Kano,0,1,8.574313,11.997789
Kano,kano,Layin Baban Inna,,settlement,grid3,Kadawa,Ungogo,Kano,0,1,8.488344,12.056943
Kano,kano,Layin Baban Kara,,settlement,grid3,Fagge C,Fagge,Kano,0,1,8.530264,12.009058
Kano,kano,Layin Baban Kowa Northern Dala,,settlement,grid3,Dala,Dala,Kano,0,1,8.506903,12.007486
Kano,kano,Layin Baban Nazifi,,settlement,grid3,Kabuga,Gwale,Kano,0,1,8.470617,11.994913
Kano,kano,Layin Baban Salo,,settlement,grid3,Madigawa,Dala,Kano,0,1,8.504752,12.004797
Kano,kano,Layin Baban Uwa,,settlement,grid3,Mandawari,Gwale,Kano,0,1,8.513031,11.993044
Kano,kano,Layin Babangida,,settlement,grid3,Yammata,Fagge,Kano,0,1,8.475913,12.06519
Kano,kano,Layin Babangida Near Kofar Ruwa Mosque,,settlement,grid3,Kofar Ruwa,Dala,Kano,0,1,8.500639,12.025248
Kano,kano,Layin Babba Milk,,settlement,grid3,Zango (Ungogo),Ungogo,Kano,0,1,8.565962,12.036378
Kano,kano,Layin Babban Baki A,,settlement,grid3,Dandago,Gwale,Kano,0,1,8.506917,11.991757
Kano,kano,Layin Babban Baki B,,settlement,grid3,Dandago,Gwale,Kano,0,1,8.506756,11.992223
Kano,kano,Layin Babban Gida,,settlement,grid3,Hotoro South,Nassarawa,Kano,0,1,8.586484,11.970991
Kano,kano,Layin Babban Gida,,settlement,grid3,Sharada,Kano Municipal,Kano,0,1,8.50667,11.971267
Kano,kano,Layin Babban Gida,,settlement,grid3,Kabuga,Gwale,Kano,0,1,8.480719,11.987476
Kano,kano,Layin Babban Gida,,settlement,grid3,Dorayi,Gwale,Kano,0,1,8.479824,11.945169
Kano,kano,Layin Babban Gida,,settlement,grid3,Gandu Albasa,Kano Municipal,Kano,0,1,8.520902,11.967071
Kano,kano,Layin Babban Kwata,,settlement,grid3,Kwachiri,Fagge,Kano,0,1,8.491434,12.04168
Kano,kano,Layin Babban Kwata 2,,settlement,grid3,Kwachiri,Fagge,Kano,0,1,8.490287,12.039285
Kano,kano,Layin Babbar Gada,,settlement,grid3,Kofar Ruwa,Dala,Kano,0,1,8.489744,12.025969
Kano,kano,Layin Babbar Giwa,,settlement,grid3,Kofar Ruwa,Dala,Kano,0,1,8.496627,12.019608
Kano,kano,Layin Babiro,,settlement,grid3,Tudun Wada,Nassarawa,Kano,0,1,8.558585,12.024109
Kano,kano,Layin Bada Hoda,,settlement,grid3,Gwammaja,Dala,Kano,0,1,8.514569,12.019458
Kano,kano,Layin Badala,,settlement,grid3,Goron Dutse,Gwale,Kano,0,1,8.489831,12.007517
Kano,kano,Layin Baffa Mai Dawa,,settlement,grid3,Hotoro South,Nassarawa,Kano,0,1,8.586459,11.969028
Kano,kano,Layin Bagobiri,,settlement,grid3,Yalwa,Dala,Kano,0,1,8.496909,12.006124
Kano,kano,Layin Bagobiri Mai Doya,,settlement,grid3,Yammata,Fagge,Kano,0,1,8.473666,12.063788
Kano,kano,Layin Baiti,,settlement,grid3,Hotoro,Tarauni,Kano,0,1,8.579903,11.95685
Kano,kano,Layin Bakin Dogo,,settlement,grid3,Hotoro North,Nassarawa,Kano,0,1,8.591808,12.005556
Kano,kano,Layin Bakin Kasuwa,,settlement,grid3,Rangaza,Ungogo,Kano,0,1,8.608748,12.055913
Kano,kano,Layin Bakin Masallaci,,settlement,grid3,Goron Dutse,Gwale,Kano,0,1,8.506244,11.994134
Kano,kano,Layin Bakin Rijiya,,settlement,grid3,Madigawa,Dala,Kano,0,1,8.502482,12.006011
Kano,kano,Layin Bakin Titi,,settlement,grid3,Dogon Nama,Dala,Kano,0,1,8.504366,12.000907
Kano,kano,Layin Bakin Titi,,settlement,grid3,Dandago,Gwale,Kano,0,1,8.507822,11.990806
Kano,kano,Layin Bakin Titin Chiranchi,,settlement,grid3,Diso,Gwale,Kano,0,1,8.51457,11.987729
Kano,kano,Layin Bako Mai Goro,,settlement,grid3,Gyaranya,Gwale,Kano,0,1,8.511096,11.997175
Kano,kano,Layin Bako Maishinku,,settlement,grid3,Sani Mai Nagge,Gwale,Kano,0,1,8.49864,11.988838
Kano,kano,Layin Bako Yunusa,,settlement,grid3,Kabuwaya,Dala,Kano,0,1,8.509989,12.01356
Kano,kano,Layin Bakori,,settlement,grid3,Gwammaja,Dala,Kano,0,1,8.514052,12.020219
Kano,kano,Layin Bakwaba,,settlement,grid3,Bachirawa,Ungogo,Kano,0,1,8.448555,12.060881
Kano,kano,Layin Bala Ayi Sallah,,settlement,grid3,Yammata,Fagge,Kano,0,1,8.472476,12.06524
Kano,kano,Layin Bala Danja Garba San Kira,,settlement,grid3,Yammata,Fagge,Kano,0,1,8.476476,12.06869
Kano,kano,Layin Bala Hasken Fada,,settlement,grid3,Gwale,Gwale,Kano,0,1,8.513532,11.983599
Kano,kano,Layin Bala Mai Gidan Gamji,,settlement,grid3,Kwachiri,Fagge,Kano,0,1,8.49114,12.050925
Kano,kano,Layin Bala Mai Shago,,settlement,grid3,Hotoro North,Nassarawa,Kano,0,1,8.590355,11.994327
Kano,kano,Layin Bala Mai Tifa,,settlement,grid3,Tudun Fulani,Ungogo,Kano,0,1,8.477941,12.042394
Kano,kano,Layin Bala Mai Yafe,,settlement,grid3,Adakawa,Dala,Kano,0,1,8.510951,12.013567
Kano,kano,Layin Bala Maikatako,,settlement,grid3,Tudun Murtala,Nassarawa,Kano,0,1,8.565288,12.031279
Kano,kano,Layin Bala Road,,settlement,grid3,Gwagwarwa,Nassarawa,Kano,0,1,8.545621,12.026823
Kano,kano,Layin Bala Takarda,,settlement,grid3,Goron Dutse,Gwale,Kano,0,1,8.488855,12.005052
Kano,kano,Layin Balarabe Maicitta,,settlement,grid3,Galadanchi,Gwale,Kano,0,1,8.512486,11.989682
Kano,kano,Layin Balarabe Tanimu,,settlement,grid3,Tudun Fulani,Ungogo,Kano,0,1,8.475891,12.036499
Kano,kano,Layin Balbelu,,settlement,grid3,Kawaji,Nassarawa,Kano,0,1,8.592483,12.01615
Kano,kano,Layin Balmora,,settlement,grid3,Dogon Nama,Dala,Kano,0,1,8.503598,12.001904
Kano,kano,Layin Bam Bama,,settlement,grid3,Tudun Murtala,Nassarawa,Kano,0,1,8.568995,12.02955
Kano,kano,Layin Bamanga,,settlement,grid3,Mariri,Kumbotso,Kano,0,1,8.614305,11.94691
Kano,kano,Layin Bambas,,settlement,grid3,Fagge B,Fagge,Kano,0,1,8.532243,12.005598
Kano,kano,Layin Ban Shehu,,settlement,grid3,Dorayi,Gwale,Kano,0,1,8.477726,11.965602
Kano,kano,Layin Banbadawa,,settlement,grid3,Mandawari,Gwale,Kano,0,1,8.510056,11.997993
Kano,kano,Layin Banki,,settlement,grid3,Gobirawa,Dala,Kano,0,1,8.472462,12.051881
Kano,kano,Layin Banki Left,,settlement,grid3,Gobirawa,Dala,Kano,0,1,8.47282,12.04807
Kano,kano,Layin Bankwale Layin Kuka Biyu,,settlement,grid3,Dan Maliki,Kumbotso,Kano,0,1,8.532485,11.951901
Kano,kano,Layin Banufe,,settlement,grid3,Zango (Ungogo),Ungogo,Kano,0,1,8.566251,12.04187
Kano,kano,Layin Bara A Chemist,,settlement,grid3,Rijiyar Lemo,Fagge,Kano,0,1,8.486294,12.04158
Kano,kano,Layin Barau Mai Gwanjo,,settlement,grid3,Gwale,Gwale,Kano,0,1,8.512356,11.985413
Kano,kano,Layin Bare Bari,,settlement,grid3,Sabon Gari East,Fagge,Kano,0,1,8.54211,12.059318
Kano,kano,Layin Barista,,settlement,grid3,Garun Gawa,Kumbotso,Kano,0,1,8.52689,11.957111
Kano,kano,Layin Barmo,,settlement,grid3,Sharada,Kano Municipal,Kano,0,1,8.507017,11.976971
Kano,kano,Layin Barohni,,settlement,grid3,Gayawa,Ungogo,Kano,0,1,8.546199,12.065486
Kano,kano,Layin Barrister,,settlement,grid3,Daurawa,Tarauni,Kano,0,1,8.555337,11.971191
Kano,kano,Layin Barwa,,settlement,grid3,Daurawa,Tarauni,Kano,0,1,8.556792,11.971304
Kano,kano,Layin Bashari Custom,,settlement,grid3,Gwale,Gwale,Kano,0,1,8.510275,11.984691
Kano,kano,Layin Bashir Baba,,settlement,grid3,Galadanchi,Gwale,Kano,0,1,8.513517,11.9893
Kano,kano,Layin Bashir Bello,,settlement,grid3,Yalwa,Dala,Kano,0,1,8.498875,12.002823
Kano,kano,Layin Bashir Tashi,,settlement,grid3,Fagge D2,Fagge,Kano,0,1,8.524155,12.011191
Kano,kano,Layin Baure,,settlement,grid3,Gobirawa,Dala,Kano,0,1,8.475344,12.049509
Kano,kano,Layin Bayan Ahababu,,settlement,grid3,Kofar Ruwa,Dala,Kano,0,1,8.49653,12.017882
Kano,kano,Layin Bayan Asibiti,,settlement,grid3,Rijiyar Zaki,Ungogo,Kano,0,1,8.457151,11.979006
Kano,kano,Layin Bayan Asibiti,,settlement,grid3,Kadawa,Ungogo,Kano,0,1,8.456136,12.076696
Kano,kano,Layin Bayan Asibiti,,settlement,grid3,Kwachiri,Fagge,Kano,0,1,8.485333,12.054096
Kano,kano,Layin Bayan Asibiti A,,settlement,grid3,Dogon Nama,Dala,Kano,0,1,8.496612,11.997364
Kano,kano,Layin Bayan Court,,settlement,grid3,Gobirawa,Dala,Kano,0,1,8.477877,12.04905
Kano,kano,Layin Bayan Dabai Primary School,,settlement,grid3,Kabuga,Gwale,Kano,0,1,8.478602,12.014749
Kano,kano,Layin Bayan Gida,,settlement,grid3,Gyaranya,Gwale,Kano,0,1,8.507233,11.998851
Kano,kano,Layin Bayan Gida,,settlement,grid3,Kantudu,Dala,Kano,0,1,8.509605,12.011209
Kano,kano,Layin Bayan Gidan Nasiru Alhaji Ali,,settlement,grid3,Gobirawa,Dala,Kano,0,1,8.480744,12.04481
Kano,kano,Layin Bayan Makarantar Rakard,,settlement,grid3,Hotoro North,Nassarawa,Kano,0,1,8.588959,11.973371
Kano,kano,Layin Bayan Umma,,settlement,grid3,Tudun Fulani,Ungogo,Kano,0,1,8.476165,12.045698
Kano,kano,Layin Bayan Uwa,,settlement,grid3,Gobirawa,Dala,Kano,0,1,8.471627,12.047943
Kano,kano,Layin Bayan Yam Mata Primary,,settlement,grid3,Gobirawa,Dala,Kano,0,1,8.472342,12.052282
Kano,kano,Layin Bela,,settlement,grid3,Goron Dutse,Gwale,Kano,0,1,8.490125,12.007314
Kano,kano,Layin Bello Dan Dago,,settlement,grid3,Fagge C,Fagge,Kano,0,1,8.532742,12.007345
Kano,kano,Layin Bello Gaya,,settlement,grid3,Tudun Wazurchi,Kano Municipal,Kano,0,1,8.5165,11.989236
Kano,kano,Layin Bello Kansila,,settlement,grid3,Darmanawa,Tarauni,Kano,0,1,8.546175,11.956707
Kano,kano,Layin Bello Maude,,settlement,grid3,Yammata,Fagge,Kano,0,1,8.473651,12.060707
Kano,kano,Layin Bello Tanko,,settlement,grid3,Hotoro,Tarauni,Kano,0,1,8.578556,11.958383
Kano,kano,Layin Bello Yola,,settlement,grid3,Rijiyar Lemo,Fagge,Kano,0,1,8.486095,12.044583
Kano,kano,Layin Benaye,,settlement,grid3,Kaura Goje,Nassarawa,Kano,0,1,8.544294,12.040348
Kano,kano,Layin Bene,,settlement,grid3,Sabon Gari East,Fagge,Kano,0,1,8.542409,12.060585
Kano,kano,Layin Beuty Salon,,settlement,grid3,Dorayi,Gwale,Kano,0,1,8.469207,11.975599
Kano,kano,Layin Bilal,,settlement,grid3,Fagge B,Fagge,Kano,0,1,8.530336,12.004668
Kano,kano,Layin Bilya Mai Itace,,settlement,grid3,Mandawari,Gwale,Kano,0,1,8.511668,11.991507
Kano,kano,Layin Bin Masud,,settlement,grid3,Yammata,Fagge,Kano,0,1,8.476825,12.056875
Kano,kano,Layin Biro Man,,settlement,grid3,Mandawari,Gwale,Kano,0,1,8.511204,11.994737
Kano,kano,Layin Bitinariya,,settlement,grid3,Gwale,Gwale,Kano,0,1,8.511564,11.985885
Kano,kano,Layin Boda,,settlement,grid3,Dorayi,Gwale,Kano,0,1,8.478335,11.966897
Kano,kano,Layin Bodar Sabon Madina,,settlement,grid3,Dorayi,Gwale,Kano,0,1,8.489713,11.954096
Kano,kano,Layin Bojuwa,,settlement,grid3,Rijiyar Lemo,Fagge,Kano,0,1,8.485212,12.042727
Kano,kano,Layin Bola,,settlement,grid3,Fagge D1,Fagge,Kano,0,1,8.525409,12.008984
Kano,kano,Layin Bola,,settlement,grid3,Gobirawa,Dala,Kano,0,1,8.476099,12.051897
Kano,kano,Layin Bore Hole,,settlement,grid3,Madigawa,Dala,Kano,0,1,8.507448,12.00137
Kano,kano,Layin Bori,,settlement,grid3,Gwagwarwa,Nassarawa,Kano,0,1,8.54131,12.030134
Kano,kano,Layin Borno Mai Kayan Miya,,settlement,grid3,Tudun Murtala,Nassarawa,Kano,0,1,8.568964,12.031737
Kano,kano,Layin Bread,,settlement,grid3,Dogon Nama,Dala,Kano,0,1,8.498149,11.999101
Kano,kano,Layin Buffalo,,settlement,grid3,Giginyu,Nassarawa,Kano,0,1,8.579103,11.996672
Kano,kano,Layin Buhari Mai Kare,,settlement,grid3,Rijiyar Lemo,Fagge,Kano,0,1,8.485999,12.044153
Kano,kano,Layin Buhari Manjo,,settlement,grid3,Yammata,Fagge,Kano,0,1,8.48132,12.058475
Kano,kano,Layin Bulala,,settlement,grid3,Dogon Nama,Dala,Kano,0,1,8.503299,12.005195
Kano,kano,Layin Bulama,,settlement,grid3,Goron Dutse,Gwale,Kano,0,1,8.49087,12.008537
Kano,kano,Layin Bulukiya,,settlement,grid3,Madigawa,Dala,Kano,0,1,8.503369,12.007165
Kano,kano,Layin Burtsatse,,settlement,grid3,Dala,Dala,Kano,0,1,8.505231,12.011001
Kano,kano,Layin Burtsatse,,settlement,grid3,Kaura Goje,Nassarawa,Kano,0,1,8.544027,12.040638
Kano,kano,Layin Bus Stop,,settlement,grid3,Giginyu,Nassarawa,Kano,0,1,8.571893,12.002904
Kano,kano,Layin Business Center,,settlement,grid3,Kwachiri,Fagge,Kano,0,1,8.484497,12.04835
Kano,kano,Layin Bustanu,,settlement,grid3,Gwagwarwa,Nassarawa,Kano,0,1,8.54252,12.029318
Kano,kano,Layin Bustop Babban Layi,,settlement,grid3,Dan Maliki,Kumbotso,Kano,0,1,8.532042,11.952446
Kano,kano,Layin Buzu Kura,,settlement,grid3,Rijiyar Lemo,Fagge,Kano,0,1,8.481407,12.047957
Kano,kano,Layin CI Jaki,,settlement,grid3,Sani Mai Nagge,Gwale,Kano,0,1,8.502174,11.991413
Kano,kano,Layin Captain Dan Bashari,,settlement,grid3,Galadanchi,Gwale,Kano,0,1,8.514277,11.989785
Kano,kano,Layin Cassanova,,settlement,grid3,Panshekara,Kumbotso,Kano,0,1,8.462942,11.896853
Kano,kano,Layin Chairman,,settlement,grid3,Galadanchi,Gwale,Kano,0,1,8.507522,11.988451
Kano,kano,Layin Chairman,,settlement,grid3,Naibawa,Kumbotso,Kano,0,1,8.550719,11.928915
Kano,kano,Layin Chairman,,settlement,grid3,Sabon Gari East,Fagge,Kano,0,1,8.542066,12.05973
Kano,kano,Layin Chairman,,settlement,grid3,Gobirawa,Dala,Kano,0,1,8.482024,12.042737
Kano,kano,Layin Chairman Annp,,settlement,grid3,Dan Maliki,Kumbotso,Kano,0,1,8.536136,11.954162
Kano,kano,Layin Chediya,,settlement,grid3,Kwachiri,Fagge,Kano,0,1,8.482806,12.055418
Kano,kano,Layin Chediya,,settlement,grid3,Fagge D2,Fagge,Kano,0,1,8.52551,12.010776
Kano,kano,Layin Church,,settlement,grid3,Zango (Ungogo),Ungogo,Kano,0,1,8.564579,12.035884
Kano,kano,Layin Cika Koshi,,settlement,grid3,Sani Mai Nagge,Gwale,Kano,0,1,8.502505,11.986287
Kano,kano,Layin Cima,,settlement,grid3,Fanisau,Ungogo,Kano,0,1,8.540856,12.076905
Kano,kano,Layin Clinic,,settlement,grid3,Chiranchi,Kumbotso,Kano,0,1,8.475511,11.951908
Kano,kano,Layin Cula,,settlement,grid3,Hotoro South,Nassarawa,Kano,0,1,8.592316,11.97108
Kano,kano,Layin Custom,,settlement,grid3,Hotoro North,Nassarawa,Kano,0,1,8.574631,11.993809
Kano,kano,Layin Custom,,settlement,grid3,Dorayi,Gwale,Kano,0,1,8.47537,11.964577
Kano,kano,Layin D O,,settlement,grid3,Dandago,Gwale,Kano,0,1,8.507596,11.989311
Kano,kano,Layin Dabinai,,settlement,grid3,Fagge D2,Fagge,Kano,0,1,8.525711,12.010082
Kano,kano,Layin Dabinai Uku,,settlement,grid3,Zango (Ungogo),Ungogo,Kano,0,1,8.566538,12.043094
Kano,kano,Layin Dabino,,settlement,grid3,Dandago,Gwale,Kano,0,1,8.506771,11.991524
Kano,kano,Layin Dabo,,settlement,grid3,Hotoro,Tarauni,Kano,0,1,8.580479,11.959917
Kano,kano,Layin Dadi Hijab,,settlement,grid3,Kaura Goje,Nassarawa,Kano,0,1,8.552237,12.042784
Kano,kano,Layin Dadin Kowa Bread,,settlement,grid3,Kawaji,Nassarawa,Kano,0,1,8.590526,12.015628
Kano,kano,Layin Dafai,,settlement,grid3,Kabuga,Gwale,Kano,0,1,8.479405,11.986566
Kano,kano,Layin Dagachi,,settlement,grid3,Naibawa,Kumbotso,Kano,0,1,8.545288,11.920715
Kano,kano,Layin Dagaci,,settlement,grid3,Gwagwarwa,Nassarawa,Kano,0,1,8.542239,12.026679
Kano,kano,Layin Dagaci Maigari,,settlement,grid3,Dorayi,Gwale,Kano,0,1,8.471736,11.970791
Kano,kano,Layin Dahiru Kafinta,,settlement,grid3,Yammata,Fagge,Kano,0,1,8.471032,12.064005
Kano,kano,Layin Dahiru Mai Tifa,,settlement,grid3,Yammata,Fagge,Kano,0,1,8.476195,12.05671
Kano,kano,Layin Dahiru Oscar,,settlement,grid3,Tudun Wada,Nassarawa,Kano,0,1,8.5592,12.026554
Kano,kano,Layin Daiba,,settlement,grid3,Gobirawa,Dala,Kano,0,1,8.475565,12.051036
Kano,kano,Layin Daifa,,settlement,grid3,Gobirawa,Dala,Kano,0,1,8.474219,12.050901
Kano,kano,Layin Daki Dari,,settlement,grid3,Sani Mai Nagge,Gwale,Kano,0,1,8.498608,11.984679
Kano,kano,Layin Daki Dari,,settlement,grid3,Bachirawa,Ungogo,Kano,0,1,8.466471,12.054073
Kano,kano,Layin Dalailul Khairat,,settlement,grid3,Tudun Murtala,Nassarawa,Kano,0,1,8.565884,12.034094
Kano,kano,Layin Dalha Mai Ice,,settlement,grid3,Gwagwarwa,Nassarawa,Kano,0,1,8.545101,12.02952
Kano,kano,Layin Dalibi,,settlement,grid3,Kofar Ruwa,Dala,Kano,0,1,8.496251,12.023835
Kano,kano,Layin Dalla Dalla,,settlement,grid3,Giginyu,Nassarawa,Kano,0,1,8.575167,12.001435
Kano,kano,Layin Damba,,settlement,grid3,Kaura Goje,Nassarawa,Kano,0,1,8.551286,12.04714
Kano,kano,Layin Dambazau Na Alhaji Gambo,,settlement,grid3,Rijiyar Lemo,Fagge,Kano,0,1,8.476284,12.054971
Kano,kano,Layin Dan Ali,,settlement,grid3,Fagge B,Fagge,Kano,0,1,8.529781,12.006757
Kano,kano,Layin Dan Alkali Magashi,,settlement,grid3,Galadanchi,Gwale,Kano,0,1,8.513931,11.991358
Kano,kano,Layin Dan Asabe Sarki,,settlement,grid3,Rijiyar Lemo,Fagge,Kano,0,1,8.47765,12.052584
Kano,kano,Layin Dan Ata,,settlement,grid3,Fanisau,Ungogo,Kano,0,1,8.538987,12.082237
Kano,kano,Layin Dan Babalo,,settlement,grid3,Gwale,Gwale,Kano,0,1,8.512638,11.984604
Kano,kano,Layin Dan Baiwa,,settlement,grid3,Rijiyar Lemo,Fagge,Kano,0,1,8.480735,12.050075
Kano,kano,Layin Dan Bare,,settlement,grid3,Darmanawa,Tarauni,Kano,0,1,8.544353,11.956005
Kano,kano,Layin Dan Dabail,,settlement,grid3,Madigawa,Dala,Kano,0,1,8.502729,12.007251
Kano,kano,Layin Dan Dinshe Clinic,,settlement,grid3,Kofar Ruwa,Dala,Kano,0,1,8.486034,12.020423
Kano,kano,Layin Dan Fili,,settlement,grid3,Kaura Goje,Nassarawa,Kano,0,1,8.555419,12.040519
Kano,kano,Layin Dan Giwa,,settlement,grid3,Goron Dutse,Gwale,Kano,0,1,8.505735,11.996387
Kano,kano,Layin Dan Gumai,,settlement,grid3,Gama,Nassarawa,Kano,0,1,8.550212,12.032235
Kano,kano,Layin Dan Gur Gur,,settlement,grid3,Yammata,Fagge,Kano,0,1,8.478191,12.061404
Kano,kano,Layin Dan Guru,,settlement,grid3,Yammata,Fagge,Kano,0,1,8.474837,12.067128
Kano,kano,Layin Dan Gwarzo,,settlement,grid3,Yammata,Fagge,Kano,0,1,8.470885,12.065252
Kano,kano,Layin Dan Hadeja,,settlement,grid3,Rijiyar Lemo,Fagge,Kano,0,1,8.483558,12.049233
Kano,kano,Layin Dan Hadejia,,settlement,grid3,Yammata,Fagge,Kano,0,1,8.480693,12.058034
Kano,kano,Layin Dan Hadejia,,settlement,grid3,Kofar Ruwa,Dala,Kano,0,1,8.490941,12.022617
Kano,kano,Layin Dan Hajiya,,settlement,grid3,Fagge B,Fagge,Kano,0,1,8.528632,12.006643
Kano,kano,Layin Dan Hajiya,,settlement,grid3,Darmanawa,Tarauni,Kano,0,1,8.545771,11.95149
Kano,kano,Layin Dan Hajiya,,settlement,grid3,Rijiyar Lemo,Fagge,Kano,0,1,8.479373,12.05347
Kano,kano,Layin Dan Hassan,,settlement,grid3,Naibawa,Kumbotso,Kano,0,1,8.565981,11.939197
Kano,kano,Layin Dan Inna,,settlement,grid3,Yammata,Fagge,Kano,0,1,8.472194,12.064656
Kano,kano,Layin Dan Iyya Mai Bulo,,settlement,grid3,Yammata,Fagge,Kano,0,1,8.473768,12.066213
Kano,kano,Layin Dan Jariri,,settlement,grid3,Bakin Ruwa,Dala,Kano,0,1,8.509255,12.002777
Kano,kano,Layin Dan Kaka Maraya,,settlement,grid3,Dorayi,Gwale,Kano,0,1,8.457669,11.97115
Kano,kano,Layin Dan Kano,,settlement,grid3,Tudun Murtala,Nassarawa,Kano,0,1,8.568678,12.030644
Kano,kano,Layin Dan Kauri,,settlement,grid3,Fagge D1,Fagge,Kano,0,1,8.526495,12.00982
Kano,kano,Layin Dan Lami Jibo,,settlement,grid3,Yammata,Fagge,Kano,0,1,8.473185,12.063596
Kano,kano,Layin Dan Larabawa,,settlement,grid3,Dandago,Gwale,Kano,0,1,8.50789,11.992251
Kano,kano,Layin Dan Madabo,,settlement,grid3,Gobirawa,Dala,Kano,0,1,8.466378,12.06145
Kano,kano,Layin Dan Makoyo,,settlement,grid3,Diso,Gwale,Kano,0,1,8.515565,11.987847
Kano,kano,Layin Dan Mallan Ladi,,settlement,grid3,Yammata,Fagge,Kano,0,1,8.476436,12.056957
Kano,kano,Layin Dan Maraya,,settlement,grid3,Kabuwaya,Dala,Kano,0,1,8.508444,12.013942
Kano,kano,Layin Dan Marka,,settlement,grid3,Dorayi,Gwale,Kano,0,1,8.476958,11.966718
Kano,kano,Layin Dan Nura,,settlement,grid3,Goron Dutse,Gwale,Kano,0,1,8.50549,11.996466
Kano,kano,Layin Dan Sakkwato,,settlement,grid3,Giginyu,Nassarawa,Kano,0,1,8.574061,12.000897
Kano,kano,Layin Dan Sakkwato,,settlement,grid3,Tudun Wada,Nassarawa,Kano,0,1,8.56012,12.026489
Kano,kano,Layin Dan Sale,,settlement,grid3,Madigawa,Dala,Kano,0,1,8.506492,12.001999
Kano,kano,Layin Dan Salo,,settlement,grid3,Sani Mai Nagge,Gwale,Kano,0,1,8.497811,11.990297
Kano,kano,Layin Dan Sarari,,settlement,grid3,Sani Mai Nagge,Gwale,Kano,0,1,8.49651,11.985611
Kano,kano,Layin Dan Suntulma,,settlement,grid3,Zango (Ungogo),Ungogo,Kano,0,1,8.564129,12.041997
Kano,kano,Layin Dan Tabala,,settlement,grid3,Madigawa,Dala,Kano,0,1,8.504371,12.002289
Kano,kano,Layin Dan Tsoho,,settlement,grid3,Kabuga,Gwale,Kano,0,1,8.477663,12.013947
Kano,kano,Layin Dan Waire,,settlement,grid3,Gobirawa,Dala,Kano,0,1,8.465726,12.062016
Kano,kano,Layin Dan Wasai,,settlement,grid3,Sharada,Kano Municipal,Kano,0,1,8.504967,11.974373
Kano,kano,Layin Dan Wawu,,settlement,grid3,Fagge B,Fagge,Kano,0,1,8.531301,12.006591
Kano,kano,Layin Dan Zaria,,settlement,grid3,Kwachiri,Fagge,Kano,0,1,8.489507,12.040433
Kano,kano,Layin Dan Zariya,,settlement,grid3,Kofar Ruwa,Dala,Kano,0,1,8.491277,12.020579
Kano,kano,Layin Danbazau,,settlement,grid3,Rijiyar Lemo,Fagge,Kano,0,1,8.477029,12.054588
Kano,kano,Layin Danborno,,settlement,grid3,Dorayi,Gwale,Kano,0,1,8.473494,11.958083
Kano,kano,Layin Dandali,,settlement,grid3,Kantudu,Dala,Kano,0,1,8.50981,12.010116
Kano,kano,Layin Dandali,,settlement,grid3,Bakin Ruwa,Dala,Kano,0,1,8.504793,11.997634
Kano,kano,Layin Dandare Mai Nama Boader,,settlement,grid3,Rijiyar Lemo,Fagge,Kano,0,1,8.4861,12.042206
Kano,kano,Layin Danfari,,settlement,grid3,Diso,Gwale,Kano,0,1,8.513945,11.985989
Kano,kano,Layin Danfulani,,settlement,grid3,Dorayi,Gwale,Kano,0,1,8.478114,11.964352
Kano,kano,Layin Dangauta,,settlement,grid3,Galadanchi,Gwale,Kano,0,1,8.509208,11.988417
Kano,kano,Layin Dangawan,,settlement,grid3,Mandawari,Gwale,Kano,0,1,8.509513,11.997745
Kano,kano,Layin Danjaji,,settlement,grid3,Dan Maliki,Kumbotso,Kano,0,1,8.52305,11.950541
Kano,kano,Layin Danjangabo,,settlement,grid3,Kabuga,Gwale,Kano,0,1,8.491928,12.010772
Kano,kano,Layin Dankargo,,settlement,grid3,Kaura Goje,Nassarawa,Kano,0,1,8.554394,12.038867
Kano,kano,Layin Danladi Mai Chemist,,settlement,grid3,Hotoro South,Nassarawa,Kano,0,1,8.590539,11.965594
Kano,kano,Layin Danladi Mai Zare,,settlement,grid3,Mandawari,Gwale,Kano,0,1,8.510112,11.995454
Kano,kano,Layin Danliti,,settlement,grid3,Adakawa,Dala,Kano,0,1,8.511064,12.009942
Kano,kano,Layin Danliti Mai Nama,,settlement,grid3,Yammata,Fagge,Kano,0,1,8.482648,12.058135
Kano,kano,Layin Dansakkwato,,settlement,grid3,Galadanchi,Gwale,Kano,0,1,8.512242,11.988108
Kano,kano,Layin Danye,,settlement,grid3,Gobirawa,Dala,Kano,0,1,8.465937,12.061648
Kano,kano,Layin Danzago,,settlement,grid3,Gobirawa,Dala,Kano,0,1,8.48147,12.043923
Kano,kano,Layin Darul Maaruf,,settlement,grid3,Dandago,Gwale,Kano,0,1,8.505153,11.99342
Kano,kano,Layin Datti Special Adviser Fagge,,settlement,grid3,Kwachiri,Fagge,Kano,0,1,8.489915,12.040217
Kano,kano,Layin Dau,,settlement,grid3,Dorayi,Gwale,Kano,0,1,8.483046,11.948734
Kano,kano,Layin Daurawa Mch,,settlement,grid3,Daurawa,Tarauni,Kano,0,1,8.555621,11.969025
Kano,kano,Layin Dayyabu Kamfa,,settlement,grid3,Mandawari,Gwale,Kano,0,1,8.511676,11.993752
Kano,kano,Layin Delaliya,,settlement,grid3,Gobirawa,Dala,Kano,0,1,8.473643,12.05291
Kano,kano,Layin Dije Suwaita,,settlement,grid3,Gwagwarwa,Nassarawa,Kano,0,1,8.54323,12.026449
Kano,kano,Layin Dillalai,,settlement,grid3,Fagge B,Fagge,Kano,0,1,8.528844,12.006015
Kano,kano,Layin Dini,,settlement,grid3,Dorayi,Gwale,Kano,0,1,8.470096,11.970078
Kano,kano,Layin Dinya,,settlement,grid3,Sharada,Kano Municipal,Kano,0,1,8.503823,11.975249
Kano,kano,Layin Direbobi,,settlement,grid3,Ungogo,Ungogo,Kano,0,1,8.44649,12.088137
Kano,kano,Layin Dirmi,,settlement,grid3,Dandago,Gwale,Kano,0,1,8.50805,11.995403
Kano,kano,Layin Divine,,settlement,grid3,Giginyu,Nassarawa,Kano,0,1,8.578024,12.00026
Kano,kano,Layin Divisional Officer,,settlement,grid3,Galadanchi,Gwale,Kano,0,1,8.508334,11.989624
Kano,kano,Layin Doctor Bala,,settlement,grid3,Kabuga,Gwale,Kano,0,1,8.476509,12.01286
Kano,kano,Layin Doctor Bala,,settlement,grid3,Gobirawa,Dala,Kano,0,1,8.467802,12.060958
Kano,kano,Layin Doctor Sheka,,settlement,grid3,Dan Maliki,Kumbotso,Kano,0,1,8.527396,11.950514
Kano,kano,Layin Dogo,,settlement,grid3,Dan Maliki,Kumbotso,Kano,0,1,8.5357,11.955359
Kano,kano,Layin Dogo Direba,,settlement,grid3,Diso,Gwale,Kano,0,1,8.514369,11.986844
Kano,kano,Layin Dogo Mai Adashi,,settlement,grid3,Yammata,Fagge,Kano,0,1,8.481159,12.057875
Kano,kano,Layin Dogon Nama,,settlement,grid3,Dogon Nama,Dala,Kano,0,1,8.503719,12.005208
Kano,kano,Layin Dorawa,,settlement,grid3,Darmanawa,Tarauni,Kano,0,1,8.54748,11.952142
Kano,kano,Layin Dpo,,settlement,grid3,Giginyu,Nassarawa,Kano,0,1,8.574436,12.00123
Kano,kano,Layin Dpo Kawon Kudu B,,settlement,grid3,Giginyu,Nassarawa,Kano,0,1,8.575726,11.978307
Kano,kano,Layin Dumame,,settlement,grid3,Rijiyar Lemo,Fagge,Kano,0,1,8.481744,12.054076
Kano,kano,Layin Duni,,settlement,grid3,Fagge B,Fagge,Kano,0,1,8.528786,12.004514
Kano,kano,Layin Durimin Sambo,,settlement,grid3,Goron Dutse,Gwale,Kano,0,1,8.50772,11.995889
Kano,kano,Layin Durumi,,settlement,grid3,Yalwa,Dala,Kano,0,1,8.500872,12.005508
Kano,kano,Layin Durumi Asibiti,,settlement,grid3,Gobirawa,Dala,Kano,0,1,8.486007,12.034787
Kano,kano,Layin Durumo,,settlement,grid3,Rijiyar Zaki,Ungogo,Kano,0,1,8.454102,11.986877
Kano,kano,Layin El Duniya,,settlement,grid3,Gwagwarwa,Nassarawa,Kano,0,1,8.544808,12.029892
Kano,kano,Layin Emaka Mai Kanti,,settlement,grid3,Kwachiri,Fagge,Kano,0,1,8.498858,12.0687
Kano,kano,Layin Engineer,,settlement,grid3,Sharada,Kano Municipal,Kano,0,1,8.498141,11.976601
Kano,kano,Layin Estate A,,settlement,grid3,Gwammaja,Dala,Kano,0,1,8.504451,12.020834
Kano,kano,Layin Estate B,,settlement,grid3,Gwammaja,Dala,Kano,0,1,8.503812,12.022651
Kano,kano,Layin Falgareji,,settlement,grid3,Gobirawa,Dala,Kano,0,1,8.482831,12.038011
Kano,kano,Layin Falwaya,,settlement,grid3,Gobirawa,Dala,Kano,0,1,8.485424,12.03402
Kano,kano,Layin Famfo,,settlement,grid3,Kantudu,Dala,Kano,0,1,8.510688,12.008809
Kano,kano,Layin Famfon Jakai,,settlement,grid3,Darmanawa,Tarauni,Kano,0,1,8.545465,11.94531
Kano,kano,Layin Fan Bakwai,,settlement,grid3,Fagge B,Fagge,Kano,0,1,8.529101,12.005034
Kano,kano,Layin Farin Massalaci,,settlement,grid3,Tudun Murtala,Nassarawa,Kano,0,1,8.564797,12.031585
Kano,kano,Layin Fartin Masallaci,,settlement,grid3,Giginyu,Nassarawa,Kano,0,1,8.582409,12.002831
Kano,kano,Layin Fati Yar Ghana,,settlement,grid3,Fagge B,Fagge,Kano,0,1,8.530112,12.007674
Kano,kano,Layin Filasko,,settlement,grid3,Fagge B,Fagge,Kano,0,1,8.529268,12.008282
Kano,kano,Layin Filin Ball,,settlement,grid3,Goron Dutse,Gwale,Kano,0,1,8.507028,11.997202
Kano,kano,Layin Filin Burji,,settlement,grid3,Bakin Ruwa,Dala,Kano,0,1,8.503346,11.999382
Kano,kano,Layin Filin Garaya,,settlement,grid3,Kaura Goje,Nassarawa,Kano,0,1,8.549912,12.047303
Kano,kano,Layin Filin Makaranta,,settlement,grid3,Giginyu,Nassarawa,Kano,0,1,8.572602,11.999205
Kano,kano,Layin Filin Makaranta,,settlement,grid3,Kabuga,Gwale,Kano,0,1,8.477991,12.015653
Kano,kano,Layin Filin Mowa,,settlement,grid3,Bakin Ruwa,Dala,Kano,0,1,8.503318,11.998405
Kano,kano,Layin Filin Nagaji,,settlement,grid3,Gobirawa,Dala,Kano,0,1,8.482449,12.035045
Kano,kano,Layin Filin Tuwo,,settlement,grid3,Bakin Ruwa,Dala,Kano,0,1,8.503903,11.999134
Kano,kano,Layin Fillin Ball,,settlement,grid3,Kabuga,Gwale,Kano,0,1,8.481318,12.013422
Kano,kano,Layin Fulani,,settlement,grid3,Rijiyar Zaki,Ungogo,Kano,0,1,8.459556,11.979605
Kano,kano,Layin Fulani Offishin Galadima,,settlement,grid3,Fagge B,Fagge,Kano,0,1,8.528325,12.008106
Kano,kano,Layin G Gona,,settlement,grid3,Panshekara,Kumbotso,Kano,0,1,8.464152,11.914698
Kano,kano,Layin Gada,,settlement,grid3,Rijiyar Lemo,Fagge,Kano,0,1,8.476657,12.053672
Kano,kano,Layin Gadar Mahaukaci,,settlement,grid3,Fagge B,Fagge,Kano,0,1,8.528762,12.00698
Kano,kano,Layin Gadar Mallam Ayuba,,settlement,grid3,Tudun Murtala,Nassarawa,Kano,0,1,8.566055,12.034884
Kano,kano,Layin Gambala,,settlement,grid3,Ungogo,Ungogo,Kano,0,1,8.483008,12.096696
Kano,kano,Layin Gambo Kantoi,,settlement,grid3,Yammata,Fagge,Kano,0,1,8.476867,12.062258
Kano,kano,Layin Gambo Mai Fata,,settlement,grid3,Kwachiri,Fagge,Kano,0,1,8.486026,12.05021
Kano,kano,Layin Gambo Mai Roba,,settlement,grid3,Goron Dutse,Gwale,Kano,0,1,8.504732,11.994648
Kano,kano,Layin Gamji,,settlement,grid3,Gawuna,Nassarawa,Kano,0,1,8.548284,12.026274
Kano,kano,Layin Gangare,,settlement,grid3,Bakin Ruwa,Dala,Kano,0,1,8.503157,11.997481
Kano,kano,Layin Gangare,,settlement,grid3,Galadanchi,Gwale,Kano,0,1,8.511233,11.988488
Kano,kano,Layin Garba Boss,,settlement,grid3,Sani Mai Nagge,Gwale,Kano,0,1,8.498077,11.984269
Kano,kano,Layin Garba Ibrahim,,settlement,grid3,Goron Dutse,Gwale,Kano,0,1,8.505464,11.993637
Kano,kano,Layin Garba Rigisa,,settlement,grid3,Yammata,Fagge,Kano,0,1,8.472757,12.060284
Kano,kano,Layin Garba Shanono,,settlement,grid3,Gwale,Gwale,Kano,0,1,8.504939,11.984221
Kano,kano,Layin Garba Sudawa A,,settlement,grid3,Gandu Albasa,Kano Municipal,Kano,0,1,8.519801,11.963007
Kano,kano,Layin Garba Sudawa B,,settlement,grid3,Gandu Albasa,Kano Municipal,Kano,0,1,8.520706,11.962725
Kano,kano,Layin Garbadansanda,,settlement,grid3,Bachirawa,Ungogo,Kano,0,1,8.467529,12.048889
Kano,kano,Layin Garbo Dan Jos,,settlement,grid3,Yammata,Fagge,Kano,0,1,8.47368,12.060405
Kano,kano,Layin Garbo Lado,,settlement,grid3,Yammata,Fagge,Kano,0,1,8.476834,12.06191
Kano,kano,Layin Gareji,,settlement,grid3,Zango (Ungogo),Ungogo,Kano,0,1,8.576111,12.044128
Kano,kano,Layin Gareji,,settlement,grid3,Kofar Mazugal,Dala,Kano,0,1,8.523461,12.013486
Kano,kano,Layin Gareji,,settlement,grid3,Rijiyar Lemo,Fagge,Kano,0,1,8.478935,12.050056
Kano,kano,Layin Garin Gida,,settlement,grid3,Hotoro South,Nassarawa,Kano,0,1,8.577241,11.973439
Kano,kano,Layin Garsan Fulani,,settlement,grid3,Hotoro North,Nassarawa,Kano,0,1,8.586084,11.973987
Kano,kano,Layin Geza,,settlement,grid3,Dorayi,Gwale,Kano,0,1,8.485929,11.951235
Kano,kano,Layin Gida Alhaji Bako,,settlement,grid3,Hotoro North,Nassarawa,Kano,0,1,8.59166,12.006328
Kano,kano,Layin Gida Bakwai,,settlement,grid3,Hotoro South,Nassarawa,Kano,0,1,8.596584,11.96787
Kano,kano,Layin Gida Goma,,settlement,grid3,Rijiyar Zaki,Ungogo,Kano,0,1,8.4599,11.983704
Kano,kano,Layin Gidan Abba Tsurku,,settlement,grid3,Fagge B,Fagge,Kano,0,1,8.529226,12.005251
Kano,kano,Layin Gidan Abdu Freeman,,settlement,grid3,Fagge B,Fagge,Kano,0,1,8.531565,12.006789
Kano,kano,Layin Gidan Alh Garba,,settlement,grid3,Sani Mai Nagge,Gwale,Kano,0,1,8.497118,11.986969
Kano,kano,Layin Gidan Alhaji Ahmad,,settlement,grid3,Kabuga,Gwale,Kano,0,1,8.498676,11.99625
Kano,kano,Layin Gidan Alhaji Bello,,settlement,grid3,Gwale,Gwale,Kano,0,1,8.503637,11.984253
Kano,kano,Layin Gidan Alhaji Gambo,,settlement,grid3,Kabuga,Gwale,Kano,0,1,8.470235,11.993596
Kano,kano,Layin Gidan Alhaji Garba,,settlement,grid3,Madigawa,Dala,Kano,0,1,8.506677,12.000608
Kano,kano,Layin Gidan Alhaji Kabiru,,settlement,grid3,Dorayi,Gwale,Kano,0,1,8.468699,11.970471
Kano,kano,Layin Gidan Alhaji Kaka,,settlement,grid3,Giginyu,Nassarawa,Kano,0,1,8.577145,11.99818
Kano,kano,Layin Gidan Alhaji Salisu,,settlement,grid3,Kabuga,Gwale,Kano,0,1,8.491648,12.010435
Kano,kano,Layin Gidan Ali Bala,,settlement,grid3,Dan Maliki,Kumbotso,Kano,0,1,8.535375,11.956265
Kano,kano,Layin Gidan Ali Kurma,,settlement,grid3,Madigawa,Dala,Kano,0,1,8.505668,12.001171
Kano,kano,Layin Gidan Amadu Organiza,,settlement,grid3,Gyaranya,Gwale,Kano,0,1,8.507066,11.998034
Kano,kano,Layin Gidan Aminu,,settlement,grid3,Kabuga,Gwale,Kano,0,1,8.493759,12.009443
Kano,kano,Layin Gidan Aminu Sani,,settlement,grid3,Dan Maliki,Kumbotso,Kano,0,1,8.531076,11.958492
Kano,kano,Layin Gidan Ashafa,,settlement,grid3,Mandawari,Gwale,Kano,0,1,8.510795,11.996509
Kano,kano,Layin Gidan Atiku,,settlement,grid3,Goron Dutse,Gwale,Kano,0,1,8.50685,11.995715
Kano,kano,Layin Gidan Auwalu,,settlement,grid3,Hotoro North,Nassarawa,Kano,0,1,8.59194,11.997418
Kano,kano,Layin Gidan Ayu,,settlement,grid3,Garun Gawa,Kumbotso,Kano,0,1,8.501566,11.920467
Kano,kano,Layin Gidan Baba,,settlement,grid3,Gwagwarwa,Nassarawa,Kano,0,1,8.545193,12.031714
Kano,kano,Layin Gidan Babba,,settlement,grid3,Unguwar Rimi,Kumbotso,Kano,0,1,8.570313,11.908325
Kano,kano,Layin Gidan Babba Dan Agundi,,settlement,grid3,Dan Agundi,Kano Municipal,Kano,0,1,8.521744,11.982663
Kano,kano,Layin Gidan Badawa,,settlement,grid3,Hotoro South,Nassarawa,Kano,0,1,8.579587,11.969437
Kano,kano,Layin Gidan Badayi Jakada,,settlement,grid3,Gwale,Gwale,Kano,0,1,8.504539,11.985575
Kano,kano,Layin Gidan Bagare,,settlement,grid3,Kabuga,Gwale,Kano,0,1,8.487686,11.970299
Kano,kano,Layin Gidan Barde,,settlement,grid3,Giginyu,Nassarawa,Kano,0,1,8.572877,12.000793
Kano,kano,Layin Gidan Baro,,settlement,grid3,Unguwar Rimi,Kumbotso,Kano,0,1,8.571302,11.910805
Kano,kano,Layin Gidan Bene,,settlement,grid3,Kabuga,Gwale,Kano,0,1,8.469111,11.993295
Kano,kano,Layin Gidan Biredi,,settlement,grid3,Rijiyar Zaki,Ungogo,Kano,0,1,8.461676,11.979678
Kano,kano,Layin Gidan Biredi,,settlement,grid3,Ungogo,Ungogo,Kano,0,1,8.448908,12.089003
Kano,kano,Layin Gidan Biredi,,settlement,grid3,Kaura Goje,Nassarawa,Kano,0,1,8.543308,12.039735
Kano,kano,Layin Gidan Biri,,settlement,grid3,Tudun Wada,Nassarawa,Kano,0,1,8.558884,12.023074
Kano,kano,Layin Gidan Bread,,settlement,grid3,Dorayi,Gwale,Kano,0,1,8.483098,11.948245
Kano,kano,Layin Gidan Bread,,settlement,grid3,Hotoro North,Nassarawa,Kano,0,1,8.592358,12.007134
Kano,kano,Layin Gidan Bread,,settlement,grid3,Gwale,Gwale,Kano,0,1,8.51046,11.984301
Kano,kano,Layin Gidan Bread,,settlement,grid3,Hotoro South,Nassarawa,Kano,0,1,8.595739,11.968737
Kano,kano,Layin Gidan Bredi,,settlement,grid3,Fagge B,Fagge,Kano,0,1,8.529313,12.004588
Kano,kano,Layin Gidan Brigediya,,settlement,grid3,Mandawari,Gwale,Kano,0,1,8.513098,11.992685
Kano,kano,Layin Gidan Bulon Alhaji Iliya Layin Samodi,,settlement,grid3,Kawaji,Nassarawa,Kano,0,1,8.585452,12.013431
Kano,kano,Layin Gidan Buredi,,settlement,grid3,Kureken Sani,Kumbotso,Kano,0,1,8.608063,11.93985
Kano,kano,Layin Gidan Buredi,,settlement,grid3,Madigawa,Dala,Kano,0,1,8.502273,12.006134
Kano,kano,Layin Gidan Burodi,,settlement,grid3,Yammata,Fagge,Kano,0,1,8.478667,12.060912
Kano,kano,Layin Gidan Burodi,,settlement,grid3,Gobirawa,Dala,Kano,0,1,8.472971,12.051302
Kano,kano,Layin Gidan Burodi,,settlement,grid3,Kwachiri,Fagge,Kano,0,1,8.492498,12.049229
Kano,kano,Layin Gidan Burodin Ashiru,,settlement,grid3,Rijiyar Lemo,Fagge,Kano,0,1,8.476448,12.05628
Kano,kano,Layin Gidan Chiroman Kano,,settlement,grid3,Diso,Gwale,Kano,0,1,8.515271,11.989203
Kano,kano,Layin Gidan Custom,,settlement,grid3,Dorayi,Gwale,Kano,0,1,8.482352,11.952361
Kano,kano,Layin Gidan Dabino,,settlement,grid3,Galadanchi,Gwale,Kano,0,1,8.51303,11.990784
Kano,kano,Layin Gidan Dabino,,settlement,grid3,Gyaranya,Gwale,Kano,0,1,8.5088,11.995564
Kano,kano,Layin Gidan Dagaci,,settlement,grid3,Unguwar Rimi,Kumbotso,Kano,0,1,8.554175,11.902768
Kano,kano,Layin Gidan Dagaci,,settlement,grid3,Dorayi,Gwale,Kano,0,1,8.476973,11.966254
Kano,kano,Layin Gidan Dagaci,,settlement,grid3,Sharada,Kano Municipal,Kano,0,1,8.506968,11.970481
Kano,kano,Layin Gidan Dagal,,settlement,grid3,Tudun Wada,Nassarawa,Kano,0,1,8.557699,12.024802
Kano,kano,Layin Gidan Dakin,,settlement,grid3,Gobirawa,Dala,Kano,0,1,8.469595,12.057635
Kano,kano,Layin Gidan Dambe,,settlement,grid3,Sani Mai Nagge,Gwale,Kano,0,1,8.496215,11.993926
Kano,kano,Layin Gidan Dan Gadi,,settlement,grid3,Giginyu,Nassarawa,Kano,0,1,8.577224,12.000122
Kano,kano,Layin Gidan Dan Gyara,,settlement,grid3,Unguwar Rimi,Kumbotso,Kano,0,1,8.568482,11.912994
Kano,kano,Layin Gidan Dan Karuna,,settlement,grid3,Dogon Nama,Dala,Kano,0,1,8.50203,12.000698
Kano,kano,Layin Gidan Dan Wasai,,settlement,grid3,Sharada,Kano Municipal,Kano,0,1,8.505469,11.973609
Kano,kano,Layin Gidan Danko,,settlement,grid3,Unguwar Rimi,Kumbotso,Kano,0,1,8.573399,11.909547
Kano,kano,Layin Gidan Dorayi,,settlement,grid3,Dorayi,Gwale,Kano,0,1,8.476528,11.965563
Kano,kano,Layin Gidan Doya,,settlement,grid3,Hotoro South,Nassarawa,Kano,0,1,8.595841,11.966462
Kano,kano,Layin Gidan Duwa,,settlement,grid3,Hotoro South,Nassarawa,Kano,0,1,8.586919,11.969382
Kano,kano,Layin Gidan Eder,,settlement,grid3,Kofar Ruwa,Dala,Kano,0,1,8.486787,12.027269
Kano,kano,Layin Gidan Fanfo,,settlement,grid3,Rijiyar Zaki,Ungogo,Kano,0,1,8.454795,11.982322
Kano,kano,Layin Gidan Fulani,,settlement,grid3,Darmanawa,Tarauni,Kano,0,1,8.541424,11.946844
Kano,kano,Layin Gidan Gado,,settlement,grid3,Hotoro South,Nassarawa,Kano,0,1,8.57838,11.971324
Kano,kano,Layin Gidan Gagai,,settlement,grid3,Hotoro,Tarauni,Kano,0,1,8.588837,11.961645
Kano,kano,Layin Gidan Galadima,,settlement,grid3,Galadanchi,Gwale,Kano,0,1,8.513722,11.988291
Kano,kano,Layin Gidan Garba Ado,,settlement,grid3,Dandago,Gwale,Kano,0,1,8.505245,11.993819
Kano,kano,Layin Gidan Garba Durbundai,,settlement,grid3,Hotoro North,Nassarawa,Kano,0,1,8.583087,11.974495
Kano,kano,Layin Gidan Gidaje,,settlement,grid3,Unguwar Rimi,Kumbotso,Kano,0,1,8.570916,11.909687
Kano,kano,Layin Gidan Gimbiya,,settlement,grid3,Sharada,Kano Municipal,Kano,0,1,8.506767,11.978846
Kano,kano,Layin Gidan Gona,,settlement,grid3,Ungogo,Ungogo,Kano,0,1,8.448517,12.090436
Kano,kano,Layin Gidan Gona,,settlement,grid3,Hotoro South,Nassarawa,Kano,0,1,8.595263,11.96521
Kano,kano,Layin Gidan Haido,,settlement,grid3,Fagge C,Fagge,Kano,0,1,8.530633,12.009449
Kano,kano,Layin Gidan Hamza,,settlement,grid3,Kwachiri,Fagge,Kano,0,1,8.494906,12.043812
Kano,kano,Layin Gidan Hassan Mayya,,settlement,grid3,Darmanawa,Tarauni,Kano,0,1,8.542728,11.946777
Kano,kano,Layin Gidan Ibrahim Malam Dogo,,settlement,grid3,Hotoro North,Nassarawa,Kano,0,1,8.58362,11.9828
Kano,kano,Layin Gidan Ibrahim Na Inni,,settlement,grid3,Kwachiri,Fagge,Kano,0,1,8.487633,12.046277
Kano,kano,Layin Gidan Idrith,,settlement,grid3,Kofar Ruwa,Dala,Kano,0,1,8.494015,12.014642
Kano,kano,Layin Gidan Imamu,,settlement,grid3,Dorayi,Gwale,Kano,0,1,8.473693,11.960304
Kano,kano,Layin Gidan Inji,,settlement,grid3,Giginyu,Nassarawa,Kano,0,1,8.573475,12.00249
Kano,kano,Layin Gidan Innalawi,,settlement,grid3,Kwachiri,Fagge,Kano,0,1,8.494055,12.045216
Kano,kano,Layin Gidan Jibir,,settlement,grid3,Giginyu,Nassarawa,Kano,0,1,8.579277,12.002991
Kano,kano,Layin Gidan Joni,,settlement,grid3,Giginyu,Nassarawa,Kano,0,1,8.572105,12.00236
Kano,kano,Layin Gidan Jumau,,settlement,grid3,Rijiyar Zaki,Ungogo,Kano,0,1,8.446472,11.981506
Kano,kano,Layin Gidan Kabiru Guduma,,settlement,grid3,Kwachiri,Fagge,Kano,0,1,8.500921,12.066366
Kano,kano,Layin Gidan Kaji,,settlement,grid3,Kwachiri,Fagge,Kano,0,1,8.494152,12.044889
Kano,kano,Layin Gidan Kaji,,settlement,grid3,Kofar Ruwa,Dala,Kano,0,1,8.493434,12.026551
Kano,kano,Layin Gidan Kallo,,settlement,grid3,Kabuga,Gwale,Kano,0,1,8.476216,12.015442
Kano,kano,Layin Gidan Kallo,,settlement,grid3,Rijiyar Lemo,Fagge,Kano,0,1,8.486143,12.043684
Kano,kano,Layin Gidan Kallon Buzu,,settlement,grid3,Madigawa,Dala,Kano,0,1,8.505568,12.001923
Kano,kano,Layin Gidan Kampani,,settlement,grid3,Gwale,Gwale,Kano,0,1,8.50663,11.988723
Kano,kano,Layin Gidan Kana,,settlement,grid3,Tudun Murtala,Nassarawa,Kano,0,1,8.56612,12.031521
Kano,kano,Layin Gidan Kansila,,settlement,grid3,Kwachiri,Fagge,Kano,0,1,8.488485,12.045002
Kano,kano,Layin Gidan Kara,,settlement,grid3,Gobirawa,Dala,Kano,0,1,8.482569,12.038643
Kano,kano,Layin Gidan Kara,,settlement,grid3,Giginyu,Nassarawa,Kano,0,1,8.576849,11.997688
Kano,kano,Layin Gidan Kare,,settlement,grid3,Gayawa,Ungogo,Kano,0,1,8.545489,12.066483
Kano,kano,Layin Gidan Karofi,,settlement,grid3,Unguwar Rimi,Kumbotso,Kano,0,1,8.569714,11.90941
Kano,kano,Layin Gidan Kashi,,settlement,grid3,Chiranchi,Kumbotso,Kano,0,1,8.480064,11.953441
Kano,kano,Layin Gidan Koli Imran,,settlement,grid3,Kwachiri,Fagge,Kano,0,1,8.48966,12.040951
Kano,kano,Layin Gidan Kulumuni,,settlement,grid3,Unguwar Rimi,Kumbotso,Kano,0,1,8.569621,11.912964
Kano,kano,Layin Gidan Kuntu,,settlement,grid3,Unguwar Rimi,Kumbotso,Kano,0,1,8.571001,11.910353
Kano,kano,Layin Gidan Kurna,,settlement,grid3,Giginyu,Nassarawa,Kano,0,1,8.579211,12.001008
Kano,kano,Layin Gidan Kwaki,,settlement,grid3,Madigawa,Dala,Kano,0,1,8.502666,12.006231
Kano,kano,Layin Gidan Lada,,settlement,grid3,Gwagwarwa,Nassarawa,Kano,0,1,8.540299,12.029646
Kano,kano,Layin Gidan Lere,,settlement,grid3,Kabuga,Gwale,Kano,0,1,8.498652,11.996579
Kano,kano,Layin Gidan Liman,,settlement,grid3,Rangaza,Ungogo,Kano,0,1,8.609062,12.05778
Kano,kano,Layin Gidan Liman Alasan,,settlement,grid3,Rijiyar Lemo,Fagge,Kano,0,1,8.478352,12.054301
Kano,kano,Layin Gidan Madaki,,settlement,grid3,Yalwa,Dala,Kano,0,1,8.500574,12.002336
Kano,kano,Layin Gidan Madara,,settlement,grid3,Rijiyar Lemo,Fagge,Kano,0,1,8.479366,12.050402
Kano,kano,Layin Gidan Madara,,settlement,grid3,Kadawa,Ungogo,Kano,0,1,8.457611,12.079012
Kano,kano,Layin Gidan Madugu,,settlement,grid3,Unguwar Rimi,Kumbotso,Kano,0,1,8.569508,11.91152
Kano,kano,Layin Gidan Magani Na Biyu,,settlement,grid3,Kwachiri,Fagge,Kano,0,1,8.484734,12.049698
Kano,kano,Layin Gidan Magani Na Daya,,settlement,grid3,Kwachiri,Fagge,Kano,0,1,8.485774,12.049849
Kano,kano,Layin Gidan Mahauta,,settlement,grid3,Hotoro North,Nassarawa,Kano,0,1,8.589415,11.973008
Kano,kano,Layin Gidan Mai,,settlement,grid3,Ungogo,Ungogo,Kano,0,1,8.447768,12.089066
Kano,kano,Layin Gidan Mai Anini,,settlement,grid3,Kabuga,Gwale,Kano,0,1,8.500603,11.995587
Kano,kano,Layin Gidan Mai Gari,,settlement,grid3,Tudun Wada,Nassarawa,Kano,0,1,8.555325,12.023806
Kano,kano,Layin Gidan Mai Katifa,,settlement,grid3,Rijiyar Lemo,Fagge,Kano,0,1,8.476215,12.054245
Kano,kano,Layin Gidan Mai Unguwa,,settlement,grid3,Rijiyar Zaki,Ungogo,Kano,0,1,8.448666,11.98396
Kano,kano,Layin Gidan Mai Unguwa,,settlement,grid3,Sabon Gari East,Fagge,Kano,0,1,8.543915,12.063168
Kano,kano,Layin Gidan Mai Unguwa,,settlement,grid3,Yalwa,Dala,Kano,0,1,8.503484,12.003803
Kano,kano,Layin Gidan Mai Unguwa,,settlement,grid3,Dan Agundi,Kano Municipal,Kano,0,1,8.525085,11.98468
Kano,kano,Layin Gidan Mai Unguwa,,settlement,grid3,Gyaranya,Gwale,Kano,0,1,8.507211,11.999275
Kano,kano,Layin Gidan Mai Unguwa,,settlement,grid3,Kabuga,Gwale,Kano,0,1,8.475924,12.015204
Kano,kano,Layin Gidan Mai Unguwa,,settlement,grid3,Sani Mai Nagge,Gwale,Kano,0,1,8.506739,11.989232
Kano,kano,Layin Gidan Mai Unguwa,,settlement,grid3,Dogon Nama,Dala,Kano,0,1,8.502855,12.001333
Kano,kano,Layin Gidan Mai Unguwa Alhaji Haruna,,settlement,grid3,Bachirawa,Ungogo,Kano,0,1,8.462911,12.049145
Kano,kano,Layin Gidan Mai Unguwa Umaru,,settlement,grid3,Kwachiri,Fagge,Kano,0,1,8.486515,12.045863
Kano,kano,Layin Gidan Maigari,,settlement,grid3,Ungogo,Ungogo,Kano,0,1,8.49469,12.093079
Kano,kano,Layin Gidan Maigari,,settlement,grid3,Unguwar Rimi,Kumbotso,Kano,0,1,8.568905,11.910123
Kano,kano,Layin Gidan Maigari,,settlement,grid3,Kwachiri,Fagge,Kano,0,1,8.501469,12.068799
Kano,kano,Layin Gidan Maigari,,settlement,grid3,Hotoro North,Nassarawa,Kano,0,1,8.584055,11.982272
Kano,kano,Layin Gidan Maigari,,settlement,grid3,Rijiyar Zaki,Ungogo,Kano,0,1,8.445516,11.97553
Kano,kano,Layin Gidan Maiunguwa,,settlement,grid3,Gandu Albasa,Kano Municipal,Kano,0,1,8.524157,11.964415
Kano,kano,Layin Gidan Maiunguwa Isa,,settlement,grid3,Kadawa,Ungogo,Kano,0,1,8.453934,12.074588
Kano,kano,Layin Gidan Makaranta,,settlement,grid3,Bakin Ruwa,Dala,Kano,0,1,8.502045,11.996193
Kano,kano,Layin Gidan Makaranta,,settlement,grid3,Mandawari,Gwale,Kano,0,1,8.51157,11.992573
Kano,kano,Layin Gidan Mal Sule,,settlement,grid3,Kwachiri,Fagge,Kano,0,1,8.488729,12.042795
Kano,kano,Layin Gidan Malam Abdullahi Kusa da Kwari,,settlement,grid3,Kaura Goje,Nassarawa,Kano,0,1,8.54553,12.043213
Kano,kano,Layin Gidan Malam Balarabe,,settlement,grid3,Kofar Ruwa,Dala,Kano,0,1,8.494962,12.019732
Kano,kano,Layin Gidan Malam Hamisu,,settlement,grid3,Darmanawa,Tarauni,Kano,0,1,8.544898,11.949498
Kano,kano,Layin Gidan Malam Ibrahim,,settlement,grid3,Kabuga,Gwale,Kano,0,1,8.498345,11.99657
Kano,kano,Layin Gidan Mallam Ado,,settlement,grid3,Kabuga,Gwale,Kano,0,1,8.479522,11.987854
Kano,kano,Layin Gidan Mallam Ashiru,,settlement,grid3,Mandawari,Gwale,Kano,0,1,8.509942,11.997267
Kano,kano,Layin Gidan Mangwaron Dana,,settlement,grid3,Rijiyar Zaki,Ungogo,Kano,0,1,8.457868,11.982391
Kano,kano,Layin Gidan Mannir,,settlement,grid3,Unguwar Rimi,Kumbotso,Kano,0,1,8.556206,11.906201
Kano,kano,Layin Gidan Motoci,,settlement,grid3,Giginyu,Nassarawa,Kano,0,1,8.580039,11.998963
Kano,kano,Layin Gidan Musa,,settlement,grid3,Kabuga,Gwale,Kano,0,1,8.470814,11.994219
Kano,kano,Layin Gidan Musa Kan Kura,,settlement,grid3,Fagge B,Fagge,Kano,0,1,8.527278,12.007494
Kano,kano,Layin Gidan Nagudu,,settlement,grid3,Bakin Ruwa,Dala,Kano,0,1,8.504626,11.999402
Kano,kano,Layin Gidan Nufawa,,settlement,grid3,Fagge B,Fagge,Kano,0,1,8.527831,12.007712
Kano,kano,Layin Gidan Rijiya,,settlement,grid3,Sabon Gari East,Fagge,Kano,0,1,8.542455,12.061278
Kano,kano,Layin Gidan Rimi,,settlement,grid3,Giginyu,Nassarawa,Kano,0,1,8.578065,11.999455
Kano,kano,Layin Gidan Ruwa,,settlement,grid3,Kawaji,Nassarawa,Kano,0,1,8.585376,12.014607
Kano,kano,Layin Gidan Ruwa,,settlement,grid3,Kwachiri,Fagge,Kano,0,1,8.5343,12.0356
Kano,kano,Layin Gidan Salati,,settlement,grid3,Giginyu,Nassarawa,Kano,0,1,8.57374,12.000655
Kano,kano,Layin Gidan Salisu,,settlement,grid3,Kabuga,Gwale,Kano,0,1,8.497837,11.996847
Kano,kano,Layin Gidan Sani,,settlement,grid3,Gyaranya,Gwale,Kano,0,1,8.510755,11.997027
Kano,kano,Layin Gidan Sani Abbas,,settlement,grid3,Sani Mai Nagge,Gwale,Kano,0,1,8.49401,11.987046
Kano,kano,Layin Gidan Sarkin Fawa,,settlement,grid3,Mandawari,Gwale,Kano,0,1,8.512217,11.99312
Kano,kano,Layin Gidan Shayi,,settlement,grid3,Sabon Gari East,Fagge,Kano,0,1,8.544625,12.061224
Kano,kano,Layin Gidan Shinge,,settlement,grid3,Giginyu,Nassarawa,Kano,0,1,8.575251,11.997941
Kano,kano,Layin Gidan Shitu Bazo Bazo,,settlement,grid3,Kaura Goje,Nassarawa,Kano,0,1,8.545118,12.041113
Kano,kano,Layin Gidan Su Barmo,,settlement,grid3,Fagge B,Fagge,Kano,0,1,8.529315,12.006735
Kano,kano,Layin Gidan Su Kailubi,,settlement,grid3,Dogon Nama,Dala,Kano,0,1,8.503408,12.002323
Kano,kano,Layin Gidan Sufi,,settlement,grid3,Kwachiri,Fagge,Kano,0,1,8.491028,12.050171
Kano,kano,Layin Gidan Suleiman,,settlement,grid3,Kabuga,Gwale,Kano,0,1,8.497848,11.996548
Kano,kano,Layin Gidan Tanko Gambaga,,settlement,grid3,Dogon Nama,Dala,Kano,0,1,8.501472,12.001239
Kano,kano,Layin Gidan Tara,,settlement,grid3,Kofar Ruwa,Dala,Kano,0,1,8.495196,12.01911
Kano,kano,Layin Gidan Tasiu,,settlement,grid3,Kwachiri,Fagge,Kano,0,1,8.492857,12.048374
Kano,kano,Layin Gidan Tsamiya,,settlement,grid3,Kadawa,Ungogo,Kano,0,1,8.454926,12.074215
Kano,kano,Layin Gidan Turawa,,settlement,grid3,Unguwar Rimi,Kumbotso,Kano,0,1,8.572868,11.90898
Kano,kano,Layin Gidan Ubale,,settlement,grid3,Hotoro South,Nassarawa,Kano,0,1,8.576497,11.971049
Kano,kano,Layin Gidan Umar Kaigama,,settlement,grid3,Dogon Nama,Dala,Kano,0,1,8.500689,12.000551
Kano,kano,Layin Gidan Wambai,,settlement,grid3,Diso,Gwale,Kano,0,1,8.515047,11.989494
Kano,kano,Layin Gidan Wanka,,settlement,grid3,Gobirawa,Dala,Kano,0,1,8.474146,12.054705
Kano,kano,Layin Gidan Wanka,,settlement,grid3,Sani Mai Nagge,Gwale,Kano,0,1,8.502251,11.993475
Kano,kano,Layin Gidan Yawa,,settlement,grid3,Kabuga,Gwale,Kano,0,1,8.475274,12.015023
Kano,kano,Layin Gidan Zakarai,,settlement,grid3,Sabon Gari East,Fagge,Kano,0,1,8.54155,12.059953
Kano,kano,Layin Gidan Zakiru,,settlement,grid3,Kwachiri,Fagge,Kano,0,1,8.486674,12.046861
Kano,kano,Layin Gidansu Sayyadi Bello,,settlement,grid3,Dogon Nama,Dala,Kano,0,1,8.5041,12.005152
Kano,kano,Layin Giginya,,settlement,grid3,Hotoro South,Nassarawa,Kano,0,1,8.577736,11.974334
Kano,kano,Layin Giginya,,settlement,grid3,Yammata,Fagge,Kano,0,1,8.481898,12.061969
Kano,kano,Layin Giginyu,,settlement,grid3,Yammata,Fagge,Kano,0,1,8.476155,12.068559
Kano,kano,Layin Godiya,,settlement,grid3,Rijiyar Zaki,Ungogo,Kano,0,1,8.4601,11.981063
Kano,kano,Layin Goriba,,settlement,grid3,Tudun Murtala,Nassarawa,Kano,0,1,8.568713,12.028265
Kano,kano,Layin Gwadabawa,,settlement,grid3,Dandago,Gwale,Kano,0,1,8.507806,11.99429
Kano,kano,Layin Gwagwarmaya,,settlement,grid3,Babban Giji,Tarauni,Kano,0,1,8.539871,11.958675
Kano,kano,Layin Gwangwan,,settlement,grid3,Tudun Fulani,Ungogo,Kano,0,1,8.480483,12.035498
Kano,kano,Layin Gwangwan,,settlement,grid3,Yammata,Fagge,Kano,0,1,8.481435,12.060072
Kano,kano,Layin Gwani Haruna,,settlement,grid3,Fagge D1,Fagge,Kano,0,1,8.526258,12.009472
Kano,kano,Layin Habbul Rasul,,settlement,grid3,Rijiyar Lemo,Fagge,Kano,0,1,8.482335,12.050586
Kano,kano,Layin Habibu Gwarzo,,settlement,grid3,Hotoro South,Nassarawa,Kano,0,1,8.583081,11.971327
Kano,kano,Layin Habibu Mai Dankaki,,settlement,grid3,Zango (Ungogo),Ungogo,Kano,0,1,8.567147,12.042374
Kano,kano,Layin Habibu Yakasai,,settlement,grid3,Kabuga,Gwale,Kano,0,1,8.468872,11.992133
Kano,kano,Layin Hadi,,settlement,grid3,Ungogo,Ungogo,Kano,0,1,8.449385,12.086003
Kano,kano,Layin Hajaratu,,settlement,grid3,Kwachiri,Fagge,Kano,0,1,8.486898,12.049465
Kano,kano,Layin Hajia Banufiya,,settlement,grid3,Sani Mai Nagge,Gwale,Kano,0,1,8.493461,11.986748
Kano,kano,Layin Hajiya Abu Mai Abinchi,,settlement,grid3,Kabuga,Gwale,Kano,0,1,8.470995,11.993361
Kano,kano,Layin Hajiya Angi,,settlement,grid3,Mariri,Kumbotso,Kano,0,1,8.600421,11.961957
Kano,kano,Layin Hajiya Baso,,settlement,grid3,Babban Giji,Tarauni,Kano,0,1,8.533248,11.968138
Kano,kano,Layin Hajiya Iya,,settlement,grid3,Dala,Dala,Kano,0,1,8.506499,12.007706
Kano,kano,Layin Hajiya Jinjin,,settlement,grid3,Galadanchi,Gwale,Kano,0,1,8.510032,11.98895
Kano,kano,Layin Hajiya Kaka,,settlement,grid3,Chiranchi,Kumbotso,Kano,0,1,8.474559,11.952879
Kano,kano,Layin Hajiya Katuma,,settlement,grid3,Dala,Dala,Kano,0,1,8.50755,12.007628
Kano,kano,Layin Hajiya Kura,,settlement,grid3,Dogon Nama,Dala,Kano,0,1,8.500272,11.999058
Kano,kano,Layin Hajiya Lilo,,settlement,grid3,Yammata,Fagge,Kano,0,1,8.471437,12.065995
Kano,kano,Layin Hajiya Mairo Mai Dusa,,settlement,grid3,Rijiyar Lemo,Fagge,Kano,0,1,8.47855,12.052594
Kano,kano,Layin Hajiya Naira da Kwabo,,settlement,grid3,Sani Mai Nagge,Gwale,Kano,0,1,8.503845,11.988828
Kano,kano,Layin Hajiya Ramu,,settlement,grid3,Kadawa,Ungogo,Kano,0,1,8.489473,12.055841
Kano,kano,Layin Hajiya Ta Sidi,,settlement,grid3,Tudun Murtala,Nassarawa,Kano,0,1,8.56941,12.030581
Kano,kano,Layin Hajiya Zainab,,settlement,grid3,Babban Giji,Tarauni,Kano,0,1,8.540808,11.964439
Kano,kano,Layin Hajiyar Bene,,settlement,grid3,Kwachiri,Fagge,Kano,0,1,8.484872,12.051923
Kano,kano,Layin Hajjiya Hasana,,settlement,grid3,Dala,Dala,Kano,0,1,8.508994,12.004569
Kano,kano,Layin Hakimin Gezawa,,settlement,grid3,Galadanchi,Gwale,Kano,0,1,8.512904,11.989155
Kano,kano,Layin Halai,,settlement,grid3,Ungogo,Ungogo,Kano,0,1,8.479262,12.109461
Kano,kano,Layin Hamisu Abba,,settlement,grid3,Hotoro South,Nassarawa,Kano,0,1,8.578913,11.974073
Kano,kano,Layin Hamisu Fire Service,,settlement,grid3,Diso,Gwale,Kano,0,1,8.516021,11.988953
Kano,kano,Layin Hamisu Mai Adashe,,settlement,grid3,Gawuna,Nassarawa,Kano,0,1,8.556676,12.029875
Kano,kano,Layin Hamisu Mai Atampa,,settlement,grid3,Tudun Fulani,Ungogo,Kano,0,1,8.475159,12.041408
Kano,kano,Layin Hamisu Mai Gas,,settlement,grid3,Kwachiri,Fagge,Kano,0,1,8.493679,12.047096
Kano,kano,Layin Hamisu Mai Kusa,,settlement,grid3,Tudun Fulani,Ungogo,Kano,0,1,8.47664,12.041906
Kano,kano,Layin Hamisu Mai Tanki,,settlement,grid3,Kwachiri,Fagge,Kano,0,1,8.493751,12.051978
Kano,kano,Layin Hamisu Saidu,,settlement,grid3,Dogon Nama,Dala,Kano,0,1,8.504453,12.003748
Kano,kano,Layin Hamza Dahiru,,settlement,grid3,Kofar Ruwa,Dala,Kano,0,1,8.479674,12.017925
Kano,kano,Layin Hamza Dangoggo,,settlement,grid3,Galadanchi,Gwale,Kano,0,1,8.513552,11.992213
Kano,kano,Layin Hamza Mai Kanti,,settlement,grid3,Gwale,Gwale,Kano,0,1,8.514385,11.985653
Kano,kano,Layin Hamza Waya,,settlement,grid3,Galadanchi,Gwale,Kano,0,1,8.510173,11.98986
Kano,kano,Layin Harisu,,settlement,grid3,Ungogo,Ungogo,Kano,0,1,8.485327,12.119437
Kano,kano,Layin Harun Kassim,,settlement,grid3,Fagge D1,Fagge,Kano,0,1,8.527455,12.009609
Kano,kano,Layin Haruna Auyo,,settlement,grid3,Hotoro South,Nassarawa,Kano,0,1,8.576958,11.974703
Kano,kano,Layin Haruna Kassim,,settlement,grid3,Fagge D1,Fagge,Kano,0,1,8.527712,12.010448
Kano,kano,Layin Haruna Mai Goro,,settlement,grid3,Yalwa,Dala,Kano,0,1,8.498141,12.003886
Kano,kano,Layin Haruna Police,,settlement,grid3,Yammata,Fagge,Kano,0,1,8.480011,12.060027
Kano,kano,Layin Haruna Wanzan,,settlement,grid3,Tudun Fulani,Ungogo,Kano,0,1,8.48189,12.032808
Kano,kano,Layin Haruna Yuya,,settlement,grid3,Mandawari,Gwale,Kano,0,1,8.510522,11.998197
Kano,kano,Layin Hassan,,settlement,grid3,Dandago,Gwale,Kano,0,1,8.507344,11.993731
Kano,kano,Layin Hassan,,settlement,grid3,Gobirawa,Dala,Kano,0,1,8.482013,12.039483
Kano,kano,Layin Hassan Chanji,,settlement,grid3,Garun Gawa,Kumbotso,Kano,0,1,8.522141,11.959839
Kano,kano,Layin Hassan Dan Auta,,settlement,grid3,Fagge B,Fagge,Kano,0,1,8.528169,12.006669
Kano,kano,Layin Hassan Mai Ruwa,,settlement,grid3,Rijiyar Lemo,Fagge,Kano,0,1,8.479065,12.054787
Kano,kano,Layin Hassan Mamman,,settlement,grid3,Hotoro,Tarauni,Kano,0,1,8.582382,11.961243
Kano,kano,Layin Hassan Marigayi,,settlement,grid3,Dorayi,Gwale,Kano,0,1,8.481275,11.953321
Kano,kano,Layin Hassan da Usaini,,settlement,grid3,Giginyu,Nassarawa,Kano,0,1,8.579874,12.002732
Kano,kano,Layin Hassan da Ussaini,,settlement,grid3,Tudun Murtala,Nassarawa,Kano,0,1,8.57263,12.039988
Kano,kano,Layin Hauran Makaranta,,settlement,grid3,Gwale,Gwale,Kano,0,1,8.506824,11.984229
Kano,kano,Layin Hauran Yara,,settlement,grid3,Gwale,Gwale,Kano,0,1,8.510453,11.983325
Kano,kano,Layin Honourable,,settlement,grid3,Gwale,Gwale,Kano,0,1,8.51483,11.982694
Kano,kano,Layin Hope Nursery,,settlement,grid3,Rijiyar Lemo,Fagge,Kano,0,1,8.483695,12.046719
Kano,kano,Layin Hussaini Mai Tantan,,settlement,grid3,Kadawa,Ungogo,Kano,0,1,8.453862,12.07782
Kano,kano,Layin Husssini,,settlement,grid3,Mariri,Kumbotso,Kano,0,1,8.615553,11.949459
Kano,kano,Layin IDI Custum,,settlement,grid3,Panshekara,Kumbotso,Kano,0,1,8.456218,11.89645
Kano,kano,Layin IDI Dan Amarya,,settlement,grid3,Hotoro South,Nassarawa,Kano,0,1,8.587769,11.969599
Kano,kano,Layin IDI Karaye,,settlement,grid3,Kabuga,Gwale,Kano,0,1,8.468509,11.992273
Kano,kano,Layin IDI Wali,,settlement,grid3,Yalwa,Dala,Kano,0,1,8.4995,12.004228
Kano,kano,Layin Ibn Sina,,settlement,grid3,Garun Gawa,Kumbotso,Kano,0,1,8.527343,11.956759
Kano,kano,Layin Ibn Usman,,settlement,grid3,Daurawa,Tarauni,Kano,0,1,8.553453,11.967509
Kano,kano,Layin Ibra Mai Shayi,,settlement,grid3,Yalwa,Dala,Kano,0,1,8.501358,12.006257
Kano,kano,Layin Ibrahim Custom,,settlement,grid3,Kwachiri,Fagge,Kano,0,1,8.488862,12.043962
Kano,kano,Layin Ibrahim Kunya,,settlement,grid3,Rijiyar Lemo,Fagge,Kano,0,1,8.486805,12.042238
Kano,kano,Layin Ibrahim Mai Hatsi Asibiti,,settlement,grid3,Tudun Murtala,Nassarawa,Kano,0,1,8.56342,12.029178
Kano,kano,Layin Ibrahim Maifata,,settlement,grid3,Tudun Murtala,Nassarawa,Kano,0,1,8.567499,12.031253
Kano,kano,Layin Ibrahim Malam Dorwa,,settlement,grid3,Sani Mai Nagge,Gwale,Kano,0,1,8.498901,11.991089
Kano,kano,Layin Ibrahim Niger,,settlement,grid3,Kofar Ruwa,Dala,Kano,0,1,8.489415,12.025792
Kano,kano,Layin Ibrahim Soja,,settlement,grid3,Yammata,Fagge,Kano,0,1,8.47427,12.058215
Kano,kano,Layin Ibrahim Tundi,,settlement,grid3,Gobirawa,Dala,Kano,0,1,8.474997,12.049789
Kano,kano,Layin Ibrahim Yalo Yalo,,settlement,grid3,Hotoro North,Nassarawa,Kano,0,1,8.59571,11.983793
Kano,kano,Layin Ibrahim Yy,,settlement,grid3,Gwammaja,Dala,Kano,0,1,8.507566,12.022042
Kano,kano,Layin Idirissiya,,settlement,grid3,Rijiyar Lemo,Fagge,Kano,0,1,8.481845,12.053065
Kano,kano,Layin Idris Mai Gora,,settlement,grid3,Kaura Goje,Nassarawa,Kano,0,1,8.545628,12.042054
Kano,kano,Layin Idris Yanoko,,settlement,grid3,Yammata,Fagge,Kano,0,1,8.472282,12.061269
Kano,kano,Layin Iiiya Gari,,settlement,grid3,Yammata,Fagge,Kano,0,1,8.470878,12.064897
Kano,kano,Layin Iliya Ajen,,settlement,grid3,Mariri,Kumbotso,Kano,0,1,8.613964,11.950622
Kano,kano,Layin Iliya Mai Nama,,settlement,grid3,Kabuga,Gwale,Kano,0,1,8.49783,11.996243
Kano,kano,Layin Iliya Tela,,settlement,grid3,Kaura Goje,Nassarawa,Kano,0,1,8.553598,12.042328
Kano,kano,Layin Ilu Bukar Gidan IDI Bukar,,settlement,grid3,Kawaji,Nassarawa,Kano,0,1,8.584405,12.017861
Kano,kano,Layin Ilya Mai Hoda,,settlement,grid3,Adakawa,Dala,Kano,0,1,8.511192,12.011375
Kano,kano,Layin Imrana Mai Photo,,settlement,grid3,Mandawari,Gwale,Kano,0,1,8.511242,11.994116
Kano,kano,Layin Inno Mai Waina,,settlement,grid3,Yammata,Fagge,Kano,0,1,8.476035,12.067768
Kano,kano,Layin Inuwa Akwa,,settlement,grid3,Gyaranya,Gwale,Kano,0,1,8.511535,11.997502
Kano,kano,Layin Inuwa Gwarzo,,settlement,grid3,Sani Mai Nagge,Gwale,Kano,0,1,8.501012,11.985775
Kano,kano,Layin Inuwa Soja,,settlement,grid3,Dala,Dala,Kano,0,1,8.509783,12.005614
Kano,kano,Layin Iqraa Nursery,,settlement,grid3,Sharada,Kano Municipal,Kano,0,1,8.504907,11.966935
Kano,kano,Layin Isa Abba,,settlement,grid3,Kofar Ruwa,Dala,Kano,0,1,8.488902,12.020573
Kano,kano,Layin Isa Mai Bulo,,settlement,grid3,Kofar Ruwa,Dala,Kano,0,1,8.496538,12.02374
Kano,kano,Layin Isa Mai Shanu,,settlement,grid3,Bachirawa,Ungogo,Kano,0,1,8.467356,12.050785
Kano,kano,Layin Isa Na Ladi,,settlement,grid3,Ungogo,Ungogo,Kano,0,1,8.44708,12.087954
Kano,kano,Layin Isa Ogan Taba,,settlement,grid3,Kwachiri,Fagge,Kano,0,1,8.484913,12.052835
Kano,kano,Layin Isa Yaro,,settlement,grid3,Bachirawa,Ungogo,Kano,0,1,8.466318,12.053711
Kano,kano,Layin Isah Abba,,settlement,grid3,Kofar Ruwa,Dala,Kano,0,1,8.498872,12.017991
Kano,kano,Layin Isah Ahmad,,settlement,grid3,Gwammaja,Dala,Kano,0,1,8.506096,12.017332
Kano,kano,Layin Isah Biyar,,settlement,grid3,Yammata,Fagge,Kano,0,1,8.479893,12.059667
Kano,kano,Layin Isah Musa,,settlement,grid3,Rijiyar Lemo,Fagge,Kano,0,1,8.48036,12.056803
Kano,kano,Layin Isah Okeone,,settlement,grid3,Kawaji,Nassarawa,Kano,0,1,8.584235,12.014348
Kano,kano,Layin Isah Osigwe,,settlement,grid3,Darmanawa,Tarauni,Kano,0,1,8.54279,11.945537
Kano,kano,Layin Islamiyya,,settlement,grid3,Chiranchi,Kumbotso,Kano,0,1,8.471313,11.920715
Kano,kano,Layin Islamiyya Turaki Hashim,,settlement,grid3,Sani Mai Nagge,Gwale,Kano,0,1,8.503258,11.986224
Kano,kano,Layin Isra,,settlement,grid3,Kaura Goje,Nassarawa,Kano,0,1,8.549817,12.038885
Kano,kano,Layin Istisharu,,settlement,grid3,Galadanchi,Gwale,Kano,0,1,8.508738,11.987988
Kano,kano,Layin Isuhu,,settlement,grid3,Kureken Sani,Kumbotso,Kano,0,1,8.606689,11.941711
Kano,kano,Layin Isuhu Lado,,settlement,grid3,Yammata,Fagge,Kano,0,1,8.473022,12.060455
Kano,kano,Layin Isyaku,,settlement,grid3,Diso,Gwale,Kano,0,1,8.515484,11.987132
Kano,kano,Layin Isyaku Dan Gwangwan,,settlement,grid3,Yammata,Fagge,Kano,0,1,8.47756,12.066276
Kano,kano,Layin Itace,,settlement,grid3,Dandago,Gwale,Kano,0,1,8.508684,11.994245
Kano,kano,Layin Iyawo,,settlement,grid3,Garun Gawa,Kumbotso,Kano,0,1,8.526112,11.962447
Kano,kano,Layin Izazuddin,,settlement,grid3,Sani Mai Nagge,Gwale,Kano,0,1,8.49662,11.991035
Kano,kano,Layin Izzuden,,settlement,grid3,Dan Maliki,Kumbotso,Kano,0,1,8.526443,11.950517
Kano,kano,Layin Jahanmama,,settlement,grid3,Bachirawa,Ungogo,Kano,0,1,8.466797,12.067688
Kano,kano,Layin Jaji Maji,,settlement,grid3,Kaura Goje,Nassarawa,Kano,0,1,8.556517,12.039194
Kano,kano,Layin Jala Jala,,settlement,grid3,Kaura Goje,Nassarawa,Kano,0,1,8.553493,12.03997
Kano,kano,Layin Jalailul Khairati,,settlement,grid3,Tudun Murtala,Nassarawa,Kano,0,1,8.566209,12.034248
Kano,kano,Layin Jamilu Baura,,settlement,grid3,Gyaranya,Gwale,Kano,0,1,8.509476,11.997035
Kano,kano,Layin Jan Bulo,,settlement,grid3,Gobirawa,Dala,Kano,0,1,8.469079,12.055953
Kano,kano,Layin Jannatil Firdausi,,settlement,grid3,Rijiyar Zaki,Ungogo,Kano,0,1,8.45742,11.98413
Kano,kano,Layin Janruwa,,settlement,grid3,Kabuga,Gwale,Kano,0,1,8.493543,12.016763
Kano,kano,Layin Jarkasa,,settlement,grid3,Hotoro South,Nassarawa,Kano,0,1,8.580565,11.970698
Kano,kano,Layin Jega,,settlement,grid3,Gobirawa,Dala,Kano,0,1,8.47564,12.049277
Kano,kano,Layin Jigo,,settlement,grid3,Dorayi,Gwale,Kano,0,1,8.475505,11.967554
Kano,kano,Layin Jikin Asibiti,,settlement,grid3,Yalwa,Dala,Kano,0,1,8.500013,12.002821
Kano,kano,Layin Jikin Dutse,,settlement,grid3,Ungogo,Ungogo,Kano,0,1,8.493461,12.12623
Kano,kano,Layin Jirgi,,settlement,grid3,Gwammaja,Dala,Kano,0,1,8.511787,12.019888
Kano,kano,Layin Journalist,,settlement,grid3,Sharada,Kano Municipal,Kano,0,1,8.504667,11.971656
Kano,kano,Layin Juilet,,settlement,grid3,Darmanawa,Tarauni,Kano,0,1,8.548946,11.953687
Kano,kano,Layin Jummai Yar Kauye,,settlement,grid3,Adakawa,Dala,Kano,0,1,8.512324,12.008749
Kano,kano,Layin Kabalu,,settlement,grid3,Gwammaja,Dala,Kano,0,1,8.506355,12.020427
Kano,kano,Layin Kabiru,,settlement,grid3,Kwachiri,Fagge,Kano,0,1,8.48985,12.044698
Kano,kano,Layin Kabiru Chairman,,settlement,grid3,Mariri,Kumbotso,Kano,0,1,8.599781,11.963221
Kano,kano,Layin Kabiru Deputy,,settlement,grid3,Yammata,Fagge,Kano,0,1,8.474823,12.060742
Kano,kano,Layin Kabiru Jega,,settlement,grid3,Goron Dutse,Gwale,Kano,0,1,8.490205,12.00982
Kano,kano,Layin Kabiru Kafinta,,settlement,grid3,Sani Mai Nagge,Gwale,Kano,0,1,8.499736,11.987201
Kano,kano,Layin Kabiru Kansila,,settlement,grid3,Gwale,Gwale,Kano,0,1,8.51227,11.98352
Kano,kano,Layin Kabiru Kiru Pri School,,settlement,grid3,Sharada,Kano Municipal,Kano,0,1,8.498954,11.978642
Kano,kano,Layin Kabiru Mai Shayi,,settlement,grid3,Kofar Ruwa,Dala,Kano,0,1,8.489316,12.026398
Kano,kano,Layin Kabiru Tela,,settlement,grid3,Tudun Wada,Nassarawa,Kano,0,1,8.55772,12.025924
Kano,kano,Layin Kabiry Mai Paci,,settlement,grid3,Kawaji,Nassarawa,Kano,0,1,8.582849,12.015241
Kano,kano,Layin Kadi Musa,,settlement,grid3,Kabuga,Gwale,Kano,0,1,8.493905,12.009668
Kano,kano,Layin Kafinta,,settlement,grid3,Kureken Sani,Kumbotso,Kano,0,1,8.609497,11.937073
Kano,kano,Layin Kaikadai Gayya,,settlement,grid3,Rijiyar Lemo,Fagge,Kano,0,1,8.47939,12.051647
Kano,kano,Layin Kaita,,settlement,grid3,Kwachiri,Fagge,Kano,0,1,8.487976,12.044885
Kano,kano,Layin Kalaukalau,,settlement,grid3,Kabuga,Gwale,Kano,0,1,8.471762,11.993243
Kano,kano,Layin Kalmu,,settlement,grid3,Galadanchi,Gwale,Kano,0,1,8.513709,11.991071
Kano,kano,Layin Kamfala,,settlement,grid3,Rijiyar Lemo,Fagge,Kano,0,1,8.485279,12.043654
Kano,kano,Layin Kamfala 1,,settlement,grid3,Fagge D1,Fagge,Kano,0,1,8.526523,12.008753
Kano,kano,Layin Kamfala 2,,settlement,grid3,Fagge D1,Fagge,Kano,0,1,8.525653,12.008301
Kano,kano,Layin Kamilu Kaza,,settlement,grid3,Kwachiri,Fagge,Kano,0,1,8.489745,12.043751
Kano,kano,Layin Kan Gadar Yar Ai,,settlement,grid3,Bakin Ruwa,Dala,Kano,0,1,8.504017,11.995947
Kano,kano,Layin Kan Silab,,settlement,grid3,Kantudu,Dala,Kano,0,1,8.509038,12.009695
Kano,kano,Layin Kan Titi,,settlement,grid3,Kwachiri,Fagge,Kano,0,1,8.488559,12.045513
Kano,kano,Layin Kana,,settlement,grid3,Kaura Goje,Nassarawa,Kano,0,1,8.548382,12.04351
Kano,kano,Layin Kandahar,,settlement,grid3,Kwachiri,Fagge,Kano,0,1,8.482729,12.055739
Kano,kano,Layin Kandahar Layin Mallan Usman,,settlement,grid3,Rijiyar Lemo,Fagge,Kano,0,1,8.478302,12.053877
Kano,kano,Layin Kankare,,settlement,grid3,Rijiyar Lemo,Fagge,Kano,0,1,8.479288,12.051181
Kano,kano,Layin Kankare,,settlement,grid3,Kadawa,Ungogo,Kano,0,1,8.490819,12.05495
Kano,kano,Layin Kankare,,settlement,grid3,Ungogo,Ungogo,Kano,0,1,8.4852,12.120943
Kano,kano,Layin Kankare,,settlement,grid3,Gwammaja,Dala,Kano,0,1,8.510607,12.019693
Kano,kano,Layin Kansila,,settlement,grid3,Galadanchi,Gwale,Kano,0,1,8.50858,11.98923
Kano,kano,Layin Kansila,,village,osm,Panshekara,Kumbotso,Kano,0,1,8.46268,11.922
Kano,kano,Layin Kansila Mai Mai,,settlement,grid3,Gobirawa,Dala,Kano,0,1,8.484292,12.032086
Kano,kano,Layin Kansila Tsoho,,settlement,grid3,Chiranchi,Kumbotso,Kano,0,1,8.47487,11.932518
Kano,kano,Layin Kansilan Balatus,,settlement,grid3,Fanisau,Ungogo,Kano,0,1,8.539062,12.077055
Kano,kano,Layin Kansiliya,,settlement,grid3,Chiranchi,Kumbotso,Kano,0,1,8.479005,11.951811
Kano,kano,Layin Kanta,,settlement,grid3,Kwachiri,Fagge,Kano,0,1,8.4875,12.046777
Kano,kano,Layin Kantin Buhari,,settlement,grid3,Kofar Ruwa,Dala,Kano,0,1,8.489982,12.022991
Kano,kano,Layin Kantin Kasimu,,settlement,grid3,Madigawa,Dala,Kano,0,1,8.503117,12.007339
Kano,kano,Layin Kantin Nura,,settlement,grid3,Kwachiri,Fagge,Kano,0,1,8.485461,12.054671
Kano,kano,Layin Kantin Nura Dogo,,settlement,grid3,Rijiyar Lemo,Fagge,Kano,0,1,8.480409,12.054754
Kano,kano,Layin Kanwa,,settlement,grid3,Fanisau,Ungogo,Kano,0,1,8.543396,12.081085
Kano,kano,Layin Karauka,,settlement,grid3,Dorayi,Gwale,Kano,0,1,8.48804,11.96346
Kano,kano,Layin Karaye,,settlement,grid3,Yada Kunya,Ungogo,Kano,0,1,8.628785,12.086111
Kano,kano,Layin Kargo,,settlement,grid3,Hotoro,Tarauni,Kano,0,1,8.570204,11.968342
Kano,kano,Layin Kargo,,settlement,grid3,Yammata,Fagge,Kano,0,1,8.480191,12.061424
Kano,kano,Layin Karnika,,settlement,grid3,Kofar Ruwa,Dala,Kano,0,1,8.489676,12.02271
Kano,kano,Layin Karnika,,settlement,grid3,Goron Dutse,Gwale,Kano,0,1,8.50539,11.994193
Kano,kano,Layin Karshen Halitta,,settlement,grid3,Sharada,Kano Municipal,Kano,0,1,8.502154,11.970249
Kano,kano,Layin Karwai,,settlement,grid3,Rijiyar Zaki,Ungogo,Kano,0,1,8.45996,11.979622
Kano,kano,Layin Karyayyu Bustop,,settlement,grid3,Tudun Murtala,Nassarawa,Kano,0,1,8.566566,12.029083
Kano,kano,Layin Kasan Kwari,,settlement,grid3,Kaura Goje,Nassarawa,Kano,0,1,8.547216,12.044221
Kano,kano,Layin Kasuwa,,settlement,grid3,Sharada,Kano Municipal,Kano,0,1,8.509523,11.971749
Kano,kano,Layin Kasuwa,,settlement,grid3,Yada Kunya,Ungogo,Kano,0,1,8.625971,12.084589
Kano,kano,Layin Kasuwa Gwari,,settlement,grid3,Yalwa,Dala,Kano,0,1,8.502577,12.005797
Kano,kano,Layin Kasuwa Mata,,settlement,grid3,Fagge D2,Fagge,Kano,0,1,8.525085,12.011184
Kano,kano,Layin Kasuwar Gwari,,settlement,grid3,Madigawa,Dala,Kano,0,1,8.503924,12.002685
Kano,kano,Layin Kasuwar Mandawari,,settlement,grid3,Tudun Wazurchi,Kano Municipal,Kano,0,1,8.513589,11.993316
Kano,kano,Layin Katibi,,settlement,grid3,Gobirawa,Dala,Kano,0,1,8.473605,12.051235
Kano,kano,Layin Katsinawa,,settlement,grid3,Madigawa,Dala,Kano,0,1,8.507576,12.00199
Kano,kano,Layin Katsiro,,settlement,grid3,Kaura Goje,Nassarawa,Kano,0,1,8.551429,12.046805
Kano,kano,Layin Katsiro,,settlement,grid3,Sabon Gari East,Fagge,Kano,0,1,8.54189,12.062983
Kano,kano,Layin Kaura Mamuda,,settlement,grid3,Dan Maliki,Kumbotso,Kano,0,1,8.527768,11.94887
Kano,kano,Layin Kawu Kwaba,,settlement,grid3,Gyaranya,Gwale,Kano,0,1,8.508505,11.9962
Kano,kano,Layin Kawu Liman,,settlement,grid3,Giginyu,Nassarawa,Kano,0,1,8.570761,12.000156
Kano,kano,Layin Kawu Mai Kayan Miya,,settlement,grid3,Hotoro South,Nassarawa,Kano,0,1,8.58452,11.968427
Kano,kano,Layin Kayan Miya,,settlement,grid3,Diso,Gwale,Kano,0,1,8.514942,11.988998
Kano,kano,Layin Kesi,,settlement,grid3,Sharada,Kano Municipal,Kano,0,1,8.504379,11.97683
Kano,kano,Layin Kgadija Supermarket,,settlement,grid3,Hotoro South,Nassarawa,Kano,0,1,8.591098,11.971918
Kano,kano,Layin Khadija,,settlement,grid3,Fagge D2,Fagge,Kano,0,1,8.520984,12.021681
Kano,kano,Layin Khadija Musa Bala,,settlement,grid3,Fagge B,Fagge,Kano,0,1,8.530708,12.005883
Kano,kano,Layin Khairul Barriya,,settlement,grid3,Rijiyar Lemo,Fagge,Kano,0,1,8.482137,12.049771
Kano,kano,Layin Khanzul Huda Islamiyya,,settlement,grid3,Yammata,Fagge,Kano,0,1,8.473284,12.060031
Kano,kano,Layin Kilba,,settlement,grid3,Gyadi Gyadi Arewa,Tarauni,Kano,0,1,8.541077,11.977295
Kano,kano,Layin Kirya,,settlement,grid3,Sani Mai Nagge,Gwale,Kano,0,1,8.493582,11.983297
Kano,kano,Layin Kofar Dawanau,,settlement,grid3,Kofar Ruwa,Dala,Kano,0,1,8.493913,12.017114
Kano,kano,Layin Koren Kwano,,settlement,grid3,Yammata,Fagge,Kano,0,1,8.479587,12.059702
Kano,kano,Layin Kotu,,settlement,grid3,Sabon Gari East,Fagge,Kano,0,1,8.542831,12.059062
Kano,kano,Layin Kotu,,settlement,grid3,Gobirawa,Dala,Kano,0,1,8.477365,12.046471
Kano,kano,Layin Kuka,,settlement,grid3,Chiranchi,Kumbotso,Kano,0,1,8.470205,11.93004
Kano,kano,Layin Kuka,,settlement,grid3,Dorayi,Gwale,Kano,0,1,8.489322,11.950971
Kano,kano,Layin Kuka,,settlement,grid3,Yammata,Fagge,Kano,0,1,8.475557,12.063894
Kano,kano,Layin Kuka Daya,,settlement,grid3,Kaura Goje,Nassarawa,Kano,0,1,8.550695,12.045657
Kano,kano,Layin Kuka Mai Ruwa,,settlement,grid3,Kabuwaya,Dala,Kano,0,1,8.513079,12.006498
Kano,kano,Layin Kukoki,,settlement,grid3,Yammata,Fagge,Kano,0,1,8.471184,12.066296
Kano,kano,Layin Kundila Primary and Islamiyya School,,settlement,grid3,Daurawa,Tarauni,Kano,0,1,8.55544,11.966113
Kano,kano,Layin Kunduske,,settlement,grid3,Tudun Wazurchi,Kano Municipal,Kano,0,1,8.517927,11.987652
Kano,kano,Layin Kunya Chemist,,settlement,grid3,Kwachiri,Fagge,Kano,0,1,8.48667,12.047507
Kano,kano,Layin Kunya Hospital,,settlement,grid3,Rijiyar Lemo,Fagge,Kano,0,1,8.484096,12.045989
Kano,kano,Layin Kurna,,settlement,grid3,Kwachiri,Fagge,Kano,0,1,8.493238,12.046514
Kano,kano,Layin Kurna Makaranta,,settlement,grid3,Kwachiri,Fagge,Kano,0,1,8.489168,12.040411
Kano,kano,Layin Kurna Nepa 1,,settlement,grid3,Kwachiri,Fagge,Kano,0,1,8.491421,12.038918
Kano,kano,Layin Kurna Nepa 2,,settlement,grid3,Kwachiri,Fagge,Kano,0,1,8.492134,12.039028
Kano,kano,Layin Kwakwa,,settlement,grid3,Sani Mai Nagge,Gwale,Kano,0,1,8.50369,11.988972
Kano,kano,Layin Kwana Hudu,,settlement,grid3,Dandago,Gwale,Kano,0,1,8.509154,11.994204
Kano,kano,Layin Kwana Sallah,,settlement,grid3,Kwachiri,Fagge,Kano,0,1,8.490791,12.040259
Kano,kano,Layin Kwana Sallah,,settlement,grid3,Galadanchi,Gwale,Kano,0,1,8.512756,11.989494
Kano,kano,Layin Kwanar Balele,,settlement,grid3,Mandawari,Gwale,Kano,0,1,8.512585,11.994057
Kano,kano,Layin Kwanar Diso Keso,,settlement,grid3,Diso,Gwale,Kano,0,1,8.513649,11.987235
Kano,kano,Layin Kwanar Kifi,,settlement,grid3,Gwagwarwa,Nassarawa,Kano,0,1,8.545464,12.027782
Kano,kano,Layin Kwandi,,settlement,grid3,Galadanchi,Gwale,Kano,0,1,8.510917,11.988265
Kano,kano,Layin Kwankwalati,,settlement,grid3,Galadanchi,Gwale,Kano,0,1,8.513189,11.988051
Kano,kano,Layin Kwarawa Gidan Maiunguwa,,settlement,grid3,Rijiyar Zaki,Ungogo,Kano,0,1,8.45459,11.985474
Kano,kano,Layin Kwarin Gogau,,settlement,grid3,Fagge D2,Fagge,Kano,0,1,8.524036,12.010429
Kano,kano,Layin Kwarjaji,,settlement,grid3,Bakin Ruwa,Dala,Kano,0,1,8.505937,11.99929
Kano,kano,Layin Kwarori,,settlement,grid3,Yalwa,Dala,Kano,0,1,8.499312,12.002167
Kano,kano,Layin Kwastam Mai Gyaran Babura,,settlement,grid3,Kaura Goje,Nassarawa,Kano,0,1,8.544256,12.033873
Kano,kano,Layin Kwastoma,,settlement,grid3,Adakawa,Dala,Kano,0,1,8.511448,12.011114
Kano,kano,Layin Kwata,,settlement,grid3,Tudun Wada,Nassarawa,Kano,0,1,8.560769,12.027212
Kano,kano,Layin Kwatawa,,settlement,grid3,Dogon Nama,Dala,Kano,0,1,8.500949,11.999351
Kano,kano,Layin Kyamis,,settlement,grid3,Kabuga,Gwale,Kano,0,1,8.476818,11.98511
Kano,kano,Layin Kyauta Academy,,settlement,grid3,Dorayi,Gwale,Kano,0,1,8.490229,11.957175
Kano,kano,Layin LILI Gabari,,settlement,grid3,Kabuwaya,Dala,Kano,0,1,8.512515,12.005861
Kano,kano,Layin Labaran Mai Kayan Miya,,settlement,grid3,Kabuga,Gwale,Kano,0,1,8.476281,11.985265
Kano,kano,Layin Labaran Na Kyauta,,settlement,grid3,Gyaranya,Gwale,Kano,0,1,8.511195,11.997014
Kano,kano,Layin Labaran Tela,,settlement,grid3,Kofar Ruwa,Dala,Kano,0,1,8.496963,12.015396
Kano,kano,Layin Ladan Mai Tifa,,settlement,grid3,Sharada,Kano Municipal,Kano,0,1,8.507352,11.980374
Kano,kano,Layin Ladi Maituwo,,settlement,grid3,Diso,Gwale,Kano,0,1,8.516115,11.987566
Kano,kano,Layin Lambo,,settlement,grid3,Fagge B,Fagge,Kano,0,1,8.528835,12.005301
Kano,kano,Layin Lauya,,settlement,grid3,Gobirawa,Dala,Kano,0,1,8.469691,12.049542
Kano,kano,Layin Laventis,,settlement,grid3,Rijiyar Lemo,Fagge,Kano,0,1,8.48319,12.050391
Kano,kano,Layin Lawan Bala,,settlement,grid3,Yammata,Fagge,Kano,0,1,8.482266,12.058137
Kano,kano,Layin Lawan Lezi,,settlement,grid3,Tudun Wada,Nassarawa,Kano,0,1,8.557581,12.023874
Kano,kano,Layin Lawan Mai Bulo,,settlement,grid3,Kwachiri,Fagge,Kano,0,1,8.492614,12.047913
Kano,kano,Layin Lawan Shakka,,settlement,grid3,Kadawa,Ungogo,Kano,0,1,8.454285,12.073914
Kano,kano,Layin Lawan Shoeshinner,,settlement,grid3,Gobirawa,Dala,Kano,0,1,8.475171,12.050449
Kano,kano,Layin Likita,,settlement,grid3,Kabuga,Gwale,Kano,0,1,8.481336,12.012798
Kano,kano,Layin Liman,,settlement,grid3,Sabon Gari East,Fagge,Kano,0,1,8.544549,12.060882
Kano,kano,Layin Liman,,settlement,grid3,Ungogo,Ungogo,Kano,0,1,8.4493,12.087138
Kano,kano,Layin Liman Alhaji Ibrahim,,settlement,grid3,Tudun Murtala,Nassarawa,Kano,0,1,8.569359,12.031704
Kano,kano,Layin Liman Malam Abdu,,settlement,grid3,Sani Mai Nagge,Gwale,Kano,0,1,8.499689,11.986329
Kano,kano,Layin Liti,,settlement,grid3,Kantudu,Dala,Kano,0,1,8.510064,12.008833
Kano,kano,Layin Lndo Maituwan Tara,,settlement,grid3,Fagge B,Fagge,Kano,0,1,8.528496,12.006001
Kano,kano,Layin Lover Bread,,settlement,grid3,Dogon Nama,Dala,Kano,0,1,8.497691,12.001161
Kano,kano,Layin Lurwanu Mai B,,settlement,grid3,Yammata,Fagge,Kano,0,1,8.474842,12.06365
Kano,kano,Layin M Abdurrazak,,settlement,grid3,Tudun Murtala,Nassarawa,Kano,0,1,8.571803,12.031394
Kano,kano,Layin M Ali Mai Lima,,settlement,grid3,Tudun Murtala,Nassarawa,Kano,0,1,8.572605,12.037739
Kano,kano,Layin M Karami,,settlement,grid3,Mandawari,Gwale,Kano,0,1,8.512331,11.994442
Kano,kano,Layin MD Kasko Kwakwaci,,settlement,grid3,Gama,Nassarawa,Kano,0,1,8.548466,12.032679
Kano,kano,Layin Ma'ilu,,settlement,grid3,Dan Maliki,Kumbotso,Kano,0,1,8.52657,11.952671
Kano,kano,Layin Maaji,,settlement,grid3,Dan Maliki,Kumbotso,Kano,0,1,8.53426,11.951461
Kano,kano,Layin Maaji,,settlement,grid3,Daurawa,Tarauni,Kano,0,1,8.557354,11.972146
Kano,kano,Layin Maazu,,settlement,grid3,Ungogo,Ungogo,Kano,0,1,8.478759,12.108873
Kano,kano,Layin Mabuga,,settlement,grid3,Bakin Ruwa,Dala,Kano,0,1,8.50477,12.000146
Kano,kano,Layin Madace,,settlement,grid3,Tudun Wada,Nassarawa,Kano,0,1,8.555201,12.022797
Kano,kano,Layin Madam Quine,,settlement,grid3,Giginyu,Nassarawa,Kano,0,1,8.574536,11.9979
Kano,kano,Layin Madugu,,settlement,grid3,Gwagwarwa,Nassarawa,Kano,0,1,8.543263,12.030433
Kano,kano,Layin Madugu,,settlement,grid3,Madigawa,Dala,Kano,0,1,8.505212,12.005655
Kano,kano,Layin Madungurun,,settlement,grid3,Dandago,Gwale,Kano,0,1,8.509099,11.994497
Kano,kano,Layin Magaji Mai Wankin Hula,,settlement,grid3,Tudun Murtala,Nassarawa,Kano,0,1,8.566021,12.034562
Kano,kano,Layin Magajiya Mai Gurasa,,settlement,grid3,Rijiyar Lemo,Fagge,Kano,0,1,8.48156,12.047632
Kano,kano,Layin Magawata,,settlement,grid3,Kwachiri,Fagge,Kano,0,1,8.486106,12.055391
Kano,kano,Layin Magawata,,settlement,grid3,Kofar Ruwa,Dala,Kano,0,1,8.490513,12.02525
Kano,kano,Layin Magnet,,settlement,grid3,Bachirawa,Ungogo,Kano,0,1,8.468367,12.052813
Kano,kano,Layin Magora Masallacin Kalgo,,settlement,grid3,Kadawa,Ungogo,Kano,0,1,8.462891,12.073914
Kano,kano,Layin Maharazu,,settlement,grid3,Gawuna,Nassarawa,Kano,0,1,8.556638,12.028698
Kano,kano,Layin Mahaukata,,settlement,grid3,Galadanchi,Gwale,Kano,0,1,8.50978,11.990138
Kano,kano,Layin Mahauta,,settlement,grid3,Hotoro South,Nassarawa,Kano,0,1,8.586759,11.965113
Kano,kano,Layin Mahauta,,settlement,grid3,Ungogo,Ungogo,Kano,0,1,8.496191,12.092601
Kano,kano,Layin Mahauta,,settlement,grid3,Panshekara,Kumbotso,Kano,0,1,8.46496,11.917019
Kano,kano,Layin Mai Abin Harka,,settlement,grid3,Yammata,Fagge,Kano,0,1,8.475995,12.063651
Kano,kano,Layin Mai Aduwa,,settlement,grid3,Gawuna,Nassarawa,Kano,0,1,8.548447,12.027422
Kano,kano,Layin Mai Aduwa,,settlement,grid3,Kabuwaya,Dala,Kano,0,1,8.50787,12.012356
Kano,kano,Layin Mai Agogo,,settlement,grid3,Sharada,Kano Municipal,Kano,0,1,8.512359,11.970853
Kano,kano,Layin Mai Anwaru,,settlement,grid3,Goron Dutse,Gwale,Kano,0,1,8.490024,12.007696
Kano,kano,Layin Mai Bakin Carbi,,settlement,grid3,Tudun Murtala,Nassarawa,Kano,0,1,8.571047,12.031387
Kano,kano,Layin Mai Buhun Taba,,settlement,grid3,Kabuga,Gwale,Kano,0,1,8.47429,12.0166
Kano,kano,Layin Mai Dara,,settlement,grid3,Fagge B,Fagge,Kano,0,1,8.528179,12.007899
Kano,kano,Layin Mai Doki,,settlement,grid3,Bachirawa,Ungogo,Kano,0,1,8.468299,12.066721
Kano,kano,Layin Mai Doki,,settlement,grid3,Dandago,Gwale,Kano,0,1,8.509098,11.992042
Kano,kano,Layin Mai Doya,,settlement,grid3,Galadanchi,Gwale,Kano,0,1,8.511547,11.988648
Kano,kano,Layin Mai Dugu,,settlement,grid3,Tudun Murtala,Nassarawa,Kano,0,1,8.565541,12.027301
Kano,kano,Layin Mai Gari,,settlement,grid3,Ungogo,Ungogo,Kano,0,1,8.480034,12.10913
Kano,kano,Layin Mai Gari,,settlement,grid3,Bachirawa,Ungogo,Kano,0,1,8.462097,12.062073
Kano,kano,Layin Mai Gari,,settlement,grid3,Yada Kunya,Ungogo,Kano,0,1,8.626938,12.086243
Kano,kano,Layin Mai Gaskiya,,settlement,grid3,Sani Mai Nagge,Gwale,Kano,0,1,8.502031,11.98557
Kano,kano,Layin Mai Icce,,settlement,grid3,Sani Mai Nagge,Gwale,Kano,0,1,8.49742,11.982333
Kano,kano,Layin Mai Kananzir,,settlement,grid3,Hotoro,Tarauni,Kano,0,1,8.580151,11.95388
Kano,kano,Layin Mai Kano,,settlement,grid3,Goron Dutse,Gwale,Kano,0,1,8.490832,12.007071
Kano,kano,Layin Mai Kara,,settlement,grid3,Kadawa,Ungogo,Kano,0,1,8.455511,12.077143
Kano,kano,Layin Mai Kasumba,,settlement,grid3,Tudun Wada,Nassarawa,Kano,0,1,8.555455,12.024254
Kano,kano,Layin Mai Katako,,settlement,grid3,Kaura Goje,Nassarawa,Kano,0,1,8.545185,12.042441
Kano,kano,Layin Mai Katifa,,settlement,grid3,Gawuna,Nassarawa,Kano,0,1,8.548947,12.027049
Kano,kano,Layin Mai Kayan Miya,,settlement,grid3,Kabuga,Gwale,Kano,0,1,8.477959,11.985785
Kano,kano,Layin Mai Kili,,settlement,grid3,Gyaranya,Gwale,Kano,0,1,8.510908,11.997798
Kano,kano,Layin Mai Kudi,,settlement,grid3,Dan Maliki,Kumbotso,Kano,0,1,8.53432,11.951209
Kano,kano,Layin Mai Labule,,settlement,grid3,Mandawari,Gwale,Kano,0,1,8.510598,11.992615
Kano,kano,Layin Mai Lalada,,settlement,grid3,Dandago,Gwale,Kano,0,1,8.509706,11.994543
Kano,kano,Layin Mai Magani,,settlement,grid3,Dandago,Gwale,Kano,0,1,8.505941,11.993021
Kano,kano,Layin Mai Maggie,,settlement,grid3,Rijiyar Lemo,Fagge,Kano,0,1,8.479502,12.052569
Kano,kano,Layin Mai Nasara,,settlement,grid3,Tudun Murtala,Nassarawa,Kano,0,1,8.566732,12.034163
Kano,kano,Layin Mai Rakumi,,settlement,grid3,Kofar Ruwa,Dala,Kano,0,1,8.495789,12.014849
Kano,kano,Layin Mai Rakumi,,settlement,grid3,Kabuga,Gwale,Kano,0,1,8.497267,12.013117
Kano,kano,Layin Mai Rawani,,settlement,grid3,Dala,Dala,Kano,0,1,8.508149,12.00328
Kano,kano,Layin Mai Ruwan Sanyi,,settlement,grid3,Tudun Wada,Nassarawa,Kano,0,1,8.557836,12.026669
Kano,kano,Layin Mai Saida Masara,,settlement,grid3,Dorayi,Gwale,Kano,0,1,8.499976,11.965277
Kano,kano,Layin Mai Saje,,settlement,grid3,Rijiyar Lemo,Fagge,Kano,0,1,8.48321,12.047796
Kano,kano,Layin Mai Salula,,settlement,grid3,Gobirawa,Dala,Kano,0,1,8.475219,12.051881
Kano,kano,Layin Mai Sitti,,settlement,grid3,Kabuga,Gwale,Kano,0,1,8.488134,12.000008
Kano,kano,Layin Mai Tasa,,settlement,grid3,Sani Mai Nagge,Gwale,Kano,0,1,8.500046,11.987846
Kano,kano,Layin Mai Tikwane,,settlement,grid3,Hotoro,Tarauni,Kano,0,1,8.583522,11.96277
Kano,kano,Layin Mai Tunkuza,,settlement,grid3,Kadawa,Ungogo,Kano,0,1,8.454895,12.079712
Kano,kano,Layin Mai Turare,,settlement,grid3,Dala,Dala,Kano,0,1,8.509293,12.005623
Kano,kano,Layin Mai Unguwa,,settlement,grid3,Dogon Nama,Dala,Kano,0,1,8.502681,12.001016
Kano,kano,Layin Mai Unguwa,,settlement,grid3,Panshekara,Kumbotso,Kano,0,1,8.4855,11.9031
Kano,kano,Layin Mai Unguwa,,settlement,grid3,Giginyu,Nassarawa,Kano,0,1,8.58014,11.998635
Kano,kano,Layin Mai Unguwa,,settlement,grid3,Yalwa,Dala,Kano,0,1,8.497039,12.005342
Kano,kano,Layin Mai Unguwa,,settlement,grid3,Hotoro South,Nassarawa,Kano,0,1,8.594408,11.96758
Kano,kano,Layin Mai Unguwa,,settlement,grid3,Rangaza,Ungogo,Kano,0,1,8.608209,12.056968
Kano,kano,Layin Mai Unguwa,,settlement,grid3,Kabuga,Gwale,Kano,0,1,8.500139,11.99557
Kano,kano,Layin Mai Unguwa,,settlement,grid3,Kaura Goje,Nassarawa,Kano,0,1,8.546225,12.036143
Kano,kano,Layin Mai Unguwa,,settlement,grid3,Diso,Gwale,Kano,0,1,8.512407,11.987127
Kano,kano,Layin Mai Unguwa,,settlement,grid3,Dala,Dala,Kano,0,1,8.507849,12.005821
Kano,kano,Layin Mai Unguwa,,settlement,grid3,Dan Maliki,Kumbotso,Kano,0,1,8.525214,11.951637
Kano,kano,Layin Mai Unguwa,,settlement,grid3,Dandago,Gwale,Kano,0,1,8.506054,11.99345
Kano,kano,Layin Mai Unguwa,,settlement,grid3,Ungogo,Ungogo,Kano,0,1,8.483942,12.117769
Kano,kano,Layin Mai Unguwa,,settlement,grid3,Gyaranya,Gwale,Kano,0,1,8.509418,11.996822
Kano,kano,Layin Mai Unguwa,,settlement,grid3,Mariri,Kumbotso,Kano,0,1,8.598839,11.960974
Kano,kano,Layin Mai Unguwa,,settlement,grid3,Bakin Ruwa,Dala,Kano,0,1,8.503774,11.997364
Kano,kano,Layin Mai Unguwa,,settlement,grid3,Hotoro,Tarauni,Kano,0,1,8.573021,11.969832
Kano,kano,Layin Mai Unguwa,,settlement,grid3,Kureken Sani,Kumbotso,Kano,0,1,8.606812,11.937195
Kano,kano,Layin Mai Unguwa,,settlement,grid3,Kofar Ruwa,Dala,Kano,0,1,8.500097,12.025023
Kano,kano,Layin Mai Unguwa,,settlement,grid3,Gawuna,Nassarawa,Kano,0,1,8.548517,12.02673
Kano,kano,Layin Mai Unguwa Ali Wada,,settlement,grid3,Gwagwarwa,Nassarawa,Kano,0,1,8.541454,12.026778
Kano,kano,Layin Mai Unguwa Bello,,settlement,grid3,Kwachiri,Fagge,Kano,0,1,8.491331,12.039419
Kano,kano,Layin Mai Unguwa Bello,,settlement,grid3,Gwammaja,Dala,Kano,0,1,8.513803,12.019691
Kano,kano,Layin Mai Unguwa Danfodio,,settlement,grid3,Gwagwarwa,Nassarawa,Kano,0,1,8.54255,12.027811
Kano,kano,Layin Mai Unguwa Dawakin Dakata Kudu,,settlement,grid3,Dakata,Nassarawa,Kano,0,1,8.583019,12.031824
Kano,kano,Layin Mai Unguwa Dawanau,,settlement,grid3,Kofar Ruwa,Dala,Kano,0,1,8.492993,12.017022
Kano,kano,Layin Mai Unguwa Gadon Kaya,,settlement,grid3,Sani Mai Nagge,Gwale,Kano,0,1,8.494338,11.980619
Kano,kano,Layin Mai Unguwa Idris,,settlement,grid3,Kwachiri,Fagge,Kano,0,1,8.492446,12.05039
Kano,kano,Layin Mai Unguwa Kabawa,,settlement,grid3,Dala,Dala,Kano,0,1,8.508936,12.005907
Kano,kano,Layin Mai Unguwa Lliya,,settlement,grid3,Naibawa,Kumbotso,Kano,0,1,8.546569,11.927318
Kano,kano,Layin Mai Unguwa Mandawari,,settlement,grid3,Mandawari,Gwale,Kano,0,1,8.512287,11.992001
Kano,kano,Layin Mai Unguwa Musa,,settlement,grid3,Rijiyar Lemo,Fagge,Kano,0,1,8.474972,12.057003
Kano,kano,Layin Mai Unguwa Sale,,settlement,grid3,Kwachiri,Fagge,Kano,0,1,8.49401,12.046492
Kano,kano,Layin Mai Unguwa Sale Mai Fata,,settlement,grid3,Tudun Murtala,Nassarawa,Kano,0,1,8.570099,12.030883
Kano,kano,Layin Mai Unguwa Sani Mainage,,settlement,grid3,Sani Mai Nagge,Gwale,Kano,0,1,8.500671,11.988892
Kano,kano,Layin Mai Unguwa Shuaibu,,settlement,grid3,Kwachiri,Fagge,Kano,0,1,8.489441,12.04252
Kano,kano,Layin Mai Unguwa Tsamiya,,settlement,grid3,Gawuna,Nassarawa,Kano,0,1,8.557128,12.029345
Kano,kano,Layin Mai Unguwa Yahaya,,settlement,grid3,Kwachiri,Fagge,Kano,0,1,8.485778,12.056064
Kano,kano,Layin Mai Unguwa Yahya,,settlement,grid3,Darmanawa,Tarauni,Kano,0,1,8.544312,11.96051
Kano,kano,Layin Mai Unguwa Yusuf,,settlement,grid3,Gwagwarwa,Nassarawa,Kano,0,1,8.545528,12.030309
Kano,kano,Layin Mai Unguwar,,settlement,grid3,Fagge D2,Fagge,Kano,0,1,8.521797,12.021106
Kano,kano,Layin Mai Unguwar,,settlement,grid3,Kawaji,Nassarawa,Kano,0,1,8.582779,12.014023
Kano,kano,Layin Mai Unguwar Danjuma,,settlement,grid3,Gobirawa,Dala,Kano,0,1,8.477057,12.050798
Kano,kano,Layin Mai Unguwar Isiyaku,,settlement,grid3,Kawaji,Nassarawa,Kano,0,1,8.585927,12.018179
Kano,kano,Layin Mai Unguwar Kantudu,,settlement,grid3,Kantudu,Dala,Kano,0,1,8.508345,12.010853
Kano,kano,Layin Mai Unguwar Magashi,,settlement,grid3,Galadanchi,Gwale,Kano,0,1,8.514991,11.990565
Kano,kano,Layin Mai Unguwar Tagargi,,settlement,grid3,Tudun Murtala,Nassarawa,Kano,0,1,8.570584,12.038829
Kano,kano,Layin Mai Unguwar Yantandu,,settlement,grid3,Adakawa,Dala,Kano,0,1,8.511893,12.009208
Kano,kano,Layin Mai Ungwa Yau,,settlement,grid3,Dorayi,Gwale,Kano,0,1,8.481067,11.94147
Kano,kano,Layin Mai Waina,,settlement,grid3,Kantudu,Dala,Kano,0,1,8.508765,12.010759
Kano,kano,Layin Mai Walda,,settlement,grid3,Hotoro,Tarauni,Kano,0,1,8.587515,11.959414
Kano,kano,Layin Mai Wawulo,,settlement,grid3,Yammata,Fagge,Kano,0,1,8.472794,12.066035
Kano,kano,Layin Mai Yadi,,settlement,grid3,Kaura Goje,Nassarawa,Kano,0,1,8.551483,12.048296
Kano,kano,Layin Mai Zago,,settlement,grid3,Ungogo,Ungogo,Kano,0,1,8.449148,12.088585
Kano,kano,Layin Mai Zakara,,settlement,grid3,Sabon Gari East,Fagge,Kano,0,1,8.542348,12.058642
Kano,kano,Layin Mai Zakara,,settlement,grid3,Dorayi,Gwale,Kano,0,1,8.499299,11.965464
Kano,kano,Layin Maidawa,,settlement,grid3,Hotoro South,Nassarawa,Kano,0,1,8.584059,11.968629
Kano,kano,Layin Maidodo,,settlement,grid3,Dandago,Gwale,Kano,0,1,8.50851,11.994504
Kano,kano,Layin Maigari,,settlement,grid3,Hotoro North,Nassarawa,Kano,0,1,8.584111,11.98193
Kano,kano,Layin Maigari,,settlement,grid3,Sabon Gari East,Fagge,Kano,0,1,8.544025,12.059804
Kano,kano,Layin Maigari Kadawa,,settlement,grid3,Kadawa,Ungogo,Kano,0,1,8.454851,12.0779
Kano,kano,Layin Maigishiri,,settlement,grid3,Gyaranya,Gwale,Kano,0,1,8.508351,11.997381
Kano,kano,Layin Maikano Dan Sanda,,settlement,grid3,Rijiyar Zaki,Ungogo,Kano,0,1,8.461925,11.98426
Kano,kano,Layin Maikudi Shikima,,settlement,grid3,Tudun Fulani,Ungogo,Kano,0,1,8.462003,12.029854
Kano,kano,Layin Maisahat,,settlement,grid3,Gwale,Gwale,Kano,0,1,8.515057,11.985467
Kano,kano,Layin Maisara,,settlement,grid3,Adakawa,Dala,Kano,0,1,8.5115,12.014174
Kano,kano,Layin Maitama,,settlement,grid3,Galadanchi,Gwale,Kano,0,1,8.508578,11.989603
Kano,kano,Layin Maizara,,settlement,grid3,Gama,Nassarawa,Kano,0,1,8.551749,12.030051
Kano,kano,Layin Makabarta,,settlement,grid3,Dorayi,Gwale,Kano,0,1,8.485772,11.950387
Kano,kano,Layin Makabarta,,settlement,grid3,Hotoro South,Nassarawa,Kano,0,1,8.591826,11.969115
Kano,kano,Layin Makabarta,,settlement,grid3,Kwachiri,Fagge,Kano,0,1,8.483839,12.057071
Kano,kano,Layin Makabarta,,settlement,grid3,Yammata,Fagge,Kano,0,1,8.47713,12.061655
Kano,kano,Layin Makabarta,,settlement,grid3,Hotoro North,Nassarawa,Kano,0,1,8.58692,11.974003
Kano,kano,Layin Makabarta,,settlement,grid3,Kabuga,Gwale,Kano,0,1,8.489307,11.982812
Kano,kano,Layin Makabarta,,settlement,grid3,Gobirawa,Dala,Kano,0,1,8.483446,12.037085
Kano,kano,Layin Makabarta,,settlement,grid3,Babban Giji,Tarauni,Kano,0,1,8.536873,11.957699
Kano,kano,Layin Makabarta,,settlement,grid3,Tudun Murtala,Nassarawa,Kano,0,1,8.573392,12.032025
Kano,kano,Layin Makabartar Yara,,settlement,grid3,Giginyu,Nassarawa,Kano,0,1,8.574728,12.003416
Kano,kano,Layin Makahidayatu,,settlement,grid3,Gobirawa,Dala,Kano,0,1,8.465136,12.063021
Kano,kano,Layin Makara Huta,,settlement,grid3,Giginyu,Nassarawa,Kano,0,1,8.576305,11.983092
Kano,kano,Layin Makaranta,,settlement,grid3,Dandago,Gwale,Kano,0,1,8.505318,11.994467
Kano,kano,Layin Makaranta,,settlement,grid3,Bakin Ruwa,Dala,Kano,0,1,8.505091,11.999383
Kano,kano,Layin Makaranta,,settlement,grid3,Gwammaja,Dala,Kano,0,1,8.509541,12.01808
Kano,kano,Layin Makaranta,,settlement,grid3,Yammata,Fagge,Kano,0,1,8.470989,12.064336
Kano,kano,Layin Makaranta,,settlement,grid3,Ungogo,Ungogo,Kano,0,1,8.470435,12.095934
Kano,kano,Layin Makaranta,,settlement,grid3,Adakawa,Dala,Kano,0,1,8.511599,12.012669
Kano,kano,Layin Makaranta,,settlement,grid3,Kabuga,Gwale,Kano,0,1,8.477172,11.986181
Kano,kano,Layin Makaranta,,settlement,grid3,Kwachiri,Fagge,Kano,0,1,8.485348,12.056692
Kano,kano,Layin Makaranta Al Lale,,settlement,grid3,Dandago,Gwale,Kano,0,1,8.510121,11.994731
Kano,kano,Layin Makaranta Boko,,settlement,grid3,Kadawa,Ungogo,Kano,0,1,8.48973,12.055199
Kano,kano,Layin Makaranta Mallam Garba,,settlement,grid3,Kofar Ruwa,Dala,Kano,0,1,8.486419,12.025775
Kano,kano,Layin Makarantan Malam Balarabe,,settlement,grid3,Mandawari,Gwale,Kano,0,1,8.510552,11.993296
Kano,kano,Layin Makarantar Alfa,,settlement,grid3,Ungogo,Ungogo,Kano,0,1,8.449097,12.089905
Kano,kano,Layin Makarantar Allo,,settlement,grid3,Giginyu,Nassarawa,Kano,0,1,8.577842,11.998325
Kano,kano,Layin Makarantar Ayiye,,settlement,grid3,Fagge B,Fagge,Kano,0,1,8.530061,12.004822
Kano,kano,Layin Makarantar Badawi,,settlement,grid3,Tudun Murtala,Nassarawa,Kano,0,1,8.569668,12.03731
Kano,kano,Layin Makarantar Boko,,settlement,grid3,Ungogo,Ungogo,Kano,0,1,8.4502,12.085624
Kano,kano,Layin Makarantar Bulukiya,,settlement,grid3,Yalwa,Dala,Kano,0,1,8.502555,12.008193
Kano,kano,Layin Makarantar Gidan Bene,,settlement,grid3,Kofar Ruwa,Dala,Kano,0,1,8.494174,12.015143
Kano,kano,Layin Makarantar Mai Buda,,settlement,grid3,Rijiyar Lemo,Fagge,Kano,0,1,8.477244,12.056478
Kano,kano,Layin Makarantar Mai Jalingo,,settlement,grid3,Madigawa,Dala,Kano,0,1,8.505355,12.001703
Kano,kano,Layin Makarantar Malam Babba,,settlement,grid3,Zango (Ungogo),Ungogo,Kano,0,1,8.564253,12.037628
Kano,kano,Layin Makarantar Malam Danjuma,,settlement,grid3,Dala,Dala,Kano,0,1,8.507507,12.004582
Kano,kano,Layin Makarantar Malam Nura,,settlement,grid3,Kaura Goje,Nassarawa,Kano,0,1,8.541764,12.037523
Kano,kano,Layin Makarantar Mallam Haruna,,settlement,grid3,Mandawari,Gwale,Kano,0,1,8.510519,11.996794
Kano,kano,Layin Makarantar Mallam Hassan da Hussaini,,settlement,grid3,Bachirawa,Ungogo,Kano,0,1,8.465671,12.070072
Kano,kano,Layin Makarantar Mallam Tijjani,,settlement,grid3,Kofar Ruwa,Dala,Kano,0,1,8.493876,12.016506
Kano,kano,Layin Makarantar Muddafa,,settlement,grid3,Giginyu,Nassarawa,Kano,0,1,8.57599,11.999853
Kano,kano,Layin Makasa,,settlement,grid3,Dandago,Gwale,Kano,0,1,8.505436,11.99305
Kano,kano,Layin Makera,,settlement,grid3,Ungogo,Ungogo,Kano,0,1,8.451034,12.087637
Kano,kano,Layin Makera,,settlement,grid3,Dorayi,Gwale,Kano,0,1,8.482622,11.952616
Kano,kano,Layin Makera,,settlement,grid3,Unguwar Rimi,Kumbotso,Kano,0,1,8.575078,11.907563
Kano,kano,Layin Makera,,settlement,grid3,Sabon Gari East,Fagge,Kano,0,1,8.545565,12.063589
Kano,kano,Layin Makoda,,settlement,grid3,Kwachiri,Fagge,Kano,0,1,8.48946,12.043178
Kano,kano,Layin Makota Clinic,,settlement,grid3,Sani Mai Nagge,Gwale,Kano,0,1,8.497011,11.987324
Kano,kano,Layin Makwalla,,settlement,grid3,Gyaranya,Gwale,Kano,0,1,8.5114,11.998072
Kano,kano,Layin Mal Bello,,settlement,grid3,Hotoro North,Nassarawa,Kano,0,1,8.591416,12.003638
Kano,kano,Layin Mal Dahe,,settlement,grid3,Kofar Ruwa,Dala,Kano,0,1,8.488535,12.024877
Kano,kano,Layin Mal Garba Idris,,settlement,grid3,Kofar Ruwa,Dala,Kano,0,1,8.489304,12.025231
Kano,kano,Layin Mal Ibrahim Khalid,,settlement,grid3,Kofar Ruwa,Dala,Kano,0,1,8.488613,12.024399
Kano,kano,Layin Mal Muazu,,settlement,grid3,Dorayi,Gwale,Kano,0,1,8.455342,11.973258
Kano,kano,Layin Mal Nasidi,,settlement,grid3,Yalwa,Dala,Kano,0,1,8.499638,12.009122
Kano,kano,Layin Mal Salisu Mai Unguwa,,settlement,grid3,Kwachiri,Fagge,Kano,0,1,8.510759,12.060628
Kano,kano,Layin Mal Sunusi Liman,,settlement,grid3,Kwachiri,Fagge,Kano,0,1,8.50092,12.070756
Kano,kano,Layin Mal Umar,,settlement,grid3,Giginyu,Nassarawa,Kano,0,1,8.578106,12.003059
Kano,kano,Layin Mal Umaru,,settlement,grid3,Gama,Nassarawa,Kano,0,1,8.547874,12.034745
Kano,kano,Layin Mal Yunusa,,settlement,grid3,Kofar Ruwa,Dala,Kano,0,1,8.489615,12.024705
Kano,kano,Layin Malam Abbas,,settlement,grid3,Yammata,Fagge,Kano,0,1,8.474475,12.059129
Kano,kano,Layin Malam Abdu Mai Almajirai,,settlement,grid3,Diso,Gwale,Kano,0,1,8.513367,11.986909
Kano,kano,Layin Malam Adamu,,settlement,grid3,Sabon Gari East,Fagge,Kano,0,1,8.542841,12.059955
Kano,kano,Layin Malam Adamu,,settlement,grid3,Sharada,Kano Municipal,Kano,0,1,8.511805,11.971774
Kano,kano,Layin Malam Adamu Mai Kafin Buzu,,settlement,grid3,Gwagwarwa,Nassarawa,Kano,0,1,8.54445,12.032685
Kano,kano,Layin Malam Alhassan,,settlement,grid3,Sani Mai Nagge,Gwale,Kano,0,1,8.501304,11.986814
Kano,kano,Layin Malam Aminu,,settlement,grid3,Madigawa,Dala,Kano,0,1,8.506279,12.004714
Kano,kano,Layin Malam Ayuba,,settlement,grid3,Madigawa,Dala,Kano,0,1,8.505037,12.002953
Kano,kano,Layin Malam Ayuba,,settlement,grid3,Yammata,Fagge,Kano,0,1,8.472612,12.062186
Kano,kano,Layin Malam Baba,,settlement,grid3,Gwale,Gwale,Kano,0,1,8.514404,11.984576
Kano,kano,Layin Malam Babba,,settlement,grid3,Sani Mai Nagge,Gwale,Kano,0,1,8.500378,11.985958
Kano,kano,Layin Malam Babba,,settlement,grid3,Rijiyar Lemo,Fagge,Kano,0,1,8.484048,12.044421
Kano,kano,Layin Malam Baffa,,settlement,grid3,Galadanchi,Gwale,Kano,0,1,8.512013,11.988945
Kano,kano,Layin Malam Bako,,settlement,grid3,Sharada,Kano Municipal,Kano,0,1,8.506654,11.972147
Kano,kano,Layin Malam Bello,,settlement,grid3,Gwagwarwa,Nassarawa,Kano,0,1,8.544182,12.027655
Kano,kano,Layin Malam Dahiru,,settlement,grid3,Kabuga,Gwale,Kano,0,1,8.487685,12.000177
Kano,kano,Layin Malam Dalibu,,settlement,grid3,Gwale,Gwale,Kano,0,1,8.511153,11.984124
Kano,kano,Layin Malam Dan Yaro,,settlement,grid3,Yammata,Fagge,Kano,0,1,8.473693,12.058374
Kano,kano,Layin Malam Faruk,,settlement,grid3,Madigawa,Dala,Kano,0,1,8.505383,12.003061
Kano,kano,Layin Malam Gambo,,settlement,grid3,Dan Maliki,Kumbotso,Kano,0,1,8.529539,11.948081
Kano,kano,Layin Malam Gambo,,settlement,grid3,Unguwar Rimi,Kumbotso,Kano,0,1,8.570089,11.909027
Kano,kano,Layin Malam Garba,,settlement,grid3,Hotoro,Tarauni,Kano,0,1,8.580324,11.962458
Kano,kano,Layin Malam Garba,,settlement,grid3,Madigawa,Dala,Kano,0,1,8.504448,12.006606
Kano,kano,Layin Malam Habibu,,settlement,grid3,Dandago,Gwale,Kano,0,1,8.504848,11.993305
Kano,kano,Layin Malam Habu,,settlement,grid3,Gwale,Gwale,Kano,0,1,8.505857,11.987381
Kano,kano,Layin Malam Hafizu,,settlement,grid3,Goron Dutse,Gwale,Kano,0,1,8.490396,12.009041
Kano,kano,Layin Malam Haladu,,settlement,grid3,Sabon Gari East,Fagge,Kano,0,1,8.545669,12.062729
Kano,kano,Layin Malam Hamisu,,settlement,grid3,Yammata,Fagge,Kano,0,1,8.471475,12.0623
Kano,kano,Layin Malam Hamza,,settlement,grid3,Galadanchi,Gwale,Kano,0,1,8.509594,11.98793
Kano,kano,Layin Malam Hassan,,settlement,grid3,Kabuga,Gwale,Kano,0,1,8.48805,12.000601
Kano,kano,Layin Malam Isa,,settlement,grid3,Ungogo,Ungogo,Kano,0,1,8.447059,12.086151
Kano,kano,Layin Malam Isah,,settlement,grid3,Unguwar Rimi,Kumbotso,Kano,0,1,8.57279,11.90968
Kano,kano,Layin Malam Jibo,,settlement,grid3,Kadawa,Ungogo,Kano,0,1,8.453852,12.079367
Kano,kano,Layin Malam Kabiru,,settlement,grid3,Tudun Wada,Nassarawa,Kano,0,1,8.558059,12.024468
Kano,kano,Layin Malam Lala,,settlement,grid3,Galadanchi,Gwale,Kano,0,1,8.514077,11.991199
Kano,kano,Layin Malam Mai Ruwa,,settlement,grid3,Yammata,Fagge,Kano,0,1,8.471337,12.064075
Kano,kano,Layin Malam Mamman,,settlement,grid3,Gyaranya,Gwale,Kano,0,1,8.508702,11.996626
Kano,kano,Layin Malam Mudi,,settlement,grid3,Sabon Gari East,Fagge,Kano,0,1,8.545639,12.062391
Kano,kano,Layin Malam Mudi Salga,,settlement,grid3,Madigawa,Dala,Kano,0,1,8.505455,12.003206
Kano,kano,Layin Malam Muntari,,settlement,grid3,Gwale,Gwale,Kano,0,1,8.514176,11.98371
Kano,kano,Layin Malam Musa,,settlement,grid3,Dorayi,Gwale,Kano,0,1,8.499622,11.963379
Kano,kano,Layin Malam Musa Gurgu,,settlement,grid3,Kabuga,Gwale,Kano,0,1,8.478112,11.987913
Kano,kano,Layin Malam Mustapha,,settlement,grid3,Hotoro,Tarauni,Kano,0,1,8.580068,11.961674
Kano,kano,Layin Malam Mustapha,,settlement,grid3,Dan Maliki,Kumbotso,Kano,0,1,8.53465,11.951611
Kano,kano,Layin Malam Na Dala,,settlement,grid3,Rijiyar Lemo,Fagge,Kano,0,1,8.485298,12.045194
Kano,kano,Layin Malam Nasidi,,settlement,grid3,Kabuga,Gwale,Kano,0,1,8.488045,12.000208
Kano,kano,Layin Malam Nasidi,,settlement,grid3,Kaura Goje,Nassarawa,Kano,0,1,8.551643,12.048784
Kano,kano,Layin Malam Nasir,,settlement,grid3,Kabuga,Gwale,Kano,0,1,8.487895,11.999887
Kano,kano,Layin Malam Nuhu Asaini,,settlement,grid3,Dandago,Gwale,Kano,0,1,8.504404,11.994042
Kano,kano,Layin Malam Sabiu,,settlement,grid3,Kabuga,Gwale,Kano,0,1,8.487876,12.001164
Kano,kano,Layin Malam Safiyanu Near Mai Unguwa,,settlement,grid3,Kofar Ruwa,Dala,Kano,0,1,8.484335,12.024016
Kano,kano,Layin Malam Sale Karaye,,settlement,grid3,Kabuga,Gwale,Kano,0,1,8.479308,11.988296
Kano,kano,Layin Malam Salisu Displine,,settlement,grid3,Dandago,Gwale,Kano,0,1,8.508031,11.993087
Kano,kano,Layin Malam Sallu,,settlement,grid3,Yammata,Fagge,Kano,0,1,8.473992,12.0579
Kano,kano,Layin Malam Sani Adawo Lafiya,,settlement,grid3,Kawaji,Nassarawa,Kano,0,1,8.58435,12.016261
Kano,kano,Layin Malam Sidi Habu,,settlement,grid3,Dala,Dala,Kano,0,1,8.508841,12.006575
Kano,kano,Layin Malam Talle,,settlement,grid3,Madigawa,Dala,Kano,0,1,8.505076,12.002413
Kano,kano,Layin Malam Tukur,,settlement,grid3,Dorayi,Gwale,Kano,0,1,8.472739,11.95821
Kano,kano,Layin Malam Umar Doro,,settlement,grid3,Yammata,Fagge,Kano,0,1,8.472303,12.066868
Kano,kano,Layin Malam Usaini,,settlement,grid3,Darmanawa,Tarauni,Kano,0,1,8.546692,11.95813
Kano,kano,Layin Malam Yahaya,,settlement,grid3,Yammata,Fagge,Kano,0,1,8.474093,12.064066
Kano,kano,Layin Malam Yau,,settlement,grid3,Yammata,Fagge,Kano,0,1,8.473922,12.059849
Kano,kano,Layin Malam Yau Mai Kayan Miya,,settlement,grid3,Kofar Ruwa,Dala,Kano,0,1,8.49016,12.024402
Kano,kano,Layin Malam Yaya,,settlement,grid3,Hotoro,Tarauni,Kano,0,1,8.58008,11.964171
Kano,kano,Layin Malam Yusuf,,settlement,grid3,Goron Dutse,Gwale,Kano,0,1,8.490445,12.004984
Kano,kano,Layin Malam Zangina,,settlement,grid3,Hotoro South,Nassarawa,Kano,0,1,8.591928,11.966922
Kano,kano,Layin Malama Amina,,settlement,grid3,Kaura Goje,Nassarawa,Kano,0,1,8.551092,12.049366
Kano,kano,Layin Malamai,,settlement,grid3,Kabuga,Gwale,Kano,0,1,8.47696,11.986356
Kano,kano,Layin Malamai,,settlement,grid3,Zango (Ungogo),Ungogo,Kano,0,1,8.583217,12.043263
Kano,kano,Layin Malamai,,settlement,grid3,Ungogo,Ungogo,Kano,0,1,8.48082,12.097296
Kano,kano,Layin Malan Haruna,,settlement,grid3,Gwale,Gwale,Kano,0,1,8.505257,11.98475
Kano,kano,Layin Malan Rabiu,,settlement,grid3,Dan Maliki,Kumbotso,Kano,0,1,8.525793,11.949837
Kano,kano,Layin Malan Sha'aibu Dawaye,,settlement,grid3,Hotoro North,Nassarawa,Kano,0,1,8.5934,11.981048
Kano,kano,Layin Mall Ibrahim K Makaranta,,settlement,grid3,Kwachiri,Fagge,Kano,0,1,8.495517,12.047483
Kano,kano,Layin Mallam Attahir,,settlement,grid3,Fagge D2,Fagge,Kano,0,1,8.525662,12.01041
Kano,kano,Layin Mallam Audu,,settlement,grid3,Kwachiri,Fagge,Kano,0,1,8.486712,12.04901
Kano,kano,Layin Mallam Hamisu,,settlement,grid3,Gobirawa,Dala,Kano,0,1,8.475008,12.051983
Kano,kano,Layin Mallam Hamza,,settlement,grid3,Gobirawa,Dala,Kano,0,1,8.474638,12.051108
Kano,kano,Layin Mallam Harisu,,settlement,grid3,Mandawari,Gwale,Kano,0,1,8.512123,11.991739
Kano,kano,Layin Mallam IDI,,settlement,grid3,Gobirawa,Dala,Kano,0,1,8.483661,12.02959
Kano,kano,Layin Mallam Ibrahim,,settlement,grid3,Kwachiri,Fagge,Kano,0,1,8.484177,12.04879
Kano,kano,Layin Mallam Ibrahim,,settlement,grid3,Kabuga,Gwale,Kano,0,1,8.49438,12.0084
Kano,kano,Layin Mallam Mai Ishiriniya,,settlement,grid3,Mandawari,Gwale,Kano,0,1,8.509071,11.99662
Kano,kano,Layin Mallam Mamuda,,settlement,grid3,Kabuga,Gwale,Kano,0,1,8.472696,11.993455
Kano,kano,Layin Mallam Muntari,,settlement,grid3,Yammata,Fagge,Kano,0,1,8.469424,12.065604
Kano,kano,Layin Mallam Muttaka,,settlement,grid3,Fagge D1,Fagge,Kano,0,1,8.527854,12.009408
Kano,kano,Layin Mallam Na Rabi,,settlement,grid3,Dogon Nama,Dala,Kano,0,1,8.498528,11.9979
Kano,kano,Layin Mallam Nada Hare,,settlement,grid3,Gayawa,Ungogo,Kano,0,1,8.559409,12.051204
Kano,kano,Layin Mallam Rabiu,,settlement,grid3,Fagge D2,Fagge,Kano,0,1,8.524168,12.011938
Kano,kano,Layin Mallam Saidu,,settlement,grid3,Dogon Nama,Dala,Kano,0,1,8.503351,12.005697
Kano,kano,Layin Mallam Saidu,,settlement,grid3,Kantudu,Dala,Kano,0,1,8.509354,12.011133
Kano,kano,Layin Mallam Sale,,settlement,grid3,Kabuga,Gwale,Kano,0,1,8.489992,11.984615
Kano,kano,Layin Mallam Sule,,settlement,grid3,Kwachiri,Fagge,Kano,0,1,8.485939,12.05571
Kano,kano,Layin Mallam Tanimu,,settlement,grid3,Darmanawa,Tarauni,Kano,0,1,8.544534,11.946635
Kano,kano,Layin Mallam Yahaya,,settlement,grid3,Kwachiri,Fagge,Kano,0,1,8.500964,12.071193
Kano,kano,Layin Mallama Hadiza,,settlement,grid3,Kabuga,Gwale,Kano,0,1,8.477161,11.98528
Kano,kano,Layin Mallamai,,settlement,grid3,Kabuga,Gwale,Kano,0,1,8.495214,12.00992
Kano,kano,Layin Mallan Bala,,settlement,grid3,Kwachiri,Fagge,Kano,0,1,8.491529,12.044285
Kano,kano,Layin Mallan Dikko,,settlement,grid3,Kwachiri,Fagge,Kano,0,1,8.500888,12.068535
Kano,kano,Layin Mallan Falalu,,settlement,grid3,Fagge C,Fagge,Kano,0,1,8.530365,12.009364
Kano,kano,Layin Mallan Ibrahim,,settlement,grid3,Rijiyar Lemo,Fagge,Kano,0,1,8.478356,12.055866
Kano,kano,Layin Mallan Ismaila,,settlement,grid3,Kwachiri,Fagge,Kano,0,1,8.490434,12.043884
Kano,kano,Layin Mallan Musa,,settlement,grid3,Rijiyar Lemo,Fagge,Kano,0,1,8.479182,12.056516
Kano,kano,Layin Mallan Nuhu,,settlement,grid3,Kwachiri,Fagge,Kano,0,1,8.486751,12.046656
Kano,kano,Layin Mallan Nura,,settlement,grid3,Kwachiri,Fagge,Kano,0,1,8.487642,12.045676
Kano,kano,Layin Mallan Salisu,,settlement,grid3,Kwachiri,Fagge,Kano,0,1,8.489847,12.042406
Kano,kano,Layin Mallan Sule,,settlement,grid3,Kwachiri,Fagge,Kano,0,1,8.486546,12.04608
Kano,kano,Layin Mallan Sule Baraa,,settlement,grid3,Kwachiri,Fagge,Kano,0,1,8.486857,12.050276
Kano,kano,Layin Mallan Sunusi,,settlement,grid3,Kwachiri,Fagge,Kano,0,1,8.500462,12.070636
Kano,kano,Layin Mallan Tijjani,,settlement,grid3,Kwachiri,Fagge,Kano,0,1,8.490494,12.051482
Kano,kano,Layin Mallan Umar,,settlement,grid3,Kwachiri,Fagge,Kano,0,1,8.490637,12.051159
Kano,kano,Layin Mama Cimale,,settlement,grid3,Mandawari,Gwale,Kano,0,1,8.509936,11.992995
Kano,kano,Layin Maman Baby,,settlement,grid3,Dorayi,Gwale,Kano,0,1,8.46891,11.97039
Kano,kano,Layin Mamau A,,settlement,grid3,Kawaji,Nassarawa,Kano,0,1,8.595538,12.017139
Kano,kano,Layin Mamau B,,settlement,grid3,Kawaji,Nassarawa,Kano,0,1,8.594441,12.017892
Kano,kano,Layin Mammada,,settlement,grid3,Hotoro South,Nassarawa,Kano,0,1,8.589563,11.969267
Kano,kano,Layin Mamman,,settlement,grid3,Ungogo,Ungogo,Kano,0,1,8.479031,12.112225
Kano,kano,Layin Mamuda B Namoda Ventures,,settlement,grid3,Kofar Ruwa,Dala,Kano,0,1,8.484888,12.021274
Kano,kano,Layin Mangoro,,settlement,grid3,Kabuga,Gwale,Kano,0,1,8.486964,11.972513
Kano,kano,Layin Mangoron Yan Fura,,settlement,grid3,Gobirawa,Dala,Kano,0,1,8.475295,12.051276
Kano,kano,Layin Mangorori,,settlement,grid3,Rijiyar Zaki,Ungogo,Kano,0,1,8.460203,11.983892
Kano,kano,Layin Mangwaro,,settlement,grid3,Hotoro South,Nassarawa,Kano,0,1,8.585799,11.971405
Kano,kano,Layin Mangwaron Mahauta,,settlement,grid3,Gama,Nassarawa,Kano,0,1,8.553382,12.029558
Kano,kano,Layin Mangwaron Shata,,settlement,grid3,Kaura Goje,Nassarawa,Kano,0,1,8.552958,12.035956
Kano,kano,Layin Manir,,settlement,grid3,Dan Maliki,Kumbotso,Kano,0,1,8.532306,11.956454
Kano,kano,Layin Manjo,,settlement,grid3,Gyaranya,Gwale,Kano,0,1,8.509153,11.996353
Kano,kano,Layin Mannir Tela,,settlement,grid3,Goron Dutse,Gwale,Kano,0,1,8.489869,12.006946
Kano,kano,Layin Maraya,,settlement,grid3,Dala,Dala,Kano,0,1,8.508682,12.003971
Kano,kano,Layin Maraya,,settlement,grid3,Dorayi,Gwale,Kano,0,1,8.50077,11.962975
Kano,kano,Layin Marga,,settlement,grid3,Tudun Wada,Nassarawa,Kano,0,1,8.556442,12.025116
Kano,kano,Layin Marhaba Bread,,settlement,grid3,Dorayi,Gwale,Kano,0,1,8.478416,11.943792
Kano,kano,Layin Marmara,,settlement,grid3,Kwachiri,Fagge,Kano,0,1,8.490429,12.052661
Kano,kano,Layin Marmara,,settlement,grid3,Tudun Wada,Nassarawa,Kano,0,1,8.557577,12.022817
Kano,kano,Layin Marwan Near Mai Shayi,,settlement,grid3,Gobirawa,Dala,Kano,0,1,8.479836,12.0214
Kano,kano,Layin Masaka,,settlement,grid3,Kabuwaya,Dala,Kano,0,1,8.50756,12.014036
Kano,kano,Layin Masalaci Layin Ba Wahala,,settlement,grid3,Gama,Nassarawa,Kano,0,1,8.550414,12.0325
Kano,kano,Layin Masalaci Waliyay,,settlement,grid3,Sabon Gari East,Fagge,Kano,0,1,8.545595,12.064184
Kano,kano,Layin Masallachi,,settlement,grid3,Bakin Ruwa,Dala,Kano,0,1,8.503761,11.997584
Kano,kano,Layin Masallaci,,settlement,grid3,Dorayi,Gwale,Kano,0,1,8.482651,11.94538
Kano,kano,Layin Masallaci,,settlement,grid3,Garun Gawa,Kumbotso,Kano,0,1,8.521969,11.960015
Kano,kano,Layin Masallaci,,settlement,grid3,Kofar Ruwa,Dala,Kano,0,1,8.485987,12.024711
Kano,kano,Layin Masallaci Barau,,settlement,grid3,Galadanchi,Gwale,Kano,0,1,8.514192,11.992009
Kano,kano,Layin Masallaci Southern Dala,,settlement,grid3,Dala,Dala,Kano,0,1,8.507537,12.005083
Kano,kano,Layin Masallacin Alto,,settlement,grid3,Ungogo,Ungogo,Kano,0,1,8.447434,12.088352
Kano,kano,Layin Masallacin Chiranci,,settlement,grid3,Diso,Gwale,Kano,0,1,8.516001,11.988165
Kano,kano,Layin Masallacin Dan Subul,,settlement,grid3,Kabuga,Gwale,Kano,0,1,8.477794,12.017013
Kano,kano,Layin Masallacin Garba,,settlement,grid3,Kabuga,Gwale,Kano,0,1,8.478953,12.013358
Kano,kano,Layin Masallacin Garba Arewa,,settlement,grid3,Kabuga,Gwale,Kano,0,1,8.475411,12.018078
Kano,kano,Layin Masallacin Isiaka Rabiu,,settlement,grid3,Kabuga,Gwale,Kano,0,1,8.494643,12.008557
Kano,kano,Layin Masallacin Juma'a,,settlement,grid3,Kaura Goje,Nassarawa,Kano,0,1,8.545972,12.041411
Kano,kano,Layin Masallacin Juma'a,,settlement,grid3,Rangaza,Ungogo,Kano,0,1,8.610358,12.057904
Kano,kano,Layin Masallacin Juma'a,,settlement,grid3,Rijiyar Zaki,Ungogo,Kano,0,1,8.447526,11.974046
Kano,kano,Layin Masallacin Jumaa,,settlement,grid3,Hotoro South,Nassarawa,Kano,0,1,8.581604,11.970668
Kano,kano,Layin Masallacin Jumaa,,settlement,grid3,Kofar Ruwa,Dala,Kano,0,1,8.500318,12.026309
Kano,kano,Layin Masallacin Jumaa Tsoho,,settlement,grid3,Kadawa,Ungogo,Kano,0,1,8.453912,12.073334
Kano,kano,Layin Masallacin Jumu'a,,settlement,grid3,Kabuga,Gwale,Kano,0,1,8.478434,11.986413
Kano,kano,Layin Masallacin Lawan,,settlement,grid3,Bakin Ruwa,Dala,Kano,0,1,8.507969,12.002369
Kano,kano,Layin Masallacin Malam Hamisu,,settlement,grid3,Darmanawa,Tarauni,Kano,0,1,8.544058,11.950855
Kano,kano,Layin Masallacin Mallam Babba,,settlement,grid3,Daurawa,Tarauni,Kano,0,1,8.558583,11.963386
Kano,kano,Layin Masallacin Mallan Lawan,,settlement,grid3,Mandawari,Gwale,Kano,0,1,8.511477,11.993952
Kano,kano,Layin Masallacin Murtala,,settlement,grid3,Garun Gawa,Kumbotso,Kano,0,1,8.533457,11.962373
Kano,kano,Layin Masallacin Waliy,,settlement,grid3,Sani Mai Nagge,Gwale,Kano,0,1,8.503842,11.988171
Kano,kano,Layin Masallacin Yusuf Ali,,settlement,grid3,Garun Gawa,Kumbotso,Kano,0,1,8.531615,11.962131
Kano,kano,Layin Massalacin Jumaa,,settlement,grid3,Yammata,Fagge,Kano,0,1,8.469336,12.06407
Kano,kano,Layin Massalacin Malam Hamza,,settlement,grid3,Mandawari,Gwale,Kano,0,1,8.51271,11.992361
Kano,kano,Layin Masu Gurasa Northern Dala,,settlement,grid3,Dala,Dala,Kano,0,1,8.50803,12.005933
Kano,kano,Layin Masu Gurasa Southern Dala,,settlement,grid3,Dala,Dala,Kano,0,1,8.508332,12.004266
Kano,kano,Layin Masu Gyaran Keken Dinki,,settlement,grid3,Fagge B,Fagge,Kano,0,1,8.52913,12.005458
Kano,kano,Layin Masu Kifi,,settlement,grid3,Hotoro South,Nassarawa,Kano,0,1,8.576885,11.973947
Kano,kano,Layin Matasa,,settlement,grid3,Kabuga,Gwale,Kano,0,1,8.471905,12.01618
Kano,kano,Layin Mati Dan Smoga,,settlement,grid3,Kwachiri,Fagge,Kano,0,1,8.486512,12.050344
Kano,kano,Layin Matoya,,settlement,grid3,Gyaranya,Gwale,Kano,0,1,8.508377,11.998605
Kano,kano,Layin Mazaunar Tanko,,settlement,grid3,Sani Mai Nagge,Gwale,Kano,0,1,8.500151,11.988099
Kano,kano,Layin Milo,,settlement,grid3,Fagge D1,Fagge,Kano,0,1,8.527412,12.010083
Kano,kano,Layin Model,,settlement,grid3,Sharada,Kano Municipal,Kano,0,1,8.501829,11.978246
Kano,kano,Layin Mohamed Umar,,settlement,grid3,Kabuga,Gwale,Kano,0,1,8.491208,12.015284
Kano,kano,Layin Mohammad Mai Tebur,,settlement,grid3,Kofar Ruwa,Dala,Kano,0,1,8.494804,12.016833
Kano,kano,Layin Mohammed Bako,,settlement,grid3,Gwagwarwa,Nassarawa,Kano,0,1,8.544585,12.027664
Kano,kano,Layin Mohammed Bas Akwace,,settlement,grid3,Yammata,Fagge,Kano,0,1,8.473754,12.061547
Kano,kano,Layin Mohammed Dan Kauye,,settlement,grid3,Sani Mai Nagge,Gwale,Kano,0,1,8.502218,11.987936
Kano,kano,Layin Mohammed Sani Fagge,,settlement,grid3,Kwachiri,Fagge,Kano,0,1,8.489606,12.046884
Kano,kano,Layin Mosallaci Jumaa,,settlement,grid3,Gobirawa,Dala,Kano,0,1,8.485081,12.036999
Kano,kano,Layin Motar Soja,,settlement,grid3,Kabuga,Gwale,Kano,0,1,8.490944,12.01502
Kano,kano,Layin Mtn Service,,settlement,grid3,Yammata,Fagge,Kano,0,1,8.480594,12.060114
Kano,kano,Layin Muaazam,,settlement,grid3,Daurawa,Tarauni,Kano,0,1,8.555155,11.970518
Kano,kano,Layin Mudi Salga,,settlement,grid3,Yalwa,Dala,Kano,0,1,8.498565,12.004944
Kano,kano,Layin Muhalli,,settlement,grid3,Rijiyar Zaki,Ungogo,Kano,0,1,8.455446,11.977746
Kano,kano,Layin Muhammad Yahaya,,settlement,grid3,Gwale,Gwale,Kano,0,1,8.507845,11.986916
Kano,kano,Layin Muhd CID,,settlement,grid3,Hotoro South,Nassarawa,Kano,0,1,8.589435,11.97045
Kano,kano,Layin Muhd Cherere,,settlement,grid3,Sharada,Kano Municipal,Kano,0,1,8.50369,11.971791
Kano,kano,Layin Muktar Daura,,settlement,grid3,Sani Mai Nagge,Gwale,Kano,0,1,8.49469,11.98335
Kano,kano,Layin Munkalia Mai Shayi,,settlement,grid3,Giginyu,Nassarawa,Kano,0,1,8.579579,11.998505
Kano,kano,Layin Muntari Atamma,,settlement,grid3,Fagge B,Fagge,Kano,0,1,8.529236,12.007734
Kano,kano,Layin Muntari Bakabeli,,settlement,grid3,Kofar Ruwa,Dala,Kano,0,1,8.487192,12.024687
Kano,kano,Layin Muntari Zimit,,settlement,grid3,Diso,Gwale,Kano,0,1,8.512946,11.986758
Kano,kano,Layin Musa,,settlement,grid3,Rijiyar Lemo,Fagge,Kano,0,1,8.4811,12.055063
Kano,kano,Layin Musa,,settlement,grid3,Unguwar Rimi,Kumbotso,Kano,0,1,8.569929,11.911883
Kano,kano,Layin Musa Babule,,settlement,grid3,Mandawari,Gwale,Kano,0,1,8.510006,11.99746
Kano,kano,Layin Musa D O,,settlement,grid3,Adakawa,Dala,Kano,0,1,8.512904,12.009934
Kano,kano,Layin Musa Dan Kalle,,settlement,grid3,Dogon Nama,Dala,Kano,0,1,8.499851,11.99817
Kano,kano,Layin Musa Gammo,,settlement,grid3,Sani Mai Nagge,Gwale,Kano,0,1,8.502983,11.988168
Kano,kano,Layin Musa Ilyasu,,settlement,grid3,Dan Maliki,Kumbotso,Kano,0,1,8.525832,11.949261
Kano,kano,Layin Musa Kilba,,settlement,grid3,Tudun Wada,Nassarawa,Kano,0,1,8.55531,12.025573
Kano,kano,Layin Musa Mai Aski,,settlement,grid3,Madigawa,Dala,Kano,0,1,8.504475,12.005657
Kano,kano,Layin Musa Mai Cassete,,settlement,grid3,Gobirawa,Dala,Kano,0,1,8.473415,12.050289
Kano,kano,Layin Musa Mai Gini,,settlement,grid3,Yammata,Fagge,Kano,0,1,8.472346,12.06085
Kano,kano,Layin Musa Mai Jamaa,,settlement,grid3,Kofar Ruwa,Dala,Kano,0,1,8.488795,12.025204
Kano,kano,Layin Musa Mai Wanki,,settlement,grid3,Kwachiri,Fagge,Kano,0,1,8.493531,12.045446
Kano,kano,Layin Musa Moba,,settlement,grid3,Kabuga,Gwale,Kano,0,1,8.490795,12.014369
Kano,kano,Layin Musa Roja,,settlement,grid3,Tudun Wada,Nassarawa,Kano,0,1,8.55649,12.02116
Kano,kano,Layin Musa Sani,,settlement,grid3,Goron Dutse,Gwale,Kano,0,1,8.490626,12.009618
Kano,kano,Layin Musa Uac,,settlement,grid3,Gwammaja,Dala,Kano,0,1,8.50819,12.015797
Kano,kano,Layin Musa Walda,,settlement,grid3,Tudun Murtala,Nassarawa,Kano,0,1,8.568042,12.033059
Kano,kano,Layin Musa Yalla Yalla,,settlement,grid3,Yalwa,Dala,Kano,0,1,8.501448,12.008099
Kano,kano,Layin Musa Yaro,,settlement,grid3,Kwachiri,Fagge,Kano,0,1,8.501528,12.067922
Kano,kano,Layin Musatapha Naira,,settlement,grid3,Hotoro,Tarauni,Kano,0,1,8.580812,11.963038
Kano,kano,Layin Mustapha Fashion,,settlement,grid3,Hotoro South,Nassarawa,Kano,0,1,8.58743,11.97256
Kano,kano,Layin Mustapha Mai Kantin,,settlement,grid3,Kwachiri,Fagge,Kano,0,1,8.487561,12.048317
Kano,kano,Layin Na Allah,,settlement,grid3,Dandago,Gwale,Kano,0,1,8.50845,11.995526
Kano,kano,Layin Na Goma,,settlement,grid3,Kantudu,Dala,Kano,0,1,8.509998,12.010485
Kano,kano,Layin Na Kwango Islamiyya,,settlement,grid3,Kofar Ruwa,Dala,Kano,0,1,8.484035,12.023318
Kano,kano,Layin Na Kwata,,settlement,grid3,Mandawari,Gwale,Kano,0,1,8.51141,11.991909
Kano,kano,Layin Na Maka Mai Nama,,settlement,grid3,Kofar Ruwa,Dala,Kano,0,1,8.484914,12.025633
Kano,kano,Layin Nabola,,settlement,grid3,Dandago,Gwale,Kano,0,1,8.508619,11.994024
Kano,kano,Layin Nadaka,,settlement,grid3,Gyaranya,Gwale,Kano,0,1,8.509644,11.995058
Kano,kano,Layin Nagurasu,,settlement,grid3,Kwachiri,Fagge,Kano,0,1,8.489227,12.04704
Kano,kano,Layin Naira da Kabo,,settlement,grid3,Sani Mai Nagge,Gwale,Kano,0,1,8.498971,11.985318
Kano,kano,Layin Naira da Kwabo,,settlement,grid3,Kaura Goje,Nassarawa,Kano,0,1,8.555848,12.039163
Kano,kano,Layin Naiya Road,,settlement,grid3,Gwagwarwa,Nassarawa,Kano,0,1,8.541889,12.029584
Kano,kano,Layin Nalale Bature,,settlement,grid3,Gyaranya,Gwale,Kano,0,1,8.510907,11.99673
Kano,kano,Layin Namadi,,settlement,grid3,Ungogo,Ungogo,Kano,0,1,8.485139,12.119861
Kano,kano,Layin Namaka,,settlement,grid3,Dorayi,Gwale,Kano,0,1,8.501849,11.965743
Kano,kano,Layin Namakarfi,,settlement,grid3,Mandawari,Gwale,Kano,0,1,8.510626,11.993662
Kano,kano,Layin Naniya,,settlement,grid3,Gwale,Gwale,Kano,0,1,8.511761,11.983466
Kano,kano,Layin Nashe,,settlement,grid3,Dorayi,Gwale,Kano,0,1,8.501619,11.96287
Kano,kano,Layin Nasiru Ahli,,settlement,grid3,Rijiyar Zaki,Ungogo,Kano,0,1,8.460138,11.982371
Kano,kano,Layin Nasiru Kansila,,settlement,grid3,Panshekara,Kumbotso,Kano,0,1,8.463975,11.906956
Kano,kano,Layin Nepa,,settlement,grid3,Garun Gawa,Kumbotso,Kano,0,1,8.473706,11.925112
Kano,kano,Layin Nepa,,settlement,grid3,Kawaji,Nassarawa,Kano,0,1,8.592601,12.015411
Kano,kano,Layin Nupawa,,settlement,grid3,Kwachiri,Fagge,Kano,0,1,8.485313,12.051925
Kano,kano,Layin Nura Dan Guntu,,settlement,grid3,Giginyu,Nassarawa,Kano,0,1,8.578416,11.998857
Kano,kano,Layin Nura Kinaki,,settlement,grid3,Gwale,Gwale,Kano,0,1,8.513932,11.984018
Kano,kano,Layin Nura Magajin Gari,,settlement,grid3,Gwagwarwa,Nassarawa,Kano,0,1,8.54382,12.026761
Kano,kano,Layin Nura Mai Doki,,settlement,grid3,Chiranchi,Kumbotso,Kano,0,1,8.478923,11.94722
Kano,kano,Layin Nura Mai Ice,,settlement,grid3,Gwammaja,Dala,Kano,0,1,8.507107,12.018496
Kano,kano,Layin Nura Mai Mai,,settlement,grid3,Gyaranya,Gwale,Kano,0,1,8.511419,11.996931
Kano,kano,Layin Odin,,settlement,grid3,Kabuga,Gwale,Kano,0,1,8.476348,12.01354
Kano,kano,Layin Oga Ali,,settlement,grid3,Dorayi,Gwale,Kano,0,1,8.481301,11.965047
Kano,kano,Layin Oga Bai Mai Rini,,settlement,grid3,Rijiyar Lemo,Fagge,Kano,0,1,8.485093,12.04395
Kano,kano,Layin Oga Barau,,settlement,grid3,Kabuga,Gwale,Kano,0,1,8.476473,12.01321
Kano,kano,Layin Ojo,,settlement,grid3,Gobirawa,Dala,Kano,0,1,8.468088,12.058905
Kano,kano,Layin Outpost 1,,settlement,grid3,Kwachiri,Fagge,Kano,0,1,8.490461,12.042088
Kano,kano,Layin Outpost 2,,settlement,grid3,Kwachiri,Fagge,Kano,0,1,8.489913,12.041441
Kano,kano,Layin Pampo,,settlement,grid3,Gwagwarwa,Nassarawa,Kano,0,1,8.543105,12.028148
Kano,kano,Layin Pepsi,,settlement,grid3,Dorayi,Gwale,Kano,0,1,8.472417,11.95816
Kano,kano,Layin Police Station,,settlement,grid3,Kabuga,Gwale,Kano,0,1,8.496845,12.012567
Kano,kano,Layin Police Station,,settlement,grid3,Mandawari,Gwale,Kano,0,1,8.512601,11.99315
Kano,kano,Layin Police Station,,settlement,grid3,Rijiyar Zaki,Ungogo,Kano,0,1,8.454348,11.978322
Kano,kano,Layin Police Station,,settlement,grid3,Gobirawa,Dala,Kano,0,1,8.467896,12.059812
Kano,kano,Layin Police Station,,settlement,grid3,Kwachiri,Fagge,Kano,0,1,8.488944,12.041314
Kano,kano,Layin Police Station,,settlement,grid3,Kofar Ruwa,Dala,Kano,0,1,8.487016,12.025943
Kano,kano,Layin Premier Clinic,,settlement,grid3,Babban Giji,Tarauni,Kano,0,1,8.538504,11.974324
Kano,kano,Layin Primary,,settlement,grid3,Tudun Murtala,Nassarawa,Kano,0,1,8.569995,12.032127
Kano,kano,Layin Primary,,settlement,grid3,Danbare,Kumbotso,Kano,0,1,8.454529,11.93689
Kano,kano,Layin Primary,,settlement,grid3,Dogon Nama,Dala,Kano,0,1,8.498293,12.000387
Kano,kano,Layin Primary School,,settlement,grid3,Kwachiri,Fagge,Kano,0,1,8.499387,12.070007
Kano,kano,Layin Queen Amina,,settlement,grid3,Kabuwaya,Dala,Kano,0,1,8.505555,12.012447
Kano,kano,Layin Queen Amina,,settlement,grid3,Kofar Ruwa,Dala,Kano,0,1,8.495509,12.019607
Kano,kano,Layin Quine Ann,,settlement,grid3,Rijiyar Lemo,Fagge,Kano,0,1,8.479886,12.053818
Kano,kano,Layin Rabi Mai Jangashi,,settlement,grid3,Gama,Nassarawa,Kano,0,1,8.550034,12.035848
Kano,kano,Layin Rabi Mai Kosai,,settlement,grid3,Kabuga,Gwale,Kano,0,1,8.495594,12.010768
Kano,kano,Layin Rabi Unguwar Liman,,settlement,grid3,Chiranchi,Kumbotso,Kano,0,1,8.474121,11.951477
Kano,kano,Layin Rabi'u Dayi,,settlement,grid3,Kwachiri,Fagge,Kano,0,1,8.487511,12.045268
Kano,kano,Layin Rabi'u Mai Awo,,settlement,grid3,Kabuga,Gwale,Kano,0,1,8.491309,12.01574
Kano,kano,Layin Rabinmato,,settlement,grid3,Gwagwarwa,Nassarawa,Kano,0,1,8.544113,12.030073
Kano,kano,Layin Rabiu Dan Baffa,,settlement,grid3,Galadanchi,Gwale,Kano,0,1,8.512516,11.990535
Kano,kano,Layin Rabiu Roni,,settlement,grid3,Goron Dutse,Gwale,Kano,0,1,8.489607,12.004294
Kano,kano,Layin Rabo Coach,,settlement,grid3,Dorayi,Gwale,Kano,0,1,8.50092,11.963519
Kano,kano,Layin Rahama Bread,,settlement,grid3,Kofar Ruwa,Dala,Kano,0,1,8.48831,12.025881
Kano,kano,Layin Rakad,,settlement,grid3,Hotoro South,Nassarawa,Kano,0,1,8.587988,11.972814
Kano,kano,Layin Ramin Ranji,,settlement,grid3,Tudun Murtala,Nassarawa,Kano,0,1,8.570149,12.025464
Kano,kano,Layin Ranji Bayan Bola,,settlement,grid3,Tudun Murtala,Nassarawa,Kano,0,1,8.56622,12.02607
Kano,kano,Layin Rasha,,settlement,grid3,Fagge B,Fagge,Kano,0,1,8.529297,12.005676
Kano,kano,Layin Rijia,,settlement,grid3,Panshekara,Kumbotso,Kano,0,1,8.463757,11.914881
Kano,kano,Layin Rijiya,,settlement,grid3,Kwachiri,Fagge,Kano,0,1,8.488818,12.047261
Kano,kano,Layin Rijiyar Abba Tashi,,settlement,grid3,Kofar Ruwa,Dala,Kano,0,1,8.485743,12.018914
Kano,kano,Layin Rijiyar Hangama,,settlement,grid3,Hotoro North,Nassarawa,Kano,0,1,8.588624,11.9794
Kano,kano,Layin Rijiyar Wanki,,settlement,grid3,Bakin Ruwa,Dala,Kano,0,1,8.502499,11.997298
Kano,kano,Layin Rimi Holding,,settlement,grid3,Rijiyar Lemo,Fagge,Kano,0,1,8.48234,12.04555
Kano,kano,Layin Rimi Mutuwa,,settlement,grid3,Gama,Nassarawa,Kano,0,1,8.551005,12.034098
Kano,kano,Layin Rimin A'i,,settlement,grid3,Kaura Goje,Nassarawa,Kano,0,1,8.550437,12.042252
Kano,kano,Layin Rimin Abba,,settlement,grid3,Dogon Nama,Dala,Kano,0,1,8.504163,12.004437
Kano,kano,Layin Rimin Geza,,settlement,grid3,Dorayi,Gwale,Kano,0,1,8.487996,11.959673
Kano,kano,Layin Rini,,settlement,grid3,Dandago,Gwale,Kano,0,1,8.50419,11.992837
Kano,kano,Layin Roki,,settlement,grid3,Kwachiri,Fagge,Kano,0,1,8.488211,12.04712
Kano,kano,Layin Rumfar Dillalai,,settlement,grid3,Dorayi,Gwale,Kano,0,1,8.486383,11.953989
Kano,kano,Layin Ruwan Dorawa,,settlement,grid3,Sani Mai Nagge,Gwale,Kano,0,1,8.499189,11.988713
Kano,kano,Layin S P,,settlement,grid3,Galadanchi,Gwale,Kano,0,1,8.510945,11.988488
Kano,kano,Layin Saadatu Islamiyya,,settlement,grid3,Kabuga,Gwale,Kano,0,1,8.490532,12.011345
Kano,kano,Layin Saade Mai Kaji,,settlement,grid3,Fagge B,Fagge,Kano,0,1,8.530194,12.006759
Kano,kano,Layin Saadu Tigana,,settlement,grid3,Dan Maliki,Kumbotso,Kano,0,1,8.529577,11.952927
Kano,kano,Layin Sabiu Bako,,settlement,grid3,Sani Mai Nagge,Gwale,Kano,0,1,8.495966,11.988335
Kano,kano,Layin Sabiu Mai Shayi,,settlement,grid3,Kabuga,Gwale,Kano,0,1,8.490537,12.013659
Kano,kano,Layin Sabo Bakin Zuwo,,settlement,grid3,Hotoro South,Nassarawa,Kano,0,1,8.574055,11.975395
Kano,kano,Layin Sabo Captain,,settlement,grid3,Dan Maliki,Kumbotso,Kano,0,1,8.534267,11.955255
Kano,kano,Layin Sabulu,,settlement,grid3,Gwagwarwa,Nassarawa,Kano,0,1,8.544769,12.030611
Kano,kano,Layin Sabulu,,settlement,grid3,Kofar Ruwa,Dala,Kano,0,1,8.490847,12.021658
Kano,kano,Layin Sabuwa Mai Markade,,settlement,grid3,Dogon Nama,Dala,Kano,0,1,8.499108,12.00117
Kano,kano,Layin Sabuwar Laure,,settlement,grid3,Fagge C,Fagge,Kano,0,1,8.528746,12.009986
Kano,kano,Layin Sadaraki,,settlement,grid3,Gwammaja,Dala,Kano,0,1,8.505214,12.02373
Kano,kano,Layin Sadauki,,settlement,grid3,Gwale,Gwale,Kano,0,1,8.511291,11.983561
Kano,kano,Layin Sadi Gabari,,settlement,grid3,Yalwa,Dala,Kano,0,1,8.498942,12.009231
Kano,kano,Layin Safa Marwa,,settlement,grid3,Kofar Ruwa,Dala,Kano,0,1,8.497936,12.019733
Kano,kano,Layin Sai Kayi,,settlement,grid3,Dogon Nama,Dala,Kano,0,1,8.502621,12.001504
Kano,kano,Layin Saidu Ladan,,settlement,grid3,Hotoro,Tarauni,Kano,0,1,8.571391,11.965599
Kano,kano,Layin Saidu Yan Gyada,,settlement,grid3,Ungogo,Ungogo,Kano,0,1,8.480644,12.108485
Kano,kano,Layin Saka,,settlement,grid3,Chiranchi,Kumbotso,Kano,0,1,8.4684,11.9202
Kano,kano,Layin Sakwaya,,settlement,grid3,Rijiyar Lemo,Fagge,Kano,0,1,8.481196,12.050649
Kano,kano,Layin Salanta Primary A,,settlement,grid3,Sharada,Kano Municipal,Kano,0,1,8.506638,11.968402
Kano,kano,Layin Salanta Primary B,,settlement,grid3,Sharada,Kano Municipal,Kano,0,1,8.507692,11.968587
Kano,kano,Layin Salau Nepa,,settlement,grid3,Dan Maliki,Kumbotso,Kano,0,1,8.527042,11.949032
Kano,kano,Layin Sale Mai Fata,,settlement,grid3,Gobirawa,Dala,Kano,0,1,8.472562,12.051275
Kano,kano,Layin Sale Mai Tsakiya,,settlement,grid3,Dogon Nama,Dala,Kano,0,1,8.50208,12.001743
Kano,kano,Layin Sale Marmara,,settlement,grid3,Gobirawa,Dala,Kano,0,1,8.468851,12.055343
Kano,kano,Layin Salisu Director,,settlement,grid3,Sani Mai Nagge,Gwale,Kano,0,1,8.490286,11.985539
Kano,kano,Layin Salisu Mai Sukari,,settlement,grid3,Sani Mai Nagge,Gwale,Kano,0,1,8.491929,11.984584
Kano,kano,Layin Sallau Musa,,settlement,grid3,Sani Mai Nagge,Gwale,Kano,0,1,8.499007,11.991708
Kano,kano,Layin Sama Yaji,,settlement,grid3,Kabuga,Gwale,Kano,0,1,8.479294,11.987974
Kano,kano,Layin Samaila Mai Guza,,settlement,grid3,Fagge D2,Fagge,Kano,0,1,8.525343,12.011057
Kano,kano,Layin Samaila Mai Omo 1,,settlement,grid3,Fagge D1,Fagge,Kano,0,1,8.528876,12.009102
Kano,kano,Layin Samaila Mai Omo 2,,settlement,grid3,Fagge D1,Fagge,Kano,0,1,8.527777,12.00858
Kano,kano,Layin Samanja,,settlement,grid3,Galadanchi,Gwale,Kano,0,1,8.508998,11.987567
Kano,kano,Layin Samba Bread,,settlement,grid3,Kofar Ruwa,Dala,Kano,0,1,8.495693,12.016745
Kano,kano,Layin Sambajo,,settlement,grid3,Sani Mai Nagge,Gwale,Kano,0,1,8.500959,11.989952
Kano,kano,Layin Saminu,,settlement,grid3,Yammata,Fagge,Kano,0,1,8.474419,12.064164
Kano,kano,Layin Sanda Mai Barewa,,settlement,grid3,Fagge C,Fagge,Kano,0,1,8.528716,12.0106
Kano,kano,Layin Sani Alaramma,,settlement,grid3,Yammata,Fagge,Kano,0,1,8.472957,12.059236
Kano,kano,Layin Sani Ali,,settlement,grid3,Gama,Nassarawa,Kano,0,1,8.548963,12.028669
Kano,kano,Layin Sani Arushe,,settlement,grid3,Yammata,Fagge,Kano,0,1,8.472335,12.062529
Kano,kano,Layin Sani Banyo,,settlement,grid3,Kabuwaya,Dala,Kano,0,1,8.50929,12.013437
Kano,kano,Layin Sani Bello Street,,settlement,grid3,Gama,Nassarawa,Kano,0,1,8.550592,12.033152
Kano,kano,Layin Sani Chanji,,settlement,grid3,Diso,Gwale,Kano,0,1,8.510697,11.987551
Kano,kano,Layin Sani Chiranci,,settlement,grid3,Diso,Gwale,Kano,0,1,8.514528,11.988701
Kano,kano,Layin Sani Dan Abba,,settlement,grid3,Galadanchi,Gwale,Kano,0,1,8.514571,11.990807
Kano,kano,Layin Sani Dan Gwaggwo,,settlement,grid3,Hotoro South,Nassarawa,Kano,0,1,8.585628,11.969957
Kano,kano,Layin Sani Dan Sanda,,settlement,grid3,Gobirawa,Dala,Kano,0,1,8.468451,12.05982
Kano,kano,Layin Sani Daura,,settlement,grid3,Dandago,Gwale,Kano,0,1,8.509949,11.994256
Kano,kano,Layin Sani District Officer,,settlement,grid3,Galadanchi,Gwale,Kano,0,1,8.513045,11.987838
Kano,kano,Layin Sani Hamza,,settlement,grid3,Kofar Ruwa,Dala,Kano,0,1,8.486412,12.018522
Kano,kano,Layin Sani Hashim,,settlement,grid3,Hotoro South,Nassarawa,Kano,0,1,8.579767,11.971094
Kano,kano,Layin Sani Ismail,,settlement,grid3,Chiranchi,Kumbotso,Kano,0,1,8.477206,11.95533
Kano,kano,Layin Sani Kabara,,settlement,grid3,Garun Gawa,Kumbotso,Kano,0,1,8.525355,11.963166
Kano,kano,Layin Sani Lawan,,settlement,grid3,Daurawa,Tarauni,Kano,0,1,8.558538,11.971788
Kano,kano,Layin Sani Maaji,,settlement,grid3,Kofar Ruwa,Dala,Kano,0,1,8.488604,12.020909
Kano,kano,Layin Sani Mai Alura Unguwar Sarauniya,,settlement,grid3,Dakata,Nassarawa,Kano,0,1,8.578435,12.022829
Kano,kano,Layin Sani Mai Kanti,,settlement,grid3,Madigawa,Dala,Kano,0,1,8.504161,12.005627
Kano,kano,Layin Sani Mai Kare Unguwar Sarauniya,,settlement,grid3,Dakata,Nassarawa,Kano,0,1,8.578754,12.022366
Kano,kano,Layin Sani Mai Kemis,,settlement,grid3,Tudun Wada,Nassarawa,Kano,0,1,8.557198,12.02663
Kano,kano,Layin Sani Mai Labarai,,settlement,grid3,Gyaranya,Gwale,Kano,0,1,8.509388,11.995545
Kano,kano,Layin Sani Mainagge,,settlement,grid3,Gwale,Gwale,Kano,0,1,8.506267,11.988033
Kano,kano,Layin Sani Maska,,settlement,grid3,Yammata,Fagge,Kano,0,1,8.477897,12.064563
Kano,kano,Layin Sani Na Abba,,settlement,grid3,Dorayi,Gwale,Kano,0,1,8.493579,11.958251
Kano,kano,Layin Sani Rogo,,settlement,grid3,Garun Gawa,Kumbotso,Kano,0,1,8.530426,11.964871
Kano,kano,Layin Sani Salisu,,settlement,grid3,Goron Dutse,Gwale,Kano,0,1,8.489908,12.005365
Kano,kano,Layin Sani Sarkin Aiki,,settlement,grid3,Mandawari,Gwale,Kano,0,1,8.510783,11.995112
Kano,kano,Layin Sani Tanko,,settlement,grid3,Yammata,Fagge,Kano,0,1,8.47724,12.064213
Kano,kano,Layin Sani Wullahi,,settlement,grid3,Yalwa,Dala,Kano,0,1,8.497748,12.004609
Kano,kano,Layin Sanio Maska,,settlement,grid3,Yammata,Fagge,Kano,0,1,8.474522,12.058107
Kano,kano,Layin Sanusi Germny,,settlement,grid3,Gobirawa,Dala,Kano,0,1,8.470279,12.047699
Kano,kano,Layin Sanusi Mtn,,settlement,grid3,Dogon Nama,Dala,Kano,0,1,8.497292,11.998639
Kano,kano,Layin Saquare Layin Ummul Khair,,settlement,grid3,Rijiyar Lemo,Fagge,Kano,0,1,8.480507,12.05443
Kano,kano,Layin Sarari Northern Dala,,settlement,grid3,Dala,Dala,Kano,0,1,8.506175,12.007733
Kano,kano,Layin Sarari Southern Dala,,settlement,grid3,Dala,Dala,Kano,0,1,8.5068,12.005239
Kano,kano,Layin Sardauna,,settlement,grid3,Diso,Gwale,Kano,0,1,8.511849,11.985758
Kano,kano,Layin Sariq Pure Water,,settlement,grid3,Rijiyar Lemo,Fagge,Kano,0,1,8.477832,12.05167
Kano,kano,Layin Sarki,,settlement,grid3,Naibawa,Kumbotso,Kano,0,1,8.562091,11.936876
Kano,kano,Layin Sarki Abbas,,settlement,grid3,Sani Mai Nagge,Gwale,Kano,0,1,8.501657,11.98728
Kano,kano,Layin Sarki Danladi,,settlement,grid3,Rijiyar Lemo,Fagge,Kano,0,1,8.477501,12.05323
Kano,kano,Layin Sarki Fawa,,settlement,grid3,Bachirawa,Ungogo,Kano,0,1,8.466553,12.067921
Kano,kano,Layin Sarki Gajere,,settlement,grid3,Diso,Gwale,Kano,0,1,8.512698,11.98611
Kano,kano,Layin Sarki Mai Tsire,,settlement,grid3,Rijiyar Lemo,Fagge,Kano,0,1,8.477974,12.05319
Kano,kano,Layin Sarki Trader,,settlement,grid3,Fagge B,Fagge,Kano,0,1,8.529724,12.005449
Kano,kano,Layin Sarkin Dawaki,,settlement,grid3,Galadanchi,Gwale,Kano,0,1,8.510945,11.990339
Kano,kano,Layin Sarkin Fawa,,settlement,grid3,Garun Gawa,Kumbotso,Kano,0,1,8.529422,11.963091
Kano,kano,Layin Sarkin Fulani,,settlement,grid3,Unguwar Rimi,Kumbotso,Kano,0,1,8.556519,11.907715
Kano,kano,Layin Sarkin Gaya,,settlement,grid3,Gwale,Gwale,Kano,0,1,8.51453,11.983777
Kano,kano,Layin Sarkin Karofi,,settlement,grid3,Mandawari,Gwale,Kano,0,1,8.510224,11.996796
Kano,kano,Layin Sarkin Kofa,,settlement,grid3,Sani Mai Nagge,Gwale,Kano,0,1,8.495105,11.980311
Kano,kano,Layin Sarkin Kofa,,settlement,grid3,Gwale,Gwale,Kano,0,1,8.511899,11.983242
Kano,kano,Layin Sarkin Makera,,settlement,grid3,Dala,Dala,Kano,0,1,8.509294,12.005073
Kano,kano,Layin Sarkin Makera,,settlement,grid3,Diso,Gwale,Kano,0,1,8.514706,11.987477
Kano,kano,Layin Sarkin Malamai,,settlement,grid3,Garun Gawa,Kumbotso,Kano,0,1,8.533396,11.959473
Kano,kano,Layin Sarkin Pawa,,settlement,grid3,Ungogo,Ungogo,Kano,0,1,8.447495,12.087686
Kano,kano,Layin Sarkin Tsakuwa B,,settlement,grid3,Galadanchi,Gwale,Kano,0,1,8.512141,11.989079
Kano,kano,Layin Saude Mai Abinci,,settlement,grid3,Fagge C,Fagge,Kano,0,1,8.529912,12.009728
Kano,kano,Layin Secondary School,,settlement,grid3,Fagge D2,Fagge,Kano,0,1,8.523614,12.026091
Kano,kano,Layin Service,,settlement,grid3,Kaura Goje,Nassarawa,Kano,0,1,8.545725,12.041686
Kano,kano,Layin Service,,settlement,grid3,Hotoro,Tarauni,Kano,0,1,8.581736,11.954377
Kano,kano,Layin Shago Tara,,settlement,grid3,Sabon Gari East,Fagge,Kano,0,1,8.542971,12.064228
Kano,kano,Layin Shagon Jafaru,,settlement,grid3,Kabuga,Gwale,Kano,0,1,8.478091,12.012969
Kano,kano,Layin Shaibu Jume,,settlement,grid3,Ungogo,Ungogo,Kano,0,1,8.481043,12.096173
Kano,kano,Layin Shanshan Bale,,settlement,grid3,Fagge D1,Fagge,Kano,0,1,8.526896,12.009816
Kano,kano,Layin Shanu,,settlement,grid3,Sabon Gari East,Fagge,Kano,0,1,8.543551,12.06009
Kano,kano,Layin Shanyar Kamfala,,settlement,grid3,Kwachiri,Fagge,Kano,0,1,8.49234,12.049716
Kano,kano,Layin Sharu,,settlement,grid3,Kwachiri,Fagge,Kano,0,1,8.510157,12.060945
Kano,kano,Layin Sharu,,settlement,grid3,Diso,Gwale,Kano,0,1,8.510843,11.987097
Kano,kano,Layin Sharu Abubakar,,settlement,grid3,Kofar Ruwa,Dala,Kano,0,1,8.482298,12.023077
Kano,kano,Layin Sharu Ahalan,,settlement,grid3,Yammata,Fagge,Kano,0,1,8.480347,12.057814
Kano,kano,Layin Sharu Bala,,settlement,grid3,Bakin Ruwa,Dala,Kano,0,1,8.501476,11.994595
Kano,kano,Layin Sharu Dan Shila,,settlement,grid3,Shahuchi,Kano Municipal,Kano,0,1,8.518073,12.003796
Kano,kano,Layin Sharu Dan Wali,,settlement,grid3,Galadanchi,Gwale,Kano,0,1,8.510005,11.990326
Kano,kano,Layin Sharu Hudu Kiru,,settlement,grid3,Kwachiri,Fagge,Kano,0,1,8.487587,12.044117
Kano,kano,Layin Sharu Iba Mai Cement,,settlement,grid3,Gobirawa,Dala,Kano,0,1,8.488837,12.037223
Kano,kano,Layin Sharu Isyaka,,settlement,grid3,Mandawari,Gwale,Kano,0,1,8.511107,11.995502
Kano,kano,Layin Sharu Sulaiman,,settlement,grid3,Adakawa,Dala,Kano,0,1,8.511641,12.011601
Kano,kano,Layin Sharu Tashar Daji,,settlement,grid3,Gwammaja,Dala,Kano,0,1,8.510484,12.015448
Kano,kano,Layin Sharu Uba,,settlement,grid3,Hotoro,Tarauni,Kano,0,1,8.593513,11.960385
Kano,kano,Layin Sharu Yusuf,,settlement,grid3,Kabuga,Gwale,Kano,0,1,8.489194,11.984587
Kano,kano,Layin Shata,,settlement,grid3,Gobirawa,Dala,Kano,0,1,8.489232,12.036165
Kano,kano,Layin Shatima,,settlement,grid3,Rijiyar Lemo,Fagge,Kano,0,1,8.485768,12.045495
Kano,kano,Layin Shazali,,settlement,grid3,Yammata,Fagge,Kano,0,1,8.478988,12.059161
Kano,kano,Layin Shehi,,settlement,grid3,Fagge D2,Fagge,Kano,0,1,8.524658,12.013602
Kano,kano,Layin Shehu Azare,,settlement,grid3,Sharada,Kano Municipal,Kano,0,1,8.50401,11.971199
Kano,kano,Layin Shehu Baranda,,settlement,grid3,Dan Maliki,Kumbotso,Kano,0,1,8.5279,11.947133
Kano,kano,Layin Shehu Dan Sokoto,,settlement,grid3,Yammata,Fagge,Kano,0,1,8.480645,12.058448
Kano,kano,Layin Shehu Kato,,settlement,grid3,Fagge D1,Fagge,Kano,0,1,8.527413,12.009207
Kano,kano,Layin Shehu Kwari,,settlement,grid3,Dorayi,Gwale,Kano,0,1,8.476386,11.967087
Kano,kano,Layin Shehu Mai Faci,,settlement,grid3,Kwachiri,Fagge,Kano,0,1,8.510356,12.060024
Kano,kano,Layin Shehu Mai Hula,,settlement,grid3,Diso,Gwale,Kano,0,1,8.513735,11.986598
Kano,kano,Layin Shehu Mai Nika,,settlement,grid3,Gwale,Gwale,Kano,0,1,8.514695,11.983415
Kano,kano,Layin Shehu Shehi,,settlement,grid3,Diso,Gwale,Kano,0,1,8.513657,11.986229
Kano,kano,Layin Shehu Tella,,settlement,grid3,Galadanchi,Gwale,Kano,0,1,8.514087,11.989969
Kano,kano,Layin Sheik Auwal,,settlement,grid3,Galadanchi,Gwale,Kano,0,1,8.508769,11.988973
Kano,kano,Layin Sheikh Abdallah,,settlement,grid3,Rijiyar Lemo,Fagge,Kano,0,1,8.48125,12.04828
Kano,kano,Layin Sheikh Sarhamu,,settlement,grid3,Mandawari,Gwale,Kano,0,1,8.511035,11.993698
Kano,kano,Layin Shiek Hassan,,settlement,grid3,Gawuna,Nassarawa,Kano,0,1,8.5489,12.026045
Kano,kano,Layin Shinga Layin Na Goje,,settlement,grid3,Kaura Goje,Nassarawa,Kano,0,1,8.552227,12.044833
Kano,kano,Layin Shinge Near Bus Stop,,settlement,grid3,Kofar Ruwa,Dala,Kano,0,1,8.484313,12.02565
Kano,kano,Layin Shuaibu Dillali,,settlement,grid3,Tudun Murtala,Nassarawa,Kano,0,1,8.567379,12.029299
Kano,kano,Layin Shuaibu Mai Nama,,settlement,grid3,Gobirawa,Dala,Kano,0,1,8.469063,12.056733
Kano,kano,Layin Shuaibu Mai Welda,,settlement,grid3,Kadawa,Ungogo,Kano,0,1,8.453156,12.072478
Kano,kano,Layin Shugaba Chindo,,settlement,grid3,Kofar Ruwa,Dala,Kano,0,1,8.488834,12.023128
Kano,kano,Layin Shugaba Haladu,,settlement,grid3,Fagge D1,Fagge,Kano,0,1,8.526783,12.008095
Kano,kano,Layin Shugaba Muazu,,settlement,grid3,Kwachiri,Fagge,Kano,0,1,8.498759,12.068485
Kano,kano,Layin Shugaban Yan Kato Dan Gora,,settlement,grid3,Sabon Gari East,Fagge,Kano,0,1,8.547355,12.061749
Kano,kano,Layin Sidiya,,settlement,grid3,Kofar Ruwa,Dala,Kano,0,1,8.486994,12.025268
Kano,kano,Layin Sokotawa Sani Bello Street,,settlement,grid3,Gama,Nassarawa,Kano,0,1,8.548967,12.034491
Kano,kano,Layin Star Nursery,,settlement,grid3,Sharada,Kano Municipal,Kano,0,1,8.51056,11.970594
Kano,kano,Layin Store,,settlement,grid3,Tudun Wada,Nassarawa,Kano,0,1,8.558593,12.026379
Kano,kano,Layin Store,,settlement,grid3,Hotoro South,Nassarawa,Kano,0,1,8.587801,11.966845
Kano,kano,Layin Su Alaska,,settlement,grid3,Fagge B,Fagge,Kano,0,1,8.530996,12.005543
Kano,kano,Layin Su Bomboy,,settlement,grid3,Kofar Ruwa,Dala,Kano,0,1,8.493759,12.030999
Kano,kano,Layin Sudawa,,settlement,grid3,Gyaranya,Gwale,Kano,0,1,8.509683,11.996945
Kano,kano,Layin Sulaima Kantoma,,settlement,grid3,Gobirawa,Dala,Kano,0,1,8.49206,12.029801
Kano,kano,Layin Sulaiman Gama,,settlement,grid3,Kaura Goje,Nassarawa,Kano,0,1,8.551941,12.039757
Kano,kano,Layin Sule Kanga,,settlement,grid3,Madigawa,Dala,Kano,0,1,8.505028,12.001812
Kano,kano,Layin Sule Kasko,,settlement,grid3,Rijiyar Zaki,Ungogo,Kano,0,1,8.444275,11.983521
Kano,kano,Layin Sule Kwana,,settlement,grid3,Garun Gawa,Kumbotso,Kano,0,1,8.528022,11.962506
Kano,kano,Layin Sule Mai Tifa,,settlement,grid3,Ungogo,Ungogo,Kano,0,1,8.494686,12.106882
Kano,kano,Layin Sule Musa,,settlement,grid3,Kadawa,Ungogo,Kano,0,1,8.454392,12.07872
Kano,kano,Layin Sule Yanu,,settlement,grid3,Ungogo,Ungogo,Kano,0,1,8.478168,12.110998
Kano,kano,Layin Sunusi Daba,,settlement,grid3,Gwale,Gwale,Kano,0,1,8.509465,11.987366
Kano,kano,Layin Suraja Mai Shayi,,settlement,grid3,Kaura Goje,Nassarawa,Kano,0,1,8.548646,12.044112
Kano,kano,Layin Ta Abudu,,settlement,grid3,Kantudu,Dala,Kano,0,1,8.510455,12.009858
Kano,kano,Layin Tabawa Principal,,settlement,grid3,Tudun Wada,Nassarawa,Kano,0,1,8.557631,12.025495
Kano,kano,Layin Tahir Water,,settlement,grid3,Goron Dutse,Gwale,Kano,0,1,8.491411,12.004679
Kano,kano,Layin Tajo Mai Shayi,,settlement,grid3,Zango (Ungogo),Ungogo,Kano,0,1,8.566826,12.042325
Kano,kano,Layin Tajudden Gambo,,settlement,grid3,Kadawa,Ungogo,Kano,0,1,8.454102,12.075073
Kano,kano,Layin Takanwa,,settlement,grid3,Diso,Gwale,Kano,0,1,8.512011,11.986868
Kano,kano,Layin Takaru,,settlement,grid3,Kwachiri,Fagge,Kano,0,1,8.492344,12.038844
Kano,kano,Layin Tal'udu,,settlement,grid3,Sani Mai Nagge,Gwale,Kano,0,1,8.49557,11.98763
Kano,kano,Layin Talo Talo,,settlement,grid3,Hotoro,Tarauni,Kano,0,1,8.586619,11.959663
Kano,kano,Layin Tamarafa,,settlement,grid3,Mandawari,Gwale,Kano,0,1,8.509413,11.997932
Kano,kano,Layin Tanki,,settlement,grid3,Dorayi,Gwale,Kano,0,1,8.475654,11.959641
Kano,kano,Layin Tankin Ruwa Makera,,settlement,grid3,Kadawa,Ungogo,Kano,0,1,8.453622,12.071843
Kano,kano,Layin Tanko,,settlement,grid3,Tudun Wada,Nassarawa,Kano,0,1,8.559483,12.024569
Kano,kano,Layin Tarbiyyatul Islamiyya,,settlement,grid3,Dan Maliki,Kumbotso,Kano,0,1,8.52913,11.950017
Kano,kano,Layin Tasha,,settlement,grid3,Kabuga,Gwale,Kano,0,1,8.479885,11.986617
Kano,kano,Layin Tasha Dan Dinshe,,settlement,grid3,Kofar Ruwa,Dala,Kano,0,1,8.484552,12.026197
Kano,kano,Layin Tasi'u Bako,,settlement,grid3,Sani Mai Nagge,Gwale,Kano,0,1,8.497755,11.9891
Kano,kano,Layin Tasi'u Mai Siminti,,settlement,grid3,Kabuga,Gwale,Kano,0,1,8.47836,12.014115
Kano,kano,Layin Tasiu Mai Suminti,,settlement,grid3,Kabuga,Gwale,Kano,0,1,8.495102,12.011699
Kano,kano,Layin Taushi,,settlement,grid3,Goron Dutse,Gwale,Kano,0,1,8.505949,11.996807
Kano,kano,Layin Tela,,settlement,grid3,Kwachiri,Fagge,Kano,0,1,8.492618,12.048272
Kano,kano,Layin Tijjani Badamasi,,settlement,grid3,Galadanchi,Gwale,Kano,0,1,8.512952,11.988378
Kano,kano,Layin Tintin Badaru,,settlement,grid3,Gayawa,Ungogo,Kano,0,1,8.560156,12.048572
Kano,kano,Layin Titi,,settlement,grid3,Bakin Ruwa,Dala,Kano,0,1,8.508134,12.001912
Kano,kano,Layin Titiin Kwana Hudu,,settlement,grid3,Kaura Goje,Nassarawa,Kano,0,1,8.551281,12.040506
Kano,kano,Layin Titin Dan Rimi,,settlement,grid3,Kwachiri,Fagge,Kano,0,1,8.486504,12.051762
Kano,kano,Layin Titin Dan Rimi LL,,settlement,grid3,Kwachiri,Fagge,Kano,0,1,8.482596,12.053502
Kano,kano,Layin Titin Danrimi Tsoho,,settlement,grid3,Rijiyar Lemo,Fagge,Kano,0,1,8.48137,12.053093
Kano,kano,Layin Titin Famfo,,settlement,grid3,Kabuga,Gwale,Kano,0,1,8.487721,11.986156
Kano,kano,Layin Titin Magoga Yalwa,,settlement,grid3,Madigawa,Dala,Kano,0,1,8.505704,12.002261
Kano,kano,Layin Titin Zango,,settlement,grid3,Bachirawa,Ungogo,Kano,0,1,8.468788,12.066563
Kano,kano,Layin Torrey Home,,settlement,grid3,Garun Gawa,Kumbotso,Kano,0,1,8.52831,11.961203
Kano,kano,Layin Total,,settlement,grid3,Yammata,Fagge,Kano,0,1,8.470687,12.062198
Kano,kano,Layin Transfomer,,settlement,grid3,Zango (Ungogo),Ungogo,Kano,0,1,8.574429,12.049271
Kano,kano,Layin Transfomer,,settlement,grid3,Rijiyar Lemo,Fagge,Kano,0,1,8.478718,12.054831
Kano,kano,Layin Transforma,,settlement,grid3,Gobirawa,Dala,Kano,0,1,8.492141,12.029215
Kano,kano,Layin Transformer,,settlement,grid3,Kaura Goje,Nassarawa,Kano,0,1,8.547374,12.041438
Kano,kano,Layin Transformer,,settlement,grid3,Gobirawa,Dala,Kano,0,1,8.485165,12.034368
Kano,kano,Layin Transformer,,settlement,grid3,Yammata,Fagge,Kano,0,1,8.472648,12.061938
Kano,kano,Layin Transformer,,settlement,grid3,Giginyu,Nassarawa,Kano,0,1,8.575834,12.001797
Kano,kano,Layin Transformer,,settlement,grid3,Dorayi,Gwale,Kano,0,1,8.47421,11.960967
Kano,kano,Layin Transformer,,settlement,grid3,Hotoro South,Nassarawa,Kano,0,1,8.594972,11.968914
Kano,kano,Layin Transformer,,settlement,grid3,Fanisau,Ungogo,Kano,0,1,8.515076,12.084582
Kano,kano,Layin Transformer,,settlement,grid3,Kabuga,Gwale,Kano,0,1,8.468705,11.994229
Kano,kano,Layin Transformer,,settlement,grid3,Danbare,Kumbotso,Kano,0,1,8.456582,11.943138
Kano,kano,Layin Transformer,,settlement,grid3,Kureken Sani,Kumbotso,Kano,0,1,8.590182,11.941315
Kano,kano,Layin Transformer 1,,settlement,grid3,Rijiyar Zaki,Ungogo,Kano,0,1,8.457581,11.985474
Kano,kano,Layin Transformer 2,,settlement,grid3,Rijiyar Zaki,Ungogo,Kano,0,1,8.457177,11.985164
Kano,kano,Layin Transformer Manta Jallo,,settlement,grid3,Ungogo,Ungogo,Kano,0,1,8.471413,12.095585
Kano,kano,Layin Transformer Primary School,,settlement,grid3,Kaura Goje,Nassarawa,Kano,0,1,8.548816,12.043204
Kano,kano,Layin Transformer Sabon Garin Doka,,settlement,grid3,Ungogo,Ungogo,Kano,0,1,8.448195,12.087853
Kano,kano,Layin Triump,,settlement,grid3,Fagge D2,Fagge,Kano,0,1,8.524919,12.013466
Kano,kano,Layin Tsami Gaya,,settlement,grid3,Kabuga,Gwale,Kano,0,1,8.488604,11.985981
Kano,kano,Layin Tsamiya,,settlement,grid3,Panshekara,Kumbotso,Kano,0,1,8.464231,11.917794
Kano,kano,Layin Tsamiya,,settlement,grid3,Kabuga,Gwale,Kano,0,1,8.487797,12.00095
Kano,kano,Layin Tsamiya,,settlement,grid3,Dorayi,Gwale,Kano,0,1,8.485636,11.950639
Kano,kano,Layin Tsamiya 1,,settlement,grid3,Kwachiri,Fagge,Kano,0,1,8.490123,12.0425
Kano,kano,Layin Tsamiya 2,,settlement,grid3,Kwachiri,Fagge,Kano,0,1,8.490134,12.041621
Kano,kano,Layin Tsamiya Na Biyy,,settlement,grid3,Kwachiri,Fagge,Kano,0,1,8.489042,12.041852
Kano,kano,Layin Tsamiyya,,settlement,grid3,Hotoro,Tarauni,Kano,0,1,8.583721,11.955903
Kano,kano,Layin Tsoho Manager,,settlement,grid3,Rijiyar Lemo,Fagge,Kano,0,1,8.486185,12.043386
Kano,kano,Layin Tsoho Mia Madobi,,settlement,grid3,Dandago,Gwale,Kano,0,1,8.509097,11.993067
Kano,kano,Layin Tsoho Sufi,,settlement,grid3,Yammata,Fagge,Kano,0,1,8.475876,12.064023
Kano,kano,Layin Tsoho Yadu,,settlement,grid3,Hotoro,Tarauni,Kano,0,1,8.592693,11.95739
Kano,kano,Layin Tsohon Chairman,,settlement,grid3,Sabon Gari East,Fagge,Kano,0,1,8.541984,12.059147
Kano,kano,Layin Tsohon Gidan Mai Unguwa,,settlement,grid3,Giginyu,Nassarawa,Kano,0,1,8.581367,11.996872
Kano,kano,Layin Tsohon Maigari,,settlement,grid3,Sabon Gari East,Fagge,Kano,0,1,8.542212,12.062748
Kano,kano,Layin Tsohon Soja,,settlement,grid3,Dorayi,Gwale,Kano,0,1,8.459607,11.960723
Kano,kano,Layin Tudun Makaranta,,settlement,grid3,Kantudu,Dala,Kano,0,1,8.509993,12.010251
Kano,kano,Layin Tuka Tuka,,settlement,grid3,Dorayi,Gwale,Kano,0,1,8.489939,11.957469
Kano,kano,Layin Tukari,,settlement,grid3,Gobirawa,Dala,Kano,0,1,8.468233,12.057576
Kano,kano,Layin Tukur Gadanya,,settlement,grid3,Sani Mai Nagge,Gwale,Kano,0,1,8.500317,11.989701
Kano,kano,Layin Turakin Badau,,settlement,grid3,Rijiyar Lemo,Fagge,Kano,0,1,8.482227,12.051471
Kano,kano,Layin Uba Danja,,settlement,grid3,Mandawari,Gwale,Kano,0,1,8.509374,11.9964
Kano,kano,Layin Uba Gaya,,settlement,grid3,Gwammaja,Dala,Kano,0,1,8.507531,12.020415
Kano,kano,Layin Uba Lida,,settlement,grid3,Gwammaja,Dala,Kano,0,1,8.506216,12.018763
Kano,kano,Layin Uba Mai Dawa,,settlement,grid3,Gwagwarwa,Nassarawa,Kano,0,1,8.542033,12.030906
Kano,kano,Layin Uba Saye,,settlement,grid3,Yammata,Fagge,Kano,0,1,8.476299,12.06336
Kano,kano,Layin Uba Sigari,,settlement,grid3,Adakawa,Dala,Kano,0,1,8.511459,12.010626
Kano,kano,Layin Uba Takarda,,settlement,grid3,Dandago,Gwale,Kano,0,1,8.507676,11.992781
Kano,kano,Layin Uba Tartidi,,settlement,grid3,Dandago,Gwale,Kano,0,1,8.509222,11.99226
Kano,kano,Layin Uba Walwal,,settlement,grid3,Kantudu,Dala,Kano,0,1,8.509458,12.010872
Kano,kano,Layin Ubale Custom,,settlement,grid3,Rijiyar Zaki,Ungogo,Kano,0,1,8.453595,11.978647
Kano,kano,Layin Ubale Head Master,,settlement,grid3,Hotoro North,Nassarawa,Kano,0,1,8.593043,11.981403
Kano,kano,Layin Ubale MIL 7,,settlement,grid3,Yammata,Fagge,Kano,0,1,8.472638,12.064694
Kano,kano,Layin Umar Agoye,,settlement,grid3,Gobirawa,Dala,Kano,0,1,8.471982,12.048118
Kano,kano,Layin Umar Bakori,,settlement,grid3,Rijiyar Lemo,Fagge,Kano,0,1,8.479875,12.054854
Kano,kano,Layin Umar Dillali,,settlement,grid3,Gobirawa,Dala,Kano,0,1,8.472547,12.048396
Kano,kano,Layin Umar Miloniya,,settlement,grid3,Gobirawa,Dala,Kano,0,1,8.472293,12.047648
Kano,kano,Layin Umar Sani Fagge,,settlement,grid3,Fagge B,Fagge,Kano,0,1,8.530074,12.005942
Kano,kano,Layin Umar Taila,,settlement,grid3,Yammata,Fagge,Kano,0,1,8.473886,12.058237
Kano,kano,Layin Umaru Boka,,settlement,grid3,Zango (Ungogo),Ungogo,Kano,0,1,8.567451,12.040413
Kano,kano,Layin Umaru Dan Duna,,settlement,grid3,Gama,Nassarawa,Kano,0,1,8.547709,12.035178
Kano,kano,Layin Umaru Dan Fulani,,settlement,grid3,Kofar Ruwa,Dala,Kano,0,1,8.483559,12.025269
Kano,kano,Layin Umaru Mai Rake,,settlement,grid3,Kofar Ruwa,Dala,Kano,0,1,8.487454,12.024426
Kano,kano,Layin Umaru Mai Ruwa,,settlement,grid3,Yammata,Fagge,Kano,0,1,8.474152,12.061175
Kano,kano,Layin Umaru Mallam Muhammad,,settlement,grid3,Kwachiri,Fagge,Kano,0,1,8.494316,12.04418
Kano,kano,Layin Ummai Yar Bori,,settlement,grid3,Ungogo,Ungogo,Kano,0,1,8.494399,12.126827
Kano,kano,Layin Ummaru Mai Kayan Miya,,settlement,grid3,Dorayi,Gwale,Kano,0,1,8.480619,11.947257
Kano,kano,Layin Ummul Khair,,settlement,grid3,Rijiyar Lemo,Fagge,Kano,0,1,8.481289,12.053672
Kano,kano,Layin Ummul Quran,,settlement,grid3,Rijiyar Lemo,Fagge,Kano,0,1,8.476806,12.053418
Kano,kano,Layin Uncle,,settlement,grid3,Madigawa,Dala,Kano,0,1,8.504317,12.006884
Kano,kano,Layin Unguwar Fulani,,settlement,grid3,Dorayi,Gwale,Kano,0,1,8.450138,11.967107
Kano,kano,Layin Unguwar Rimi,,settlement,grid3,Kwachiri,Fagge,Kano,0,1,8.495015,12.0516
Kano,kano,Layin Usaini Mai Ice,,settlement,grid3,Yammata,Fagge,Kano,0,1,8.480404,12.059748
Kano,kano,Layin Usaini Maroki,,settlement,grid3,Tudun Murtala,Nassarawa,Kano,0,1,8.573254,12.035966
Kano,kano,Layin Usman Commander,,settlement,grid3,Kwachiri,Fagge,Kano,0,1,8.486437,12.048349
Kano,kano,Layin Usman Gambo,,settlement,grid3,Tudun Murtala,Nassarawa,Kano,0,1,8.572118,12.031609
Kano,kano,Layin Usman Hudi,,settlement,grid3,Tudun Murtala,Nassarawa,Kano,0,1,8.572444,12.031732
Kano,kano,Layin Usman Islamic,,settlement,grid3,Gobirawa,Dala,Kano,0,1,8.469887,12.049106
Kano,kano,Layin Usman Mai Makaranta,,settlement,grid3,Kabuga,Gwale,Kano,0,1,8.488542,12.000396
Kano,kano,Layin Usman Mai Waya,,settlement,grid3,Kofar Ruwa,Dala,Kano,0,1,8.488475,12.024674
Kano,kano,Layin Usman Mani,,settlement,grid3,Kabuga,Gwale,Kano,0,1,8.474941,12.015258
Kano,kano,Layin Usman Na'ibi,,settlement,grid3,Rijiyar Lemo,Fagge,Kano,0,1,8.478122,12.052056
Kano,kano,Layin Usman Nepa,,settlement,grid3,Gobirawa,Dala,Kano,0,1,8.469763,12.048758
Kano,kano,Layin Usman Tella,,settlement,grid3,Galadanchi,Gwale,Kano,0,1,8.514538,11.989531
Kano,kano,Layin Uwar Gida,,settlement,grid3,Gwale,Gwale,Kano,0,1,8.51139,11.984739
Kano,kano,Layin Uwar Marayu,,settlement,grid3,Tudun Murtala,Nassarawa,Kano,0,1,8.570574,12.026672
Kano,kano,Layin Uwawu,,settlement,grid3,Bachirawa,Ungogo,Kano,0,1,8.467571,12.053856
Kano,kano,Layin Uzairu Shop,,settlement,grid3,Kofar Ruwa,Dala,Kano,0,1,8.488573,12.025749
Kano,kano,Layin Vice,,settlement,grid3,Gobirawa,Dala,Kano,0,1,8.473195,12.052816
Kano,kano,Layin Vice,,settlement,grid3,Rijiyar Lemo,Fagge,Kano,0,1,8.481286,12.051245
Kano,kano,Layin Vio,,settlement,grid3,Kwachiri,Fagge,Kano,0,1,8.489006,12.038867
Kano,kano,Layin Vitenaria,,settlement,grid3,Gama,Nassarawa,Kano,0,1,8.552652,12.03379
Kano,kano,Layin Wada Jaafar,,settlement,grid3,Galadanchi,Gwale,Kano,0,1,8.514478,11.991781
Kano,kano,Layin Wada Kura,,settlement,grid3,Fagge D2,Fagge,Kano,0,1,8.521294,12.020095
Kano,kano,Layin Wada Mahidimi,,settlement,grid3,Yammata,Fagge,Kano,0,1,8.474468,12.058491
Kano,kano,Layin Wakilin Masaka,,settlement,grid3,Tudun Wada,Nassarawa,Kano,0,1,8.558914,12.02365
Kano,kano,Layin Walahausare,,settlement,grid3,Gama,Nassarawa,Kano,0,1,8.554629,12.030162
Kano,kano,Layin Wanzamai,,settlement,grid3,Ungogo,Ungogo,Kano,0,1,8.447039,12.086369
Kano,kano,Layin Wanzamai,,settlement,grid3,Mandawari,Gwale,Kano,0,1,8.510704,11.994519
Kano,kano,Layin Wanzan,,settlement,grid3,Yammata,Fagge,Kano,0,1,8.476638,12.06855
Kano,kano,Layin Wapa,,settlement,grid3,Fagge D2,Fagge,Kano,0,1,8.526906,12.010746
Kano,kano,Layin Warawa,,settlement,grid3,Dorayi,Gwale,Kano,0,1,8.476907,11.962945
Kano,kano,Layin Wawo Mai Gyaran Keke,,settlement,grid3,Kaura Goje,Nassarawa,Kano,0,1,8.54675,12.040351
Kano,kano,Layin Wawu,,settlement,grid3,Gwammaja,Dala,Kano,0,1,8.508032,12.023037
Kano,kano,Layin Waziri Gidado,,settlement,grid3,Gobirawa,Dala,Kano,0,1,8.468957,12.057025
Kano,kano,Layin Welda,,settlement,grid3,Kofar Ruwa,Dala,Kano,0,1,8.494365,12.017034
Kano,kano,Layin Wisdom Nusery and Primary School,,settlement,grid3,Rijiyar Lemo,Fagge,Kano,0,1,8.478811,12.051415
Kano,kano,Layin Yabe,,settlement,grid3,Gwammaja,Dala,Kano,0,1,8.505826,12.016991
Kano,kano,Layin Yahaya Gusau,,settlement,grid3,Sharada,Kano Municipal,Kano,0,1,8.500771,11.97171
Kano,kano,Layin Yahaya Maimai,,settlement,grid3,Tudun Wada,Nassarawa,Kano,0,1,8.557076,12.025945
Kano,kano,Layin Yahaya Saleh,,settlement,grid3,Galadanchi,Gwale,Kano,0,1,8.514953,11.991197
Kano,kano,Layin Yahayaja,,settlement,grid3,Gyaranya,Gwale,Kano,0,1,8.509074,11.996963
Kano,kano,Layin Yahya Lalloki,,village,osm,Unguwar Rimi,Kumbotso,Kano,0,1,8.54608,11.9029
Kano,kano,Layin Yahya Muhd,,settlement,grid3,Giginyu,Nassarawa,Kano,0,1,8.57214,11.996953
Kano,kano,Layin Yakasa,,settlement,grid3,Gobirawa,Dala,Kano,0,1,8.470877,12.04747
Kano,kano,Layin Yakubu Abdullahi,,settlement,grid3,Kabuga,Gwale,Kano,0,1,8.488792,11.985494
Kano,kano,Layin Yakubu Dan Izala,,settlement,grid3,Kofar Ruwa,Dala,Kano,0,1,8.485064,12.020419
Kano,kano,Layin Yakubu Secatary,,settlement,grid3,Galadanchi,Gwale,Kano,0,1,8.510449,11.989806
Kano,kano,Layin Yallabai,,settlement,grid3,Gwammaja,Dala,Kano,0,1,8.505644,12.018145
Kano,kano,Layin Yam Balangu,,settlement,grid3,Dala,Dala,Kano,0,1,8.508246,12.007983
Kano,kano,Layin Yan Albasa,,settlement,grid3,Dan Maliki,Kumbotso,Kano,0,1,8.52904,11.946206
Kano,kano,Layin Yan Alewa,,settlement,grid3,Kaura Goje,Nassarawa,Kano,0,1,8.554025,12.041369
Kano,kano,Layin Yan Awaki,,settlement,grid3,Hotoro North,Nassarawa,Kano,0,1,8.58827,11.987514
Kano,kano,Layin Yan Babura,,settlement,grid3,Gawuna,Nassarawa,Kano,0,1,8.550178,12.027229
Kano,kano,Layin Yan Bahel,,settlement,grid3,Fagge B,Fagge,Kano,0,1,8.530916,12.004661
Kano,kano,Layin Yan Biredi,,settlement,grid3,Gyaranya,Gwale,Kano,0,1,8.507424,11.998415
Kano,kano,Layin Yan Biredi Sudawa,,settlement,grid3,Gyaranya,Gwale,Kano,0,1,8.509081,11.994968
Kano,kano,Layin Yan Brother,,settlement,grid3,Galadanchi,Gwale,Kano,0,1,8.513765,11.99017
Kano,kano,Layin Yan Dabino,,settlement,grid3,Sani Mai Nagge,Gwale,Kano,0,1,8.496475,11.983519
Kano,kano,Layin Yan Doya,,settlement,grid3,Gobirawa,Dala,Kano,0,1,8.482421,12.040005
Kano,kano,Layin Yan Dusa,,settlement,grid3,Rijiyar Lemo,Fagge,Kano,0,1,8.477381,12.052778
Kano,kano,Layin Yan Gombe,,settlement,grid3,Yammata,Fagge,Kano,0,1,8.478474,12.062242
Kano,kano,Layin Yan Gwanjo,,settlement,grid3,Yammata,Fagge,Kano,0,1,8.479354,12.059291
Kano,kano,Layin Yan Izala,,settlement,grid3,Dandago,Gwale,Kano,0,1,8.507436,11.994607
Kano,kano,Layin Yan Izala,,settlement,grid3,Fagge D2,Fagge,Kano,0,1,8.524279,12.012665
Kano,kano,Layin Yan Kadi,,settlement,grid3,Yalwa,Dala,Kano,0,1,8.497739,12.002982
Kano,kano,Layin Yan Kaji,,settlement,grid3,Gwagwarwa,Nassarawa,Kano,0,1,8.540394,12.030213
Kano,kano,Layin Yan Kaji Bus Stop,,settlement,grid3,Gwagwarwa,Nassarawa,Kano,0,1,8.544997,12.028779
Kano,kano,Layin Yan Kara,,settlement,grid3,Madigawa,Dala,Kano,0,1,8.505899,12.000793
Kano,kano,Layin Yan Katako,,settlement,grid3,Gobirawa,Dala,Kano,0,1,8.469859,12.055179
Kano,kano,Layin Yan Katifa,,settlement,grid3,Kabuwaya,Dala,Kano,0,1,8.508471,12.011912
Kano,kano,Layin Yan Kekuna,,settlement,grid3,Fagge B,Fagge,Kano,0,1,8.530913,12.005244
Kano,kano,Layin Yan Kifi,,settlement,grid3,Sani Mai Nagge,Gwale,Kano,0,1,8.497751,11.98509
Kano,kano,Layin Yan Kwabobi,,settlement,grid3,Kofar Ruwa,Dala,Kano,0,1,8.485268,12.025796
Kano,kano,Layin Yan Kwakwa,,settlement,grid3,Giginyu,Nassarawa,Kano,0,1,8.576126,12.00231
Kano,kano,Layin Yan Kwalla,,settlement,grid3,Kaura Goje,Nassarawa,Kano,0,1,8.553049,12.045226
Kano,kano,Layin Yan Kwalla,,settlement,grid3,Rijiyar Lemo,Fagge,Kano,0,1,8.475994,12.053954
Kano,kano,Layin Yan Lada,,settlement,grid3,Ungogo,Ungogo,Kano,0,1,8.479308,12.110297
Kano,kano,Layin Yan Madare,,settlement,grid3,Dan Maliki,Kumbotso,Kano,0,1,8.531308,11.951587
Kano,kano,Layin Yan Rini,,settlement,grid3,Kwachiri,Fagge,Kano,0,1,8.487542,12.045834
Kano,kano,Layin Yan Smogal,,settlement,grid3,Kaura Goje,Nassarawa,Kano,0,1,8.547387,12.041136
Kano,kano,Layin Yan Soye,,settlement,grid3,Rijiyar Lemo,Fagge,Kano,0,1,8.486965,12.044433
Kano,kano,Layin Yan Soye,,settlement,grid3,Kaura Goje,Nassarawa,Kano,0,1,8.55703,12.039883
Kano,kano,Layin Yan Sumogal,,settlement,grid3,Yammata,Fagge,Kano,0,1,8.479209,12.057268
Kano,kano,Layin Yandoma Layin Darul Sakina,,settlement,grid3,Rijiyar Lemo,Fagge,Kano,0,1,8.485471,12.042153
Kano,kano,Layin Yangaruwa,,settlement,grid3,Zango (Ungogo),Ungogo,Kano,0,1,8.562921,12.042943
Kano,kano,Layin Yanizala,,settlement,grid3,Tudun Fulani,Ungogo,Kano,0,1,8.478611,12.031046
Kano,kano,Layin Yanka,,settlement,grid3,Gobirawa,Dala,Kano,0,1,8.485266,12.034828
Kano,kano,Layin Yanwanki,,settlement,grid3,Kantudu,Dala,Kano,0,1,8.509149,12.010528
Kano,kano,Layin Yar Chedi,,settlement,grid3,Bakin Ruwa,Dala,Kano,0,1,8.504614,11.998415
Kano,kano,Layin Yar Kasuwa,,settlement,grid3,Garun Gawa,Kumbotso,Kano,0,1,8.528693,11.959995
Kano,kano,Layin Yar Kasuwa,,settlement,grid3,Giginyu,Nassarawa,Kano,0,1,8.57497,11.999174
Kano,kano,Layin Yar Rariya,,settlement,grid3,Diso,Gwale,Kano,0,1,8.515212,11.986674
Kano,kano,Layin Yar Sagagi,,settlement,grid3,Tudun Wada,Nassarawa,Kano,0,1,8.55826,12.022382
Kano,kano,Layin Yarabawa,,settlement,grid3,Kaura Goje,Nassarawa,Kano,0,1,8.544644,12.033525
Kano,kano,Layin Yarabawa,,settlement,grid3,Fagge B,Fagge,Kano,0,1,8.530426,12.005212
Kano,kano,Layin Yargata,,settlement,grid3,Sani Mai Nagge,Gwale,Kano,0,1,8.499039,11.992974
Kano,kano,Layin Yargwoggo,,settlement,grid3,Mariri,Kumbotso,Kano,0,1,8.614885,11.950052
Kano,kano,Layin Yarrariya,,settlement,grid3,Sani Mai Nagge,Gwale,Kano,0,1,8.503371,11.986628
Kano,kano,Layin Yau Me Mai,,settlement,grid3,Kawaji,Nassarawa,Kano,0,1,8.584064,12.013331
Kano,kano,Layin Yau Naira,,settlement,grid3,Gawuna,Nassarawa,Kano,0,1,8.557397,12.02995
Kano,kano,Layin Yusif Dan Lalo,,settlement,grid3,Yammata,Fagge,Kano,0,1,8.47295,12.060139
Kano,kano,Layin Yusif Kafinta,,settlement,grid3,Kwachiri,Fagge,Kano,0,1,8.490723,12.050754
Kano,kano,Layin Yusuf,,settlement,grid3,Adakawa,Dala,Kano,0,1,8.512195,12.011281
Kano,kano,Layin Yusuf Nepa,,settlement,grid3,Goron Dutse,Gwale,Kano,0,1,8.505748,11.994323
Kano,kano,Layin Yusuf Yunusa,,settlement,grid3,Tudun Wada,Nassarawa,Kano,0,1,8.556391,12.024637
Kano,kano,Layin Zainab,,settlement,grid3,Dorayi,Gwale,Kano,0,1,8.459354,11.965326
Kano,kano,Layin Zaituna,,settlement,grid3,Gwagwarwa,Nassarawa,Kano,0,1,8.543306,12.026067
Kano,kano,Layin Zakari Yau,,settlement,grid3,Kabuga,Gwale,Kano,0,1,8.474841,12.014761
Kano,kano,Layin Zaliha Nursary and Primary,,settlement,grid3,Kofar Ruwa,Dala,Kano,0,1,8.496162,12.022319
Kano,kano,Layin Zamzam,,settlement,grid3,Galadanchi,Gwale,Kano,0,1,8.512817,11.9905
Kano,kano,Layin Zangina,,settlement,grid3,Yalwa,Dala,Kano,0,1,8.501442,12.004004
Kano,kano,Layin Zaria,,settlement,grid3,Dandago,Gwale,Kano,0,1,8.510483,11.99086
Kano,kano,Layin Zawarawa,,settlement,grid3,Zango (Ungogo),Ungogo,Kano,0,1,8.566312,12.039692
Kano,kano,Layin Zawiya,,settlement,grid3,Galadanchi,Gwale,Kano,0,1,8.512095,11.990183
Kano,kano,Layin Ziri Gaza,,settlement,grid3,Gyaranya,Gwale,Kano,0,1,8.506523,11.997843
Kano,kano,Layin Zugu,,settlement,grid3,Madigawa,Dala,Kano,0,1,8.506949,12.001103
Kano,kano,Layin Zumbo,,settlement,grid3,Mariri,Kumbotso,Kano,0,1,8.61492,11.948603
Kano,kano,Layin Zuwa Marmara,,settlement,grid3,Mandawari,Gwale,Kano,0,1,8.512411,11.995052
Kano,kano,Layina 1 2 3,,settlement,grid3,Garun Gawa,Kumbotso,Kano,0,1,8.522705,11.95813
Kano,kano,Layina 11 12 13,,settlement,grid3,Garun Gawa,Kumbotso,Kano,0,1,8.520081,11.954712
Kano,kano,Layina 17 18 19 20,,settlement,grid3,Garun Gawa,Kumbotso,Kano,0,1,8.520362,11.954459
Kano,kano,Layina 7 8 9,,settlement,grid3,Garun Gawa,Kumbotso,Kano,0,1,8.523682,11.955078
Kano,kano,Layinta Hajara,,settlement,grid3,Gobirawa,Dala,Kano,0,1,8.473356,12.050714
Kano,kano,Layout,,settlement,grid3,Babban Giji,Tarauni,Kano,0,1,8.540714,11.966324
Kano,kano,Legislative Quarters,,settlement,grid3,Mariri,Kumbotso,Kano,0,1,8.602722,11.954285
Kano,kano,Liman Abdulkadir,,settlement,grid3,Giginyu,Nassarawa,Kano,0,1,8.566106,11.990947
Kano,kano,Liman Malam Murtala,,settlement,grid3,Fanisau,Ungogo,Kano,0,1,8.540222,12.081177
Kano,kano,Limanchi,,settlement,grid3,Adakawa,Dala,Kano,0,1,8.512633,12.007566
Kano,kano,Limawa,,settlement,grid3,Unguwar Rimi,Kumbotso,Kano,0,1,8.593703,11.899566
Kano,kano,Limawa Cikin Gari,,settlement,grid3,Unguwar Rimi,Kumbotso,Kano,0,1,8.60227,11.89638
Kano,kano,Line Dalal,,settlement,grid3,Zango (Ungogo),Ungogo,Kano,0,1,8.567322,12.045898
Kano,kano,Line Maaruf,,settlement,grid3,Zango (Ungogo),Ungogo,Kano,0,1,8.562195,12.03769
Kano,kano,Line Mai Daula,,settlement,grid3,Zango (Ungogo),Ungogo,Kano,0,1,8.565918,12.044678
Kano,kano,Line Mamuda Mai Kalanzir,,settlement,grid3,Rijiyar Zaki,Ungogo,Kano,0,1,8.462942,11.98212
Kano,kano,Line Yan Kwamati,,settlement,grid3,Zango (Ungogo),Ungogo,Kano,0,1,8.564697,12.03833
Kano,kano,Link 14,,settlement,grid3,Dorayi,Gwale,Kano,0,1,8.472876,11.973446
Kano,kano,Link Godiya,,settlement,grid3,Dorayi,Gwale,Kano,0,1,8.467632,11.970455
Kano,kano,Link Katangar Forestry,,settlement,grid3,Dorayi,Gwale,Kano,0,1,8.468638,11.971905
Kano,kano,Link Malam Shehu,,settlement,grid3,Dorayi,Gwale,Kano,0,1,8.467101,11.970516
Kano,kano,Link Road,,settlement,grid3,Fagge A,Fagge,Kano,0,1,8.532749,11.998596
Kano,kano,Link Usman,,settlement,grid3,Dorayi,Gwale,Kano,0,1,8.469435,11.972084
Kano,kano,Littafawa,,settlement,grid3,Yada Kunya,Ungogo,Kano,0,1,8.585028,12.072295
Kano,kano,Llayin Alhaji Yau Mai Babban Allo,,settlement,grid3,Kofar Ruwa,Dala,Kano,0,1,8.487583,12.024233
Kano,kano,Lodge Road Roundabout,,roundabout,osm,Giginyu,Nassarawa,Kano,0,1,8.549714,11.994047
Kano,kano,Lokon Abdu Kura,,settlement,grid3,Dandago,Gwale,Kano,0,1,8.510493,11.994449
Kano,kano,Lokon Alhaji Sikaut,,settlement,grid3,Gyaranya,Gwale,Kano,0,1,8.50791,11.998289
Kano,kano,Lokon Ali Kafinta,,settlement,grid3,Mandawari,Gwale,Kano,0,1,8.50917,11.997852
Kano,kano,Lokon Aya,,settlement,grid3,Galadanchi,Gwale,Kano,0,1,8.510632,11.989157
Kano,kano,Lokon Baba Tuya,,settlement,grid3,Gwale,Gwale,Kano,0,1,8.504858,11.984472
Kano,kano,Lokon Babam Katako,,settlement,grid3,Mandawari,Gwale,Kano,0,1,8.509289,11.998156
Kano,kano,Lokon Babule,,settlement,grid3,Mandawari,Gwale,Kano,0,1,8.511158,11.996574
Kano,kano,Lokon Bare Bari,,settlement,grid3,Gyaranya,Gwale,Kano,0,1,8.508335,11.997908
Kano,kano,Lokon Basiru Dan Sanda,,settlement,grid3,Gwale,Gwale,Kano,0,1,8.512145,11.983253
Kano,kano,Lokon Bauchi,,settlement,grid3,Mandawari,Gwale,Kano,0,1,8.511377,11.992652
Kano,kano,Lokon Bebiya,,settlement,grid3,Mandawari,Gwale,Kano,0,1,8.51027,11.998454
Kano,kano,Lokon Biredi Galadanci,,settlement,grid3,Galadanchi,Gwale,Kano,0,1,8.513523,11.990368
Kano,kano,Lokon Biredi Hausawa,,settlement,grid3,Galadanchi,Gwale,Kano,0,1,8.509415,11.988663
Kano,kano,Lokon Dan Saye,,settlement,grid3,Mandawari,Gwale,Kano,0,1,8.510746,11.992296
Kano,kano,Lokon Dangusau,,settlement,grid3,Galadanchi,Gwale,Kano,0,1,8.511678,11.990038
Kano,kano,Lokon Dumau,,settlement,grid3,Gwale,Gwale,Kano,0,1,8.513389,11.984623
Kano,kano,Lokon Fulasko,,settlement,grid3,Galadanchi,Gwale,Kano,0,1,8.5117,11.990819
Kano,kano,Lokon Garba Doki,,settlement,grid3,Mandawari,Gwale,Kano,0,1,8.51111,11.995901
Kano,kano,Lokon Garbi Kwansabeti,,settlement,grid3,Mandawari,Gwale,Kano,0,1,8.50973,11.996453
Kano,kano,Lokon Gawo,,settlement,grid3,Dandago,Gwale,Kano,0,1,8.50667,11.992486
Kano,kano,Lokon Gidan Lawan Tasi,,settlement,grid3,Goron Dutse,Gwale,Kano,0,1,8.506708,11.996769
Kano,kano,Lokon Gidan Malam Hamisu,,settlement,grid3,Mandawari,Gwale,Kano,0,1,8.510347,11.997623
Kano,kano,Lokon Gidan Rimi,,settlement,grid3,Mandawari,Gwale,Kano,0,1,8.508992,11.998686
Kano,kano,Lokon Gidan Wanbai,,settlement,grid3,Goron Dutse,Gwale,Kano,0,1,8.506518,11.996668
Kano,kano,Lokon Jafaru Na Abba,,settlement,grid3,Gyaranya,Gwale,Kano,0,1,8.510498,11.999049
Kano,kano,Lokon Janbulo,,settlement,grid3,Mandawari,Gwale,Kano,0,1,8.510358,11.992573
Kano,kano,Lokon Kango,,settlement,grid3,Mandawari,Gwale,Kano,0,1,8.512426,11.991726
Kano,kano,Lokon Madakin Dogarai,,settlement,grid3,Diso,Gwale,Kano,0,1,8.515151,11.987052
Kano,kano,Lokon Mahauta,,settlement,grid3,Tudun Wazurchi,Kano Municipal,Kano,0,1,8.514049,11.99271
Kano,kano,Lokon Mai Unguwa Galadanchi,,settlement,grid3,Galadanchi,Gwale,Kano,0,1,8.513415,11.989742
Kano,kano,Lokon Maja Siddi,,settlement,grid3,Diso,Gwale,Kano,0,1,8.511854,11.986184
Kano,kano,Lokon Makafi,,settlement,grid3,Galadanchi,Gwale,Kano,0,1,8.511399,11.989922
Kano,kano,Lokon Makasa,,settlement,grid3,Dandago,Gwale,Kano,0,1,8.503325,11.994615
Kano,kano,Lokon Makera,,settlement,grid3,Kumbotso,Kumbotso,Kano,0,1,8.502662,11.889653
Kano,kano,Lokon Makera Kofar Arewa,,settlement,grid3,Gwale,Gwale,Kano,0,1,8.513973,11.984354
Kano,kano,Lokon Mal Labaran,,settlement,grid3,Tudun Wazurchi,Kano Municipal,Kano,0,1,8.517704,11.985901
Kano,kano,Lokon Malam Aminu,,settlement,grid3,Gyaranya,Gwale,Kano,0,1,8.508898,11.997528
Kano,kano,Lokon Malam IDI,,settlement,grid3,Gyaranya,Gwale,Kano,0,1,8.50919,11.997563
Kano,kano,Lokon Malam Sani,,settlement,grid3,Gwale,Gwale,Kano,0,1,8.514376,11.983314
Kano,kano,Lokon Mallam Dahiru,,settlement,grid3,Kofar Ruwa,Dala,Kano,0,1,8.487261,12.025928
Kano,kano,Lokon Massalaci,,settlement,grid3,Gyaranya,Gwale,Kano,0,1,8.511498,11.997313
Kano,kano,Lokon Na Lele Bature,,settlement,grid3,Gyaranya,Gwale,Kano,0,1,8.510656,11.998438
Kano,kano,Lokon Rariya,,settlement,grid3,Dan Agundi,Kano Municipal,Kano,0,1,8.519739,11.984011
Kano,kano,Lokon Sarkin Dauri,,settlement,grid3,Gwale,Gwale,Kano,0,1,8.51398,11.983465
Kano,kano,Lokon Shandu,,settlement,grid3,Gwale,Gwale,Kano,0,1,8.514034,11.983208
Kano,kano,Lokon Shanu,,settlement,grid3,Mandawari,Gwale,Kano,0,1,8.512967,11.992378
Kano,kano,Lokon Tagajange,,settlement,grid3,Galadanchi,Gwale,Kano,0,1,8.511726,11.989647
Kano,kano,Lokon Tsamiya,,settlement,grid3,Galadanchi,Gwale,Kano,0,1,8.509805,11.988113
Kano,kano,Lokon Tsira,,settlement,grid3,Galadanchi,Gwale,Kano,0,1,8.50755,11.987881
Kano,kano,Lokon Tudun Malan,,settlement,grid3,Mandawari,Gwale,Kano,0,1,8.509773,11.996696
Kano,kano,Lokon Tumbururu,,settlement,grid3,Mandawari,Gwale,Kano,0,1,8.512187,11.99464
Kano,kano,London Quaters,,settlement,grid3,Tudun Wada,Nassarawa,Kano,0,1,8.560177,12.019019
Kano,kano,Lugun Agama Lafiya,,settlement,grid3,Fagge D2,Fagge,Kano,0,1,8.523707,12.011767
Kano,kano,Lugun Mai Unguwa,,settlement,grid3,Madigawa,Dala,Kano,0,1,8.507399,12.002517
Kano,kano,Lungu Mallam Hamu,,settlement,grid3,Kabuwaya,Dala,Kano,0,1,8.507369,12.012291
Kano,kano,Lungun Abba Lulu,,settlement,grid3,Kabuwaya,Dala,Kano,0,1,8.509825,12.012722
Kano,kano,Lungun Aduwa,,settlement,grid3,Kabuwaya,Dala,Kano,0,1,8.508175,12.012086
Kano,kano,Lungun Agalawa,,settlement,grid3,Adakawa,Dala,Kano,0,1,8.513175,12.009911
Kano,kano,Lungun Alaba,,settlement,grid3,Adakawa,Dala,Kano,0,1,8.511414,12.01031
Kano,kano,Lungun Alhaji Kasim,,settlement,grid3,Bakin Ruwa,Dala,Kano,0,1,8.505735,11.998951
Kano,kano,Lungun Alhaji Salatu,,settlement,grid3,Kabuwaya,Dala,Kano,0,1,8.513276,12.006882
Kano,kano,Lungun Ali Gwarge,,settlement,grid3,Jakara,Kano Municipal,Kano,0,1,8.510005,12.003876
Kano,kano,Lungun Ashiru,,settlement,grid3,Yalwa,Dala,Kano,0,1,8.501574,12.003547
Kano,kano,Lungun Baba Tanko,,settlement,grid3,Dala,Dala,Kano,0,1,8.504663,12.01101
Kano,kano,Lungun Bebe,,settlement,grid3,Gwagwarwa,Nassarawa,Kano,0,1,8.542863,12.02969
Kano,kano,Lungun Bulalal,,settlement,grid3,Yalwa,Dala,Kano,0,1,8.502028,12.004649
Kano,kano,Lungun Daiba,,settlement,grid3,Yalwa,Dala,Kano,0,1,8.502563,12.004007
Kano,kano,Lungun Darbejiya,,settlement,grid3,Kabuwaya,Dala,Kano,0,1,8.506994,12.013293
Kano,kano,Lungun Dukurawa,,settlement,grid3,Dala,Dala,Kano,0,1,8.508562,12.004758
Kano,kano,Lungun Duniya,,settlement,grid3,Danbare,Kumbotso,Kano,0,1,8.404297,11.940125
Kano,kano,Lungun Fatake,,settlement,grid3,Gyaranya,Gwale,Kano,0,1,8.506752,11.998007
Kano,kano,Lungun Fulasko,,settlement,grid3,Fagge B,Fagge,Kano,0,1,8.530058,12.008174
Kano,kano,Lungun Gidan Ahmadu Gimba,,settlement,grid3,Mandawari,Gwale,Kano,0,1,8.509796,11.995926
Kano,kano,Lungun Gidan Madugu,,settlement,grid3,Kabuwaya,Dala,Kano,0,1,8.504232,12.014578
Kano,kano,Lungun Gidan Mai Unguwa Bashir Yusuf,,settlement,grid3,Jakara,Kano Municipal,Kano,0,1,8.51024,12.004161
Kano,kano,Lungun Gidan Sarkin Ayagi,,settlement,grid3,Bakin Ruwa,Dala,Kano,0,1,8.504227,11.997932
Kano,kano,Lungun Goda,,settlement,grid3,Kabuwaya,Dala,Kano,0,1,8.508148,12.013261
Kano,kano,Lungun Haruna A,,settlement,grid3,Yalwa,Dala,Kano,0,1,8.502911,12.003385
Kano,kano,Lungun Jakai,,settlement,grid3,Yalwa,Dala,Kano,0,1,8.503703,12.003972
Kano,kano,Lungun Jarmai,,settlement,grid3,Kabuwaya,Dala,Kano,0,1,8.512249,12.006471
Kano,kano,Lungun Kangon Kulkol,,settlement,grid3,Yalwa,Dala,Kano,0,1,8.503351,12.003568
Kano,kano,Lungun Kangon Lemu,,settlement,grid3,Yalwa,Dala,Kano,0,1,8.502288,12.002864
Kano,kano,Lungun Kanwa,,settlement,grid3,Fanisau,Ungogo,Kano,0,1,8.542067,12.082068
Kano,kano,Lungun Karti,,settlement,grid3,Tudun Fulani,Ungogo,Kano,0,1,8.410742,12.038057
Kano,kano,Lungun Kazamai,,settlement,grid3,Kabuwaya,Dala,Kano,0,1,8.507012,12.012928
Kano,kano,Lungun Konannu,,settlement,grid3,Kabuwaya,Dala,Kano,0,1,8.507561,12.013031
Kano,kano,Lungun Koto,,settlement,grid3,Dala,Dala,Kano,0,1,8.504413,12.011523
Kano,kano,Lungun Kududufi,,settlement,grid3,Fagge C,Fagge,Kano,0,1,8.530676,12.008817
Kano,kano,Lungun Kuka,,settlement,grid3,Yalwa,Dala,Kano,0,1,8.501019,12.002429
Kano,kano,Lungun Layin Fulani,,settlement,grid3,Gawuna,Nassarawa,Kano,0,1,8.548757,12.026641
Kano,kano,Lungun Liti Kulkul,,settlement,grid3,Yalwa,Dala,Kano,0,1,8.50471,12.003121
Kano,kano,Lungun Mai Fata Kwanar Tsoho,,settlement,grid3,Gama,Nassarawa,Kano,0,1,8.547995,12.031105
Kano,kano,Lungun Mai Kosai,,settlement,grid3,Dala,Dala,Kano,0,1,8.50707,12.005014
Kano,kano,Lungun Mai Suna,,settlement,grid3,Kantudu,Dala,Kano,0,1,8.509132,12.011603
Kano,kano,Lungun Mai Unguwa,,settlement,grid3,Kabuwaya,Dala,Kano,0,1,8.508112,12.012813
Kano,kano,Lungun Mai Unguwa,,settlement,grid3,Yalwa,Dala,Kano,0,1,8.502899,12.004146
Kano,kano,Lungun Mai Unguwa Danladi Ibrahim,,settlement,grid3,Jakara,Kano Municipal,Kano,0,1,8.510728,12.003322
Kano,kano,Lungun Mai Unguwa Garzali Yaya,,settlement,grid3,Jakara,Kano Municipal,Kano,0,1,8.511015,12.004397
Kano,kano,Lungun Mai Unguwa Ibrahim Usama,,settlement,grid3,Jakara,Kano Municipal,Kano,0,1,8.512885,12.004689
Kano,kano,Lungun Mai Unguwar Makwalla,,settlement,grid3,Kantudu,Dala,Kano,0,1,8.509578,12.007618
Kano,kano,Lungun Maifata Kwakwaci,,settlement,grid3,Gama,Nassarawa,Kano,0,1,8.548419,12.031329
Kano,kano,Lungun Makaranta,,settlement,grid3,Gyaranya,Gwale,Kano,0,1,8.509172,11.99606
Kano,kano,Lungun Makarantar Mallam Muhammadu,,settlement,grid3,Jakara,Kano Municipal,Kano,0,1,8.51175,12.004615
Kano,kano,Lungun Makera,,settlement,grid3,Jakara,Kano Municipal,Kano,0,1,8.511596,12.004291
Kano,kano,Lungun Mal Nasidi Inuwa,,settlement,grid3,Yalwa,Dala,Kano,0,1,8.497812,12.008037
Kano,kano,Lungun Malam Hamu,,settlement,grid3,Kabuwaya,Dala,Kano,0,1,8.507278,12.012517
Kano,kano,Lungun Malamai,,settlement,grid3,Gama,Nassarawa,Kano,0,1,8.552253,12.032278
Kano,kano,Lungun Malamai,,settlement,grid3,Kantudu,Dala,Kano,0,1,8.509654,12.008185
Kano,kano,Lungun Mallam Sani,,settlement,grid3,Jakara,Kano Municipal,Kano,0,1,8.511022,12.0052
Kano,kano,Lungun Masallaci,,settlement,grid3,Gyaranya,Gwale,Kano,0,1,8.508842,11.996308
Kano,kano,Lungun Masauda,,settlement,grid3,Yalwa,Dala,Kano,0,1,8.501359,12.001984
Kano,kano,Lungun Masu Taliya,,settlement,grid3,Fagge B,Fagge,Kano,0,1,8.529131,12.005802
Kano,kano,Lungun Mazan Kwarai,,settlement,grid3,Tudun Nufawa,Kano Municipal,Kano,0,1,8.511664,12.00011
Kano,kano,Lungun Mudi,,settlement,grid3,Yalwa,Dala,Kano,0,1,8.500845,12.002021
Kano,kano,Lungun Na'ibi,,settlement,grid3,Yalwa,Dala,Kano,0,1,8.496564,12.004172
Kano,kano,Lungun Ruwa,,settlement,grid3,Gwagwarwa,Nassarawa,Kano,0,1,8.541242,12.029584
Kano,kano,Lungun Sahara,,settlement,grid3,Kabuwaya,Dala,Kano,0,1,8.507246,12.013622
Kano,kano,Lungun Sani Ataka,,settlement,grid3,Yalwa,Dala,Kano,0,1,8.500363,12.002741
Kano,kano,Lungun Saraki Kanwa,,settlement,grid3,Jakara,Kano Municipal,Kano,0,1,8.514385,12.005628
Kano,kano,Lungun Shaibu Maigoro,,settlement,grid3,Gyaranya,Gwale,Kano,0,1,8.510619,11.997961
Kano,kano,Lungun Shammaru,,settlement,grid3,Yalwa,Dala,Kano,0,1,8.501734,12.002774
Kano,kano,Lungun Shema,,settlement,grid3,Dala,Dala,Kano,0,1,8.506773,12.005387
Kano,kano,Lungun Shirawa,,settlement,grid3,Kantudu,Dala,Kano,0,1,8.509345,12.009053
Kano,kano,Lungun Shirawa,,settlement,grid3,Gyaranya,Gwale,Kano,0,1,8.508501,11.998216
Kano,kano,Lungun Taba,,settlement,grid3,Madigawa,Dala,Kano,0,1,8.507245,12.000964
Kano,kano,Lungun Takofa,,settlement,grid3,Dala,Dala,Kano,0,1,8.508745,12.007378
Kano,kano,Lungun Tijjani Alala,,settlement,grid3,Kabuwaya,Dala,Kano,0,1,8.511855,12.006138
Kano,kano,Lungun Ubaliye,,settlement,grid3,Bakin Ruwa,Dala,Kano,0,1,8.503856,11.997107
Kano,kano,Lungun Wada Waziri,,settlement,grid3,Adakawa,Dala,Kano,0,1,8.510439,12.006071
Kano,kano,Lungun Waila,,settlement,grid3,Kabuwaya,Dala,Kano,0,1,8.507755,12.013618
Kano,kano,Lungun Yan Bushiya,,settlement,grid3,Kabuwaya,Dala,Kano,0,1,8.509316,12.012669
Kano,kano,Lungun Yan Durma,,settlement,grid3,Kantudu,Dala,Kano,0,1,8.510304,12.009672
Kano,kano,Lungun Yan Gurasa,,settlement,grid3,Jakara,Kano Municipal,Kano,0,1,8.509925,12.003022
Kano,kano,Lungun Yan Kwaba,,settlement,grid3,Kabuwaya,Dala,Kano,0,1,8.512726,12.006688
Kano,kano,Lungun Ziri,,settlement,grid3,Gyaranya,Gwale,Kano,0,1,8.50739,11.999829
Kano,kano,Madabo,,settlement,grid3,Adakawa,Dala,Kano,0,1,8.511183,12.007289
Kano,kano,Madarasatul Ta Alimul Adfal,,settlement,grid3,Diso,Gwale,Kano,0,1,8.515195,11.989973
Kano,kano,Madigawa Layin Isah Bada Gombe,,settlement,grid3,Madigawa,Dala,Kano,0,1,8.504919,12.005923
Kano,kano,Madigawa Layin Kogon Shanu,,settlement,grid3,Madigawa,Dala,Kano,0,1,8.503983,12.006499
Kano,kano,Madigawa Layin Kuka Bulukiya Daura da Gidan Gurasa,,settlement,grid3,Madigawa,Dala,Kano,0,1,8.50236,12.007293
Kano,kano,Madigawa Layin Madugu Mohammed,,settlement,grid3,Madigawa,Dala,Kano,0,1,8.504929,12.005676
Kano,kano,Madigwa Layin Bulukiya Primary,,settlement,grid3,Madigawa,Dala,Kano,0,1,8.505504,12.005699
Kano,kano,Madinatu Layin Ahbab Center,,settlement,grid3,Rijiyar Lemo,Fagge,Kano,0,1,8.479309,12.052673
Kano,kano,Madinatu Layin Ahbab East,,settlement,grid3,Rijiyar Lemo,Fagge,Kano,0,1,8.479245,12.053762
Kano,kano,Madinatu Layin Ahbab North,,settlement,grid3,Rijiyar Lemo,Fagge,Kano,0,1,8.479187,12.051514
Kano,kano,Madinatul Ahbab,,settlement,grid3,Rijiyar Lemo,Fagge,Kano,0,1,8.478398,12.053366
Kano,kano,Madinatul Ahbab North Layin Mallan Saddi,,settlement,grid3,Rijiyar Lemo,Fagge,Kano,0,1,8.478015,12.053453
Kano,kano,Madugu,,settlement,grid3,Gwammaja,Dala,Kano,0,1,8.505827,12.017884
Kano,kano,Magaji Rumfa,,settlement,grid3,Giginyu,Nassarawa,Kano,0,1,8.560232,11.987386
Kano,kano,Magami,,settlement,grid3,Chalawa,Kumbotso,Kano,0,1,8.407941,11.909823
Kano,kano,Magoga Layin Mai Unguwa,,settlement,grid3,Madigawa,Dala,Kano,0,1,8.506003,12.00303
Kano,kano,Magoga Layin Mai Unguwa Bangaran Yamma,,settlement,grid3,Madigawa,Dala,Kano,0,1,8.506039,12.002625
Kano,kano,Magoga Layin Uba Na Magaji,,settlement,grid3,Madigawa,Dala,Kano,0,1,8.506541,12.002951
Kano,kano,Maguwan,,settlement,grid3,Mariri,Kumbotso,Kano,0,1,8.63096,11.95962
Kano,kano,Magwaron Bako,,settlement,grid3,Sharada,Kano Municipal,Kano,0,1,8.506412,11.972049
Kano,kano,Mahata B Layin Bayan Makarantar Merit,,settlement,grid3,Hotoro North,Nassarawa,Kano,0,1,8.589775,11.973425
Kano,kano,Mahauta,,settlement,grid3,Naibawa,Kumbotso,Kano,0,1,8.543075,11.923382
Kano,kano,Mahauta,,settlement,grid3,Hotoro South,Nassarawa,Kano,0,1,8.58548,11.9711
Kano,kano,Mahauta,,settlement,grid3,Danbare,Kumbotso,Kano,0,1,8.455688,11.935486
Kano,kano,Mahauta A Gidan Gabas,,settlement,grid3,Hotoro North,Nassarawa,Kano,0,1,8.591152,11.975655
Kano,kano,Mahauta A Titin Ring Road,,settlement,grid3,Hotoro North,Nassarawa,Kano,0,1,8.594348,11.971604
Kano,kano,Mahauta B Layin Unguwar Gidan Gabas,,settlement,grid3,Hotoro North,Nassarawa,Kano,0,1,8.589417,11.977636
Kano,kano,Mahauta Cikin Gari,,settlement,grid3,Fanisau,Ungogo,Kano,0,1,8.539055,12.081585
Kano,kano,Mahmud Baffa,,settlement,grid3,Gyadi Gyadi Kudu,Tarauni,Kano,0,1,8.548369,11.967426
Kano,kano,Mahogany Avenue,,settlement,grid3,Sabon Gari West,Fagge,Kano,0,1,8.536284,12.030907
Kano,kano,Mai Aduwa Layin Hassan Nursery,,settlement,grid3,Dogon Nama,Dala,Kano,0,1,8.494954,11.998587
Kano,kano,Mai Aduwa Layin Rijiyar Lada,,settlement,grid3,Dogon Nama,Dala,Kano,0,1,8.499376,11.997482
Kano,kano,Mai Dile,,settlement,grid3,Dan Maliki,Kumbotso,Kano,0,1,8.516929,11.94708
Kano,kano,Mai Jan Kai,,settlement,grid3,Unguwa Uku Cikin Gari,Tarauni,Kano,0,1,8.563943,11.959114
Kano,kano,Mai Kadara,,settlement,grid3,Fagge B,Fagge,Kano,0,1,8.530155,12.00644
Kano,kano,Mai Kalwa,,settlement,grid3,Naibawa,Kumbotso,Kano,0,1,8.546393,11.929156
Kano,kano,Mai Sani Mainagge B,,settlement,grid3,Sani Mai Nagge,Gwale,Kano,0,1,8.499653,11.993332
Kano,kano,Mai Taya Line,,settlement,grid3,Rijiyar Zaki,Ungogo,Kano,0,1,8.452754,11.978404
Kano,kano,Mai Unguwa Ali,,settlement,grid3,Tudun Fulani,Ungogo,Kano,0,1,8.47807,12.041072
Kano,kano,Mai Unguwa Danjuma,,settlement,grid3,Gobirawa,Dala,Kano,0,1,8.476923,12.050432
Kano,kano,Mai Unguwa Rabi'u Bala,,settlement,grid3,Bachirawa,Ungogo,Kano,0,1,8.466981,12.069631
Kano,kano,Mai Unguwa Shuaibu,,settlement,grid3,Kwachiri,Fagge,Kano,0,1,8.492676,12.044495
Kano,kano,Mai Unguwa Shuaibu Layin Transformer,,settlement,grid3,Kwachiri,Fagge,Kano,0,1,8.494168,12.044533
Kano,kano,Mai Unguwa Umaru,,settlement,grid3,Kwachiri,Fagge,Kano,0,1,8.486511,12.047119
Kano,kano,Mai Unguwa Usaini,,settlement,grid3,Tudun Fulani,Ungogo,Kano,0,1,8.479941,12.040401
Kano,kano,Maiduwal,,settlement,grid3,Dogon Nama,Dala,Kano,0,1,8.495569,11.998016
Kano,kano,Maifata,,settlement,grid3,Unguwa Uku Cikin Gari,Tarauni,Kano,0,1,8.562531,11.959778
Kano,kano,Maikano Dansanda,,settlement,grid3,Rijiyar Zaki,Ungogo,Kano,0,1,8.458629,11.983378
Kano,kano,Mailafiya,,settlement,grid3,Panshekara,Kumbotso,Kano,0,1,8.457469,11.893718
Kano,kano,Majalisar Mabukata,,settlement,grid3,Kadawa,Ungogo,Kano,0,1,8.488451,12.056337
Kano,kano,Majema,,settlement,grid3,Fagge D2,Fagge,Kano,0,1,8.523759,12.010331
Kano,kano,Majema,,settlement,grid3,Adakawa,Dala,Kano,0,1,8.512335,12.009266
Kano,kano,Makabarta,,settlement,grid3,Kaura Goje,Nassarawa,Kano,0,1,8.554784,12.042411
Kano,kano,Makabarta Yammata,,settlement,grid3,Yammata,Fagge,Kano,0,1,8.477878,12.061789
Kano,kano,Makafi,,settlement,grid3,Kabuwaya,Dala,Kano,0,1,8.507745,12.011906
Kano,kano,Makafin Kofar Wambai B,,settlement,grid3,Tudun Nufawa,Kano Municipal,Kano,0,1,8.519081,12.006145
Kano,kano,Makaranta Malam Musa,,settlement,grid3,Rijiyar Lemo,Fagge,Kano,0,1,8.478572,12.056298
Kano,kano,Makaranta Malam Musa North,,settlement,grid3,Rijiyar Lemo,Fagge,Kano,0,1,8.479346,12.056794
Kano,kano,Makaranta Yaladifu Center,,settlement,grid3,Rijiyar Lemo,Fagge,Kano,0,1,8.481023,12.05412
Kano,kano,Makaranta Yaladifu West,,settlement,grid3,Rijiyar Lemo,Fagge,Kano,0,1,8.480309,12.053833
Kano,kano,Makarantar Afganistan,,settlement,grid3,Rijiyar Lemo,Fagge,Kano,0,1,8.483253,12.047574
Kano,kano,Makarantar Alhaji Isayaro,,settlement,grid3,Bachirawa,Ungogo,Kano,0,1,8.466919,12.052917
Kano,kano,Makarantar Daji,,settlement,grid3,Tudun Fulani,Ungogo,Kano,0,1,8.470651,12.042229
Kano,kano,Makarantar Fako,,settlement,grid3,Zango (Ungogo),Ungogo,Kano,0,1,8.568705,12.046884
Kano,kano,Makarantar Malam Ata,,settlement,grid3,Shahuchi,Kano Municipal,Kano,0,1,8.520462,12.006052
Kano,kano,Makarantar Mallan Muntari,,settlement,grid3,Rijiyar Lemo,Fagge,Kano,0,1,8.475754,12.056032
Kano,kano,Makarantar Sudawa,,settlement,grid3,Gyaranya,Gwale,Kano,0,1,8.508538,11.997052
Kano,kano,Makarantar Yaladifu North,,settlement,grid3,Rijiyar Lemo,Fagge,Kano,0,1,8.480778,12.054647
Kano,kano,Makasa,,settlement,grid3,Dandago,Gwale,Kano,0,1,8.505281,11.992766
Kano,kano,Makasa B,,settlement,grid3,Dandago,Gwale,Kano,0,1,8.503533,11.994162
Kano,kano,Makera,,settlement,grid3,Unguwar Rimi,Kumbotso,Kano,0,1,8.574004,11.909198
Kano,kano,Makera,,settlement,grid3,Bachirawa,Ungogo,Kano,0,1,8.4417,12.0291
Kano,kano,Makera,,settlement,grid3,Kadawa,Ungogo,Kano,0,1,8.454484,12.069325
Kano,kano,Makera,,settlement,grid3,Gyaranya,Gwale,Kano,0,1,8.506775,11.998482
Kano,kano,Makera Layin Baka,,settlement,grid3,Dorayi,Gwale,Kano,0,1,8.480701,11.952668
Kano,kano,Makera Provision,,settlement,grid3,Kadawa,Ungogo,Kano,0,1,8.452377,12.074709
Kano,kano,Makwalla,,settlement,grid3,Kantudu,Dala,Kano,0,1,8.509257,12.007935
Kano,kano,Makwalla A,,settlement,grid3,Kadawa,Ungogo,Kano,0,1,8.451126,12.076448
Kano,kano,Makwalla B,,settlement,grid3,Bachirawa,Ungogo,Kano,0,1,8.477597,12.07062
Kano,kano,Makwarari,,settlement,grid3,Tudun Nufawa,Kano Municipal,Kano,0,1,8.512226,11.999654
Kano,kano,Mal IDI Mai Almajirai,,settlement,grid3,Gama,Nassarawa,Kano,0,1,8.550167,12.032696
Kano,kano,Mal Uba Safiyanu,,settlement,grid3,Dorayi,Gwale,Kano,0,1,8.453132,11.95749
Kano,kano,Malam Babba Sani,,settlement,grid3,Rijiyar Lemo,Fagge,Kano,0,1,8.48468,12.046509
Kano,kano,Malam Dan Doka,,settlement,grid3,Sani Mai Nagge,Gwale,Kano,0,1,8.500355,11.986637
Kano,kano,Malam Ganari,,settlement,grid3,Zaitawa,Kano Municipal,Kano,0,1,8.515106,12.005355
Kano,kano,Malam Ganari Koki Bakin Titi,,settlement,grid3,Zaitawa,Kano Municipal,Kano,0,1,8.514953,12.005078
Kano,kano,Malam Kato,,settlement,grid3,Fagge C,Fagge,Kano,0,1,8.539149,12.006336
Kano,kano,Malam Kato Central Fagge A,,settlement,grid3,Fagge C,Fagge,Kano,0,1,8.539621,12.006848
Kano,kano,Malam Kato East Fagge A,,settlement,grid3,Fagge A,Fagge,Kano,0,1,8.539981,12.004435
Kano,kano,Malam Kato North Fagge,,settlement,grid3,Fagge C,Fagge,Kano,0,1,8.540601,12.008346
Kano,kano,Malam Kato Square,,settlement,grid3,Fagge C,Fagge,Kano,0,1,8.539424,12.007352
Kano,kano,Malam Musa,,settlement,grid3,Kabuga,Gwale,Kano,0,1,8.488449,11.985645
Kano,kano,Malam Sidi Saad,,settlement,grid3,Gyaranya,Gwale,Kano,0,1,8.511529,11.997803
Kano,kano,Malam Tijani,,settlement,grid3,Dandago,Gwale,Kano,0,1,8.504261,11.993823
Kano,kano,Malam Wulli,,settlement,grid3,Unguwa Uku Cikin Gari,Tarauni,Kano,0,1,8.56373,11.960086
Kano,kano,Malamawa,,settlement,grid3,Gayawa,Ungogo,Kano,0,1,8.581299,12.087891
Kano,kano,Malamawa,,settlement,grid3,Yalwa,Dala,Kano,0,1,8.501111,12.004769
Kano,kano,Malan Garba,,settlement,grid3,Gwale,Gwale,Kano,0,1,8.512096,11.985111
Kano,kano,Malkano Dutse,,settlement,grid3,Tudun Wada,Nassarawa,Kano,0,1,8.552376,12.022973
Kano,kano,Mallan Babba,,settlement,grid3,Galadanchi,Gwale,Kano,0,1,8.507959,11.987528
Kano,kano,Malori Faragona,,village,osm,Karo,Ungogo,Kano,0,1,8.520818,12.098655
Kano,kano,Mammaga,,settlement,grid3,Hotoro South,Nassarawa,Kano,0,1,8.57809,11.972974
Kano,kano,Mammaga Dogon Rimi,,settlement,grid3,Hotoro South,Nassarawa,Kano,0,1,8.577469,11.972162
Kano,kano,Man Ladan Layin Su Ma'u,,settlement,grid3,Madigawa,Dala,Kano,0,1,8.506049,12.00238
Kano,kano,Manani,,settlement,grid3,Diso,Gwale,Kano,0,1,8.512581,11.987861
Kano,kano,Manani,,settlement,grid3,Gwale,Gwale,Kano,0,1,8.511231,11.984867
Kano,kano,Mandara,,settlement,grid3,Bachirawa,Ungogo,Kano,0,1,8.423112,12.052247
Kano,kano,Mangoran Baliya Yamma,,settlement,grid3,Rijiyar Lemo,Fagge,Kano,0,1,8.481548,12.052825
Kano,kano,Mangoran Baliyo Gabas,,settlement,grid3,Rijiyar Lemo,Fagge,Kano,0,1,8.481054,12.052901
Kano,kano,Mangwaran Mahauta Layin Baushe,,settlement,grid3,Gama,Nassarawa,Kano,0,1,8.554679,12.028885
Kano,kano,Mangwaron Dawa,,settlement,grid3,Rijiyar Zaki,Ungogo,Kano,0,1,8.459473,11.987305
Kano,kano,Mangwarori,,settlement,grid3,Dan Maliki,Kumbotso,Kano,0,1,8.503005,11.951575
Kano,kano,Mangwran Mahuta Layin Shugaba Hassan,,settlement,grid3,Gama,Nassarawa,Kano,0,1,8.555269,12.02952
Kano,kano,Manladan Layin Lawan Rabo,,settlement,grid3,Madigawa,Dala,Kano,0,1,8.5043,12.001839
Kano,kano,Manladan Layin Maiunguwa,,settlement,grid3,Madigawa,Dala,Kano,0,1,8.503973,12.00211
Kano,kano,Mansur Kankarofi,,settlement,grid3,Gyadi Gyadi Kudu,Tarauni,Kano,0,1,8.547688,11.969424
Kano,kano,Manta Jallo,,village,osm,Ungogo,Ungogo,Kano,0,1,8.47094,12.0957
Kano,kano,Mararraba Gidan Maiunguwa,,settlement,grid3,Madigawa,Dala,Kano,0,1,8.506622,12.001327
Kano,kano,Mararraba Layin Bakin Titi,,settlement,grid3,Madigawa,Dala,Kano,0,1,8.506715,12.002052
Kano,kano,Mararraba Layin Dan Jariri,,settlement,grid3,Madigawa,Dala,Kano,0,1,8.508242,12.001271
Kano,kano,Mararraba Layin Fura Yamma,,settlement,grid3,Madigawa,Dala,Kano,0,1,8.508116,12.000987
Kano,kano,Mararraba Layin Gidan Yarabawa,,settlement,grid3,Madigawa,Dala,Kano,0,1,8.507321,12.000733
Kano,kano,Mararraba Layin Kale Kale,,settlement,grid3,Madigawa,Dala,Kano,0,1,8.507833,12.000666
Kano,kano,Mararraba Layin Makera,,settlement,grid3,Madigawa,Dala,Kano,0,1,8.506324,12.001325
Kano,kano,Mararraba Layin Makera Yamma,,settlement,grid3,Madigawa,Dala,Kano,0,1,8.505939,12.000446
Kano,kano,Mararraba Layin Masallaci,,settlement,grid3,Madigawa,Dala,Kano,0,1,8.503777,12.005876
Kano,kano,Mararraba Layin Mudi Salga Titin Jakara,,settlement,grid3,Madigawa,Dala,Kano,0,1,8.507193,12.001529
Kano,kano,Mariri,,town,osm,Mariri,Kumbotso,Kano,0,1,8.61738,11.9486
Kano,kano,Marken Badai,,settlement,grid3,Garun Gawa,Kumbotso,Kano,0,1,8.522874,11.927814
Kano,kano,Marken Bade,,settlement,grid3,Garun Gawa,Kumbotso,Kano,0,1,8.517349,11.925949
Kano,kano,Marmara A,,settlement,grid3,She She,Kano Municipal,Kano,0,1,8.512507,11.99708
Kano,kano,Marmara B,,settlement,grid3,She She,Kano Municipal,Kano,0,1,8.512884,11.996543
Kano,kano,Marwan Koki,,settlement,grid3,Chalawa,Kumbotso,Kano,0,1,8.412577,11.922981
Kano,kano,Marwan Tudun Masaka,,settlement,grid3,Chalawa,Kumbotso,Kano,0,1,8.41244,11.926781
Kano,kano,Marwan Unguwar Na Baba,,settlement,grid3,Chalawa,Kumbotso,Kano,0,1,8.407119,11.921919
Kano,kano,Maryam Abacha,,settlement,grid3,Fagge D2,Fagge,Kano,0,1,8.523817,12.017025
Kano,kano,Marzuku,,settlement,grid3,Gwale,Gwale,Kano,0,1,8.513193,11.984038
Kano,kano,Masaka,,settlement,grid3,Adakawa,Dala,Kano,0,1,8.510632,12.006921
Kano,kano,Masaka,,settlement,grid3,Panshekara,Kumbotso,Kano,0,1,8.464701,11.918361
Kano,kano,Masakar Kuda,,settlement,grid3,Adakawa,Dala,Kano,0,1,8.510671,12.006564
Kano,kano,Masalaci,,settlement,grid3,Dan Maliki,Kumbotso,Kano,0,1,8.530437,11.946804
Kano,kano,Masallaci,,settlement,grid3,Sabon Gari West,Fagge,Kano,0,1,8.531239,12.011123
Kano,kano,Masallaci,,settlement,grid3,Panshekara,Kumbotso,Kano,0,1,8.464726,11.917221
Kano,kano,Masallacin Layin Suleiman,,settlement,grid3,Kawaji,Nassarawa,Kano,0,1,8.580517,12.004724
Kano,kano,Masallacin Yan Izala,,settlement,grid3,Gwale,Gwale,Kano,0,1,8.510656,11.983768
Kano,kano,Masallacin Yan Izala,,settlement,grid3,Fagge C,Fagge,Kano,0,1,8.530341,12.008566
Kano,kano,Masallacin Yan Izala,,settlement,grid3,Tudun Fulani,Ungogo,Kano,0,1,8.477921,12.031565
Kano,kano,Masallci,,settlement,grid3,Gayawa,Ungogo,Kano,0,1,8.559082,12.044312
Kano,kano,Masama Line,,settlement,grid3,Giginyu,Nassarawa,Kano,0,1,8.564472,11.981971
Kano,kano,Mashuni,,settlement,grid3,Ungogo,Ungogo,Kano,0,1,8.494781,12.1256
Kano,kano,Matallawa,,settlement,grid3,Zango (Ungogo),Ungogo,Kano,0,1,8.575011,12.049825
Kano,kano,Matsula,,settlement,grid3,Unguwa Uku Kauyen Alu,Tarauni,Kano,0,1,8.573795,11.956299
Kano,kano,Mayanka,,settlement,grid3,Zaitawa,Kano Municipal,Kano,0,1,8.516947,12.008648
Kano,kano,Mayanka,,settlement,grid3,Tudun Fulani,Ungogo,Kano,0,1,8.479631,12.035638
Kano,kano,Mayanka Clinic,,settlement,grid3,Zaitawa,Kano Municipal,Kano,0,1,8.517273,12.00708
Kano,kano,Mazan Kwarai,,settlement,grid3,Tudun Nufawa,Kano Municipal,Kano,0,1,8.510905,12.000488
Kano,kano,Mazual A2 Layin Gidan Mai Unguwa,,settlement,grid3,Kofar Mazugal,Dala,Kano,0,1,8.515504,12.014912
Kano,kano,Mazuga A1 Layin Mai Lalle,,settlement,grid3,Kofar Mazugal,Dala,Kano,0,1,8.515004,12.013932
Kano,kano,Mazugal A Layin Malam Sanusi,,settlement,grid3,Kofar Mazugal,Dala,Kano,0,1,8.513422,12.012068
Kano,kano,Mazugal A1 Layin Bayan Asibiti,,settlement,grid3,Kofar Mazugal,Dala,Kano,0,1,8.516528,12.015146
Kano,kano,Mazugal A1 Maisikeli,,settlement,grid3,Kofar Mazugal,Dala,Kano,0,1,8.516081,12.013411
Kano,kano,Mazugal A1layin Mai Unguwa,,settlement,grid3,Kofar Mazugal,Dala,Kano,0,1,8.515862,12.013421
Kano,kano,Mazugal A2 Layin Maisara,,settlement,grid3,Kofar Mazugal,Dala,Kano,0,1,8.510939,12.013248
Kano,kano,Mazugal A2 Layin Tagwayen Gidan,,settlement,grid3,Kofar Mazugal,Dala,Kano,0,1,8.512993,12.01511
Kano,kano,Mazugal A4 Layin Adamu Dan Wala,,settlement,grid3,Kofar Mazugal,Dala,Kano,0,1,8.512192,12.01295
Kano,kano,Mazugal A4 Layin Hamisu Sarki Kida,,settlement,grid3,Kofar Mazugal,Dala,Kano,0,1,8.51246,12.01223
Kano,kano,Mazugal A4 Layin Mallam Ado,,settlement,grid3,Kofar Mazugal,Dala,Kano,0,1,8.513466,12.012689
Kano,kano,Mazugal B Layin Sharifai,,settlement,grid3,Kofar Mazugal,Dala,Kano,0,1,8.514141,12.011369
Kano,kano,Mazugal B Layin Uba Uba,,settlement,grid3,Kofar Mazugal,Dala,Kano,0,1,8.516171,12.015498
Kano,kano,Mazugal B2 Layin Masaka,,settlement,grid3,Kofar Mazugal,Dala,Kano,0,1,8.514159,12.015633
Kano,kano,Mazugal B2 Layin Umar Mai Shayi,,settlement,grid3,Kofar Mazugal,Dala,Kano,0,1,8.515392,12.015584
Kano,kano,Mch,,settlement,grid3,Unguwa Uku Cikin Gari,Tarauni,Kano,0,1,8.561392,11.958182
Kano,kano,Medical Block,,settlement,grid3,Kwachiri,Fagge,Kano,0,1,8.531375,12.045149
Kano,kano,Medical Center,,settlement,grid3,Kwachiri,Fagge,Kano,0,1,8.502766,12.029665
Kano,kano,Middle Road,,settlement,grid3,Sabon Gari East,Fagge,Kano,0,1,8.534802,12.020067
Kano,kano,Middle Road By Court Road,,settlement,grid3,Sabon Gari West,Fagge,Kano,0,1,8.534405,12.019657
Kano,kano,Middle Road By Gold Coast Road,,settlement,grid3,Sabon Gari West,Fagge,Kano,0,1,8.532479,12.019725
Kano,kano,Mikiya Street,,settlement,grid3,Sani Mai Nagge,Gwale,Kano,0,1,8.500788,11.989261
Kano,kano,Miller Road,,settlement,grid3,Tudun Wada,Nassarawa,Kano,0,1,8.55217,12.012737
Kano,kano,Minkyau,,village,osm,Ungogo,Ungogo,Kano,0,1,8.47923,12.1104
Kano,kano,Minkyau Gabas,,settlement,grid3,Ungogo,Ungogo,Kano,0,1,8.480444,12.108736
Kano,kano,Minkyau Karofi,,settlement,grid3,Ungogo,Ungogo,Kano,0,1,8.480011,12.108617
Kano,kano,Minkyau Layin Mai Unguwa,,settlement,grid3,Ungogo,Ungogo,Kano,0,1,8.478237,12.109279
Kano,kano,Minkyau Yamma,,settlement,grid3,Ungogo,Ungogo,Kano,0,1,8.478824,12.109836
Kano,kano,Mobile Barack,,settlement,grid3,Hotoro South,Nassarawa,Kano,0,1,8.576146,11.971273
Kano,kano,Mobile Barrack,,settlement,grid3,Sharada,Kano Municipal,Kano,0,1,8.507666,11.98232
Kano,kano,Moddibo A,,settlement,grid3,Sharada,Kano Municipal,Kano,0,1,8.507012,11.978868
Kano,kano,Moddibo B,,settlement,grid3,Sharada,Kano Municipal,Kano,0,1,8.507713,11.977776
Kano,kano,Model,,settlement,grid3,Sharada,Kano Municipal,Kano,0,1,8.503381,11.976384
Kano,kano,Modibbo Adam Road,,settlement,grid3,Sani Mai Nagge,Gwale,Kano,0,1,8.496508,11.986275
Kano,kano,Motor Park,,settlement,grid3,Unguwa Uku Kauyen Alu,Tarauni,Kano,0,1,8.570011,11.9531
Kano,kano,Motor Park A,,settlement,grid3,Unguwa Uku Kauyen Alu,Tarauni,Kano,0,1,8.569329,11.951756
Kano,kano,Motor Park B,,settlement,grid3,Unguwa Uku Kauyen Alu,Tarauni,Kano,0,1,8.568978,11.953278
Kano,kano,Mtashar Shanono Line,,settlement,grid3,Rijiyar Zaki,Ungogo,Kano,0,1,8.450312,11.976095
Kano,kano,Muazu Kansila,,settlement,grid3,Gwagwarwa,Nassarawa,Kano,0,1,8.543779,12.03206
Kano,kano,Muhammed Muhammed Avenue,,settlement,grid3,Hotoro,Tarauni,Kano,0,1,8.567256,11.974099
Kano,kano,Muktar Tofa,,settlement,grid3,Gyadi Gyadi Kudu,Tarauni,Kano,0,1,8.545743,11.970771
Kano,kano,Muncika Arewa,,settlement,grid3,Karo,Ungogo,Kano,0,1,8.537748,12.116001
Kano,kano,Mundadu,,village,osm,Dan Maliki,Kumbotso,Kano,0,1,8.49976,11.9467
Kano,kano,Mundadu D2,,settlement,grid3,Dan Maliki,Kumbotso,Kano,0,1,8.499374,11.948945
Kano,kano,Mundadu D3,,settlement,grid3,Dan Maliki,Kumbotso,Kano,0,1,8.500647,11.949596
Kano,kano,Mundadu D4,,settlement,grid3,Dan Maliki,Kumbotso,Kano,0,1,8.5015,11.94748
Kano,kano,Mundadu D5,,settlement,grid3,Dan Maliki,Kumbotso,Kano,0,1,8.500683,11.945906
Kano,kano,Murtala Mohammed Way,,settlement,grid3,Fagge C,Fagge,Kano,0,1,8.541531,12.009269
Kano,kano,Murtala Muhammad Way,,settlement,grid3,Sabon Gari West,Fagge,Kano,0,1,8.534381,12.013208
Kano,kano,Musa Daja A,,settlement,grid3,Gyadi Gyadi Kudu,Tarauni,Kano,0,1,8.544495,11.969544
Kano,kano,Mustafa Mai Roba,,settlement,grid3,Sani Mai Nagge,Gwale,Kano,0,1,8.503738,11.990384
Kano,kano,Mustapha Gwarzo,,settlement,grid3,Babban Giji,Tarauni,Kano,0,1,8.537783,11.964201
Kano,kano,Muzakkar Line,,settlement,grid3,Rijiyar Zaki,Ungogo,Kano,0,1,8.451796,11.977013
Kano,kano,Nababa Street,,settlement,grid3,Kawaji,Nassarawa,Kano,0,1,8.572366,12.011499
Kano,kano,Nafowa Day Care,,settlement,grid3,Kwachiri,Fagge,Kano,0,1,8.527129,12.037713
Kano,kano,Naibawa,,settlement,grid3,Naibawa,Kumbotso,Kano,0,1,8.567331,11.941786
Kano,kano,Naibawa Gabas,,settlement,grid3,Naibawa,Kumbotso,Kano,0,1,8.57235,11.935132
Kano,kano,Naibawa Gidan Gaida,,settlement,grid3,Naibawa,Kumbotso,Kano,0,1,8.562411,11.93743
Kano,kano,Naibawa Tsakiya,,settlement,grid3,Naibawa,Kumbotso,Kano,0,1,8.563236,11.933693
Kano,kano,Naira da Kobo,,settlement,grid3,Gobirawa,Dala,Kano,0,1,8.487766,12.030562
Kano,kano,Nasarawa Roundabout,,roundabout,osm,Giginyu,Nassarawa,Kano,0,1,8.550478,11.995774
Kano,kano,Nasidi,,settlement,grid3,Gyadi Gyadi Arewa,Tarauni,Kano,0,1,8.54226,11.974731
Kano,kano,Nepa,,settlement,grid3,Panshekara,Kumbotso,Kano,0,1,8.45683,11.887566
Kano,kano,Nepa,,settlement,grid3,Dan Maliki,Kumbotso,Kano,0,1,8.510393,11.956315
Kano,kano,New Road,,settlement,grid3,Sabon Gari East,Fagge,Kano,0,1,8.537922,12.018565
Kano,kano,Nguru Street 2,,settlement,grid3,Sabon Gari West,Fagge,Kano,0,1,8.534329,12.031914
Kano,kano,Niger By Igbo Road,,settlement,grid3,Sabon Gari East,Fagge,Kano,0,1,8.540259,12.015167
Kano,kano,Niger Court Road,,settlement,grid3,Sabon Gari East,Fagge,Kano,0,1,8.534911,12.01533
Kano,kano,Niger Road,,settlement,grid3,Sabon Gari East,Fagge,Kano,0,1,8.53621,12.015267
Kano,kano,Niger Road By Court Road,,settlement,grid3,Sabon Gari West,Fagge,Kano,0,1,8.533974,12.015114
Kano,kano,Niger Street Tashar Malam Kato Fagge A,,settlement,grid3,Fagge C,Fagge,Kano,0,1,8.537946,12.005504
Kano,kano,Nlc Quarters,,settlement,grid3,Fagge D2,Fagge,Kano,0,1,8.513633,12.031511
Kano,kano,Nndc Quarters,,settlement,grid3,Sharada,Kano Municipal,Kano,0,1,8.500101,11.977123
Kano,kano,Nura Sani Hanga,,settlement,grid3,Gyadi Gyadi Kudu,Tarauni,Kano,0,1,8.546216,11.966309
Kano,kano,O C,,settlement,grid3,Dorayi,Gwale,Kano,0,1,8.474958,11.976877
Kano,kano,Odutola 1,,settlement,grid3,Sabon Gari West,Fagge,Kano,0,1,8.530922,12.018629
Kano,kano,Odutola Street 2,,settlement,grid3,Sabon Gari West,Fagge,Kano,0,1,8.530932,12.01955
Kano,kano,Officers Qtrs,,settlement,grid3,Kwachiri,Fagge,Kano,0,1,8.530021,12.03822
Kano,kano,Offishin Ammani,,settlement,grid3,Fagge B,Fagge,Kano,0,1,8.530006,12.006977
Kano,kano,Ogaja Road Layin Gawo,,settlement,grid3,Kaura Goje,Nassarawa,Kano,0,1,8.543322,12.037686
Kano,kano,Ogaja Road To Balbaya,,settlement,grid3,Kaura Goje,Nassarawa,Kano,0,1,8.543283,12.03859
Kano,kano,Okene Street,,settlement,grid3,Sabon Gari West,Fagge,Kano,0,1,8.533528,12.030999
Kano,kano,Okonko Avenue,,settlement,grid3,Sabon Gari East,Fagge,Kano,0,1,8.539962,12.012935
Kano,kano,Onitsha Road,,settlement,grid3,Sabon Gari East,Fagge,Kano,0,1,8.537434,12.024967
Kano,kano,Onitsha Road By Court Road,,settlement,grid3,Sabon Gari West,Fagge,Kano,0,1,8.534779,12.025031
Kano,kano,Oyo Street 2,,settlement,grid3,Sabon Gari West,Fagge,Kano,0,1,8.5375,12.030282
Kano,kano,Pandanka,,settlement,grid3,Chiranchi,Kumbotso,Kano,0,1,8.484982,11.927709
Kano,kano,Pandaudu,,settlement,grid3,Daurawa,Tarauni,Kano,0,1,8.558318,11.966975
Kano,kano,Panshekara Baure,,settlement,grid3,Panshekara,Kumbotso,Kano,0,1,8.461569,11.89767
Kano,kano,Pegi 2,,settlement,grid3,Sharada,Kano Municipal,Kano,0,1,8.505153,11.97345
Kano,kano,Police Church,,settlement,grid3,Fagge D2,Fagge,Kano,0,1,8.523614,12.020501
Kano,kano,Police College,,settlement,grid3,Panshekara,Kumbotso,Kano,0,1,8.461918,11.898108
Kano,kano,Police Quaters,,settlement,grid3,Sabon Gari East,Fagge,Kano,0,1,8.537015,12.041384
Kano,kano,Police Station,,settlement,grid3,Gwale,Gwale,Kano,0,1,8.509783,11.984869
Kano,kano,Police Station,,settlement,grid3,Zango (Ungogo),Ungogo,Kano,0,1,8.583679,12.0401
Kano,kano,Police Station Avenue,,settlement,grid3,Sabon Gari West,Fagge,Kano,0,1,8.538713,12.027974
Kano,kano,Protestan Church,,settlement,grid3,Kwachiri,Fagge,Kano,0,1,8.527528,12.035716
Kano,kano,Quranic School,,settlement,grid3,Kabuga,Gwale,Kano,0,1,8.475355,12.016563
Kano,kano,Rabiu Kansila,,settlement,grid3,Tarauni,Tarauni,Kano,0,1,8.559022,11.975834
Kano,kano,Rafin Dan Nana,,settlement,grid3,Dorayi,Gwale,Kano,0,1,8.463763,11.977119
Kano,kano,Rafin Kuka,,settlement,grid3,Garun Gawa,Kumbotso,Kano,0,1,8.522149,11.960302
Kano,kano,Rafin Kuka A,,settlement,grid3,Gandu Albasa,Kano Municipal,Kano,0,1,8.521113,11.961419
Kano,kano,Rafin Kuka B,,settlement,grid3,Gandu Albasa,Kano Municipal,Kano,0,1,8.522652,11.962511
Kano,kano,Rafin Malam Cikin Gari,,settlement,grid3,Kadawa,Ungogo,Kano,0,1,8.501293,12.072185
Kano,kano,Rafin Malam Layin IDI Maibulo,,settlement,grid3,Kadawa,Ungogo,Kano,0,1,8.486035,12.067947
Kano,kano,Rafin Mallam Bugaje,,settlement,grid3,Kadawa,Ungogo,Kano,0,1,8.492974,12.075076
Kano,kano,Rafin Saleh,,settlement,grid3,Gwagwarwa,Nassarawa,Kano,0,1,8.543214,12.032506
Kano,kano,Railway,,settlement,grid3,Fagge A,Fagge,Kano,0,1,8.542857,11.996114
Kano,kano,Railway Club Fagge A,,settlement,grid3,Fagge A,Fagge,Kano,0,1,8.537934,11.99871
Kano,kano,Railway Compound,,settlement,grid3,Fagge A,Fagge,Kano,0,1,8.538043,11.99845
Kano,kano,Railway South Fagge A,,settlement,grid3,Fagge A,Fagge,Kano,0,1,8.537755,11.997737
Kano,kano,Ramcy,,settlement,grid3,Naibawa,Kumbotso,Kano,0,1,8.546232,11.92017
Kano,kano,Ramib Wawa,,settlement,grid3,Dorayi,Gwale,Kano,0,1,8.472483,11.954021
Kano,kano,Ramin Fako,,settlement,grid3,Unguwa Uku Kauyen Alu,Tarauni,Kano,0,1,8.573334,11.954357
Kano,kano,Ramin Kwalabe,,settlement,grid3,Hotoro South,Nassarawa,Kano,0,1,8.590051,11.965558
Kano,kano,Ramin Tifa,,settlement,grid3,Zango (Ungogo),Ungogo,Kano,0,1,8.576274,12.039527
Kano,kano,Rangaza,,settlement,grid3,Dakata,Nassarawa,Kano,0,1,8.586193,12.03854
Kano,kano,Rangaza Cikin Gari,,settlement,grid3,Rangaza,Ungogo,Kano,0,1,8.594299,12.045288
Kano,kano,Rangaza Gabas,,settlement,grid3,Rangaza,Ungogo,Kano,0,1,8.593822,12.043608
Kano,kano,Rangaza Inkyan,,settlement,grid3,Dakata,Nassarawa,Kano,0,1,8.587051,12.03876
Kano,kano,Ranji B Layin Audu Tela,,settlement,grid3,Tudun Murtala,Nassarawa,Kano,0,1,8.566179,12.027833
Kano,kano,Ranji B Layin Gajeru Ali Gwano,,settlement,grid3,Tudun Murtala,Nassarawa,Kano,0,1,8.567303,12.02767
Kano,kano,Ranji B Tukubar Alhaji Abba,,settlement,grid3,Tudun Murtala,Nassarawa,Kano,0,1,8.564606,12.027704
Kano,kano,Ranji B Zagadi,,settlement,grid3,Tudun Murtala,Nassarawa,Kano,0,1,8.567958,12.028874
Kano,kano,Ranji D Layin Abba Mai Kanti,,settlement,grid3,Tudun Murtala,Nassarawa,Kano,0,1,8.569842,12.029485
Kano,kano,Ranji D Layin Haruna Mai Katifa,,settlement,grid3,Tudun Murtala,Nassarawa,Kano,0,1,8.568331,12.028175
Kano,kano,Ranji D Layin Tagwayen Gida,,settlement,grid3,Tudun Murtala,Nassarawa,Kano,0,1,8.567656,12.028207
Kano,kano,Ranji D Layin Tanimu Mai Fura,,settlement,grid3,Tudun Murtala,Nassarawa,Kano,0,1,8.568521,12.029382
Kano,kano,Rasha Makera,,settlement,grid3,Kumbotso,Kumbotso,Kano,0,1,8.501784,11.889275
Kano,kano,Rauda Kayi Gabas Bakin Diga,,settlement,grid3,Hotoro North,Nassarawa,Kano,0,1,8.593564,12.005643
Kano,kano,Rauda Kayi Layin Giginya,,settlement,grid3,Hotoro North,Nassarawa,Kano,0,1,8.594482,12.000703
Kano,kano,Rauda Keyi Gabas Layin Makarantar Alaramma,,settlement,grid3,Hotoro North,Nassarawa,Kano,0,1,8.594351,12.004729
Kano,kano,Rauda Keyi Layin Asibiti,,settlement,grid3,Hotoro North,Nassarawa,Kano,0,1,8.590122,12.000758
Kano,kano,Rauda Keyi Layin Gidan Babban Gida,,settlement,grid3,Hotoro North,Nassarawa,Kano,0,1,8.592037,12.002568
Kano,kano,Rauda Keyi Layin Gidan Dawaye,,settlement,grid3,Hotoro North,Nassarawa,Kano,0,1,8.59336,11.999961
Kano,kano,Rauda Keyi Layin Gidan Mai Unguwa,,settlement,grid3,Hotoro North,Nassarawa,Kano,0,1,8.591963,12.005213
Kano,kano,Rauda Keyi Layin Gidan Rimi,,settlement,grid3,Hotoro North,Nassarawa,Kano,0,1,8.594131,12.00189
Kano,kano,Rauda Keyi Layin Tagwayen Gida,,settlement,grid3,Hotoro North,Nassarawa,Kano,0,1,8.591751,12.000651
Kano,kano,Rauda Keyi Layin Yammaciya,,settlement,grid3,Hotoro North,Nassarawa,Kano,0,1,8.590632,12.003169
Kano,kano,Recca,,settlement,grid3,Panshekara,Kumbotso,Kano,0,1,8.462744,11.887607
Kano,kano,Riayatul Umma A,,settlement,grid3,Gandu Albasa,Kano Municipal,Kano,0,1,8.527396,11.977783
Kano,kano,Riayatul Umma B,,settlement,grid3,Gandu Albasa,Kano Municipal,Kano,0,1,8.530409,11.977987
Kano,kano,Riga,,settlement,grid3,Panshekara,Kumbotso,Kano,0,1,8.4592,11.910802
Kano,kano,Riga,,settlement,grid3,Garun Gawa,Kumbotso,Kano,0,1,8.522066,11.933004
Kano,kano,Riga B,,settlement,grid3,Gwagwarwa,Nassarawa,Kano,0,1,8.54248,12.0271
Kano,kano,Riga Babba,,settlement,grid3,Kumbotso,Kumbotso,Kano,0,1,8.513199,11.901463
Kano,kano,Rigar Filani,,settlement,grid3,Gobirawa,Dala,Kano,0,1,8.471445,12.051414
Kano,kano,Rigar Fulani,,settlement,grid3,Danbare,Kumbotso,Kano,0,1,8.445551,11.954363
Kano,kano,Rigar Fulani,,settlement,grid3,Kadawa,Ungogo,Kano,0,1,8.496094,12.078308
Kano,kano,Rigar Karama,,settlement,grid3,Kumbotso,Kumbotso,Kano,0,1,8.512669,11.902591
Kano,kano,Rigar Kuka,,settlement,grid3,Dan Maliki,Kumbotso,Kano,0,1,8.529047,11.942531
Kano,kano,Rijin Garbas,,settlement,grid3,Chiranchi,Kumbotso,Kano,0,1,8.496611,11.903552
Kano,kano,Rijiya Biyu,,settlement,grid3,Dala,Dala,Kano,0,1,8.507513,12.006113
Kano,kano,Rijiya Biyu Layin Malam Magaji,,settlement,grid3,Dala,Dala,Kano,0,1,8.507278,12.007108
Kano,kano,Rijiya Biyu Layin Malam Shuaibu,,settlement,grid3,Dala,Dala,Kano,0,1,8.508383,12.006123
Kano,kano,Rijiya Biyu Layin Musa Alkali,,settlement,grid3,Dala,Dala,Kano,0,1,8.508698,12.004358
Kano,kano,Rijiya Biyu Layin Sheme,,settlement,grid3,Dala,Dala,Kano,0,1,8.507211,12.005716
Kano,kano,Rijiyar Akwa,,settlement,grid3,Gyaranya,Gwale,Kano,0,1,8.510773,11.997752
Kano,kano,Rijiyar Dara,,settlement,grid3,Gyaranya,Gwale,Kano,0,1,8.507387,11.997767
Kano,kano,Rijiyar Gargar 1,,settlement,grid3,Kantudu,Dala,Kano,0,1,8.507613,12.01045
Kano,kano,Rijiyar Gargar 2,,settlement,grid3,Kabuwaya,Dala,Kano,0,1,8.505632,12.011667
Kano,kano,Rijiyar Lemo Mch Center,,settlement,grid3,Rijiyar Lemo,Fagge,Kano,0,1,8.477502,12.054746
Kano,kano,Rijiyar Lemo Mch North,,settlement,grid3,Rijiyar Lemo,Fagge,Kano,0,1,8.476501,12.054321
Kano,kano,Rijiyar Lemo Mch West,,settlement,grid3,Rijiyar Lemo,Fagge,Kano,0,1,8.477145,12.054786
Kano,kano,Rijiyar Lemo Phc Center,,settlement,grid3,Rijiyar Lemo,Fagge,Kano,0,1,8.48066,12.047259
Kano,kano,Rijiyar Lemo Phc North,,settlement,grid3,Rijiyar Lemo,Fagge,Kano,0,1,8.481873,12.049316
Kano,kano,Rijiyar Zaki Layin Masallaci,,settlement,grid3,Rijiyar Zaki,Ungogo,Kano,0,1,8.444964,12.000696
Kano,kano,Rimaye Cikin Gari A,,settlement,grid3,Gayawa,Ungogo,Kano,0,1,8.556308,12.086914
Kano,kano,Rimaye Cikin Gari B,,settlement,grid3,Gayawa,Ungogo,Kano,0,1,8.55249,12.085693
Kano,kano,Rimaye Rafi,,settlement,grid3,Gayawa,Ungogo,Kano,0,1,8.56807,12.08419
Kano,kano,Rimi Matasa,,settlement,grid3,Panshekara,Kumbotso,Kano,0,1,8.452826,11.895532
Kano,kano,Rimi Uku,,settlement,grid3,Panshekara,Kumbotso,Kano,0,1,8.456232,11.897952
Kano,kano,Rimin Auzinawa,,settlement,grid3,Tudun Fulani,Ungogo,Kano,0,1,8.460876,12.033875
Kano,kano,Rimin Dillai Asibiti Layin Gidan Shitu Gora,,settlement,grid3,Kaura Goje,Nassarawa,Kano,0,1,8.545657,12.04121
Kano,kano,Rimin Dillai Asibiti Layin M,,settlement,grid3,Kaura Goje,Nassarawa,Kano,0,1,8.545505,12.042324
Kano,kano,Rimin Dillai Layin Burtsatse Gidan Malam Ahmad,,settlement,grid3,Kaura Goje,Nassarawa,Kano,0,1,8.546707,12.039826
Kano,kano,Rimin Dillalai,,settlement,grid3,Kaura Goje,Nassarawa,Kano,0,1,8.543091,12.04071
Kano,kano,Rimin Gata Cikin Gari,,settlement,grid3,Rijiyar Zaki,Ungogo,Kano,0,1,8.443481,11.97229
Kano,kano,Rimin Gata Yamma,,settlement,grid3,Rijiyar Zaki,Ungogo,Kano,0,1,8.436343,11.970993
Kano,kano,Rimin Kira,,settlement,grid3,Zango (Municipal),Kano Municipal,Kano,0,1,8.521171,11.995579
Kano,kano,Rimin Madaki,,settlement,grid3,Yalwa,Dala,Kano,0,1,8.501308,12.002535
Kano,kano,Rimin Zakara,,settlement,grid3,Rijiyar Zaki,Ungogo,Kano,0,1,8.43706,11.997776
Kano,kano,Ringi Gabas,,settlement,grid3,Kumbotso,Kumbotso,Kano,0,1,8.5047,11.888306
Kano,kano,Ringimawa,,settlement,grid3,Mariri,Kumbotso,Kano,0,1,8.599958,11.915495
Kano,kano,Rinji,,settlement,grid3,Panshekara,Kumbotso,Kano,0,1,8.49373,11.90031
Kano,kano,Rinji,,settlement,grid3,Yada Kunya,Ungogo,Kano,0,1,8.589408,12.071287
Kano,kano,Rinji D,,settlement,grid3,Unguwar Gano,Tarauni,Kano,0,1,8.552962,11.952745
Kano,kano,Rinji Danusara,,settlement,grid3,Yada Kunya,Ungogo,Kano,0,1,8.584404,12.080686
Kano,kano,Rinji Unguwarfa,,settlement,grid3,Yada Kunya,Ungogo,Kano,0,1,8.610221,12.090269
Kano,kano,Road Safety,,settlement,grid3,Naibawa,Kumbotso,Kano,0,1,8.552318,11.93141
Kano,kano,Ruby Primary School,,settlement,grid3,Mariri,Kumbotso,Kano,0,1,8.610613,11.964816
Kano,kano,Rugar Fulani,,settlement,grid3,Rijiyar Zaki,Ungogo,Kano,0,1,8.45169,11.99655
Kano,kano,Rugar Fulani,,settlement,grid3,Kwachiri,Fagge,Kano,0,1,8.498118,12.045167
Kano,kano,Rui Gandu Layout,,settlement,grid3,Gandu Albasa,Kano Municipal,Kano,0,1,8.530273,11.977112
Kano,kano,Rumawa Gabas,HA,settlement,grid3,Rangaza,Ungogo,Kano,0,1,8.599767,12.031779
Kano,kano,Rumawa Gabas Unguwar Mammman Tela,HA,settlement,grid3,Rangaza,Ungogo,Kano,0,1,8.601251,12.032934
Kano,kano,Rumawa Unguwar Alhaji,BUA,settlement,grid3,Rangaza,Ungogo,Kano,0,1,8.5925,12.030556
Kano,kano,Rumfa College,,settlement,grid3,Gandu Albasa,Kano Municipal,Kano,0,1,8.526015,11.977206
Kano,kano,Rumfa Dilalai,,settlement,grid3,Kofar Ruwa,Dala,Kano,0,1,8.491997,12.02775
Kano,kano,Rumfar Shehu Line,,settlement,grid3,Rijiyar Zaki,Ungogo,Kano,0,1,8.451294,11.978516
Kano,kano,Russel Avenue,,settlement,grid3,Sabon Gari East,Fagge,Kano,0,1,8.540672,12.013663
Kano,kano,Ruwan Sai,,settlement,grid3,Mariri,Kumbotso,Kano,0,1,8.613192,11.956936
Kano,kano,S Laure,,settlement,grid3,Fagge C,Fagge,Kano,0,1,8.52912,12.010053
Kano,kano,S Madina Kuntau Academy,,settlement,grid3,Dorayi,Gwale,Kano,0,1,8.461421,11.965355
Kano,kano,S P Gidan Abdulmuminu,,settlement,grid3,Dorayi,Gwale,Kano,0,1,8.496096,11.946117
Kano,kano,Saa Ganono,,settlement,grid3,Gwammaja,Dala,Kano,0,1,8.509913,12.021929
Kano,kano,Saberi,,settlement,grid3,Dan Maliki,Kumbotso,Kano,0,1,8.49704,11.94144
Kano,kano,Sabilul Rashad,,settlement,grid3,Babban Giji,Tarauni,Kano,0,1,8.536761,11.972935
Kano,kano,Sabo Bakin Zuwo,,settlement,grid3,Giginyu,Nassarawa,Kano,0,1,8.562476,11.979214
Kano,kano,Sabo Birni,,settlement,grid3,Kwachiri,Fagge,Kano,0,1,8.501851,12.071004
Kano,kano,Sabo Makaranta East Yammata,,settlement,grid3,Yammata,Fagge,Kano,0,1,8.477722,12.06311
Kano,kano,Sabo Makaranta Yammata,,settlement,grid3,Yammata,Fagge,Kano,0,1,8.476466,12.06646
Kano,kano,Sabon Fegi,,settlement,grid3,Ungogo,Ungogo,Kano,0,1,8.492232,12.092157
Kano,kano,Sabon Fegi,,settlement,grid3,Danbare,Kumbotso,Kano,0,1,8.41561,11.956667
Kano,kano,Sabon Fegi,,settlement,grid3,Kumbotso,Kumbotso,Kano,0,1,8.499613,11.889061
Kano,kano,Sabon Fegi A,,settlement,grid3,Rijiyar Zaki,Ungogo,Kano,0,1,8.452579,11.987414
Kano,kano,Sabon Fegi B,,settlement,grid3,Rijiyar Zaki,Ungogo,Kano,0,1,8.453454,11.988504
Kano,kano,Sabon Fegi C,,settlement,grid3,Rijiyar Zaki,Ungogo,Kano,0,1,8.459563,11.979894
Kano,kano,Sabon Fegi Layin Asibiti,,settlement,grid3,Hotoro North,Nassarawa,Kano,0,1,8.582242,11.974393
Kano,kano,Sabon Fegi Layin Bustop,,settlement,grid3,Hotoro North,Nassarawa,Kano,0,1,8.581362,11.974518
Kano,kano,Sabon Fegi Layin Sani Mai Allura,,settlement,grid3,Hotoro North,Nassarawa,Kano,0,1,8.582515,11.97637
Kano,kano,Sabon Fegi Layin Sarki Bello,,settlement,grid3,Hotoro North,Nassarawa,Kano,0,1,8.583876,11.975418
Kano,kano,Sabon Gari Gadan Yan,,settlement,grid3,Tudun Fulani,Ungogo,Kano,0,1,8.450241,12.027389
Kano,kano,Sabon Gari Layin Kankare,,settlement,grid3,Fanisau,Ungogo,Kano,0,1,8.513489,12.082092
Kano,kano,Sabon Gari Layin Maigari,,settlement,grid3,Fanisau,Ungogo,Kano,0,1,8.514893,12.081482
Kano,kano,Sabon Gari Layin Malam Lawan,,settlement,grid3,Fanisau,Ungogo,Kano,0,1,8.516113,12.082886
Kano,kano,Sabon Garin Doka,,village,osm,Ungogo,Ungogo,Kano,0,1,8.44923,12.0879
Kano,kano,Sabon Garin Doka Arewa A,,settlement,grid3,Ungogo,Ungogo,Kano,0,1,8.450589,12.089115
Kano,kano,Sabon Garin Doka Arewa B,,settlement,grid3,Ungogo,Ungogo,Kano,0,1,8.449438,12.088236
Kano,kano,Sabon Garin Doka Kudu A,,settlement,grid3,Ungogo,Ungogo,Kano,0,1,8.449674,12.087117
Kano,kano,Sabon Garin Doka Kudu B,,settlement,grid3,Ungogo,Ungogo,Kano,0,1,8.449393,12.086405
Kano,kano,Sabon Garin Gadan A,,settlement,grid3,Tudun Fulani,Ungogo,Kano,0,1,8.454061,12.008785
Kano,kano,Sabon Garin Gadan B,,settlement,grid3,Tudun Fulani,Ungogo,Kano,0,1,8.453414,12.007943
Kano,kano,Sabon Gida,,settlement,grid3,Bachirawa,Ungogo,Kano,0,1,8.421326,12.044678
Kano,kano,Sabon Gida,,settlement,grid3,Karo,Ungogo,Kano,0,1,8.542137,12.108646
Kano,kano,Sabon Layi,,settlement,grid3,Bachirawa,Ungogo,Kano,0,1,8.425903,12.048096
Kano,kano,Sabon Madina Layin Nura Mai Kare,,settlement,grid3,Dorayi,Gwale,Kano,0,1,8.488978,11.954108
Kano,kano,Sabon Masallaci,,settlement,grid3,Kumbotso,Kumbotso,Kano,0,1,8.503114,11.891967
Kano,kano,Sabon Sara,,settlement,grid3,Mandawari,Gwale,Kano,0,1,8.510024,11.99574
Kano,kano,Sabon Titin Dan Rimi,,settlement,grid3,Rijiyar Lemo,Fagge,Kano,0,1,8.480612,12.049252
Kano,kano,Sabuwar Abuja,,settlement,grid3,Panshekara,Kumbotso,Kano,0,1,8.455822,11.900065
Kano,kano,Sabuwar Abuja,,settlement,grid3,Dan Maliki,Kumbotso,Kano,0,1,8.532898,11.947327
Kano,kano,Sabuwar Barebari,,settlement,grid3,Tudun Fulani,Ungogo,Kano,0,1,8.473083,12.030518
Kano,kano,Sabuwar Bata,,settlement,grid3,Fagge C,Fagge,Kano,0,1,8.530616,12.010485
Kano,kano,Sabuwar Dakata Gidan Oga Gwoge Layin Ado Principal,,settlement,grid3,Dakata,Nassarawa,Kano,0,1,8.580785,12.022496
Kano,kano,Sabuwar Dakata Layin Gidan Mai Unguwa Mato,,settlement,grid3,Dakata,Nassarawa,Kano,0,1,8.578639,12.0218
Kano,kano,Sabuwar Dakata Layin Hajiya Nai Layin Hajiya Inna,,settlement,grid3,Dakata,Nassarawa,Kano,0,1,8.577817,12.023619
Kano,kano,Sabuwar Dakata Layin Hajiya Nai Titin Kwana Kwana,,settlement,grid3,Dakata,Nassarawa,Kano,0,1,8.577656,12.023281
Kano,kano,Sabuwar Dakata Layin Mai Unguwa Mato,,settlement,grid3,Dakata,Nassarawa,Kano,0,1,8.578736,12.021432
Kano,kano,Sabuwar Gandu,,settlement,grid3,Gandu Albasa,Kano Municipal,Kano,0,1,8.512776,11.95931
Kano,kano,Sabuwar Gandu B,,settlement,grid3,Dan Maliki,Kumbotso,Kano,0,1,8.515325,11.952109
Kano,kano,Sabuwar Gwammaja,,settlement,grid3,Tudun Fulani,Ungogo,Kano,0,1,8.464656,12.031818
Kano,kano,Sabuwar Inusawa,,settlement,grid3,Yada Kunya,Ungogo,Kano,0,1,8.605312,12.057576
Kano,kano,Sabuwar Jega,,settlement,grid3,Rijiyar Zaki,Ungogo,Kano,0,1,8.444296,11.999002
Kano,kano,Sabuwar Kaba,,settlement,grid3,Kumbotso,Kumbotso,Kano,0,1,8.505811,11.885833
Kano,kano,Sabuwar Kurna,,settlement,grid3,Tudun Fulani,Ungogo,Kano,0,1,8.465954,12.031639
Kano,kano,Sabuwar Kwari,,settlement,grid3,Kwachiri,Fagge,Kano,0,1,8.495857,12.039018
Kano,kano,Sabuwar Madina,,settlement,grid3,Kwachiri,Fagge,Kano,0,1,8.495582,12.051825
Kano,kano,Sabuwar Madina,,settlement,grid3,Bachirawa,Ungogo,Kano,0,1,8.455505,12.060913
Kano,kano,Sabuwar Madina Layin Masallachi,,settlement,grid3,Dorayi,Gwale,Kano,0,1,8.488444,11.955079
Kano,kano,Sabuwar Madina Place Clinic,,settlement,grid3,Dorayi,Gwale,Kano,0,1,8.490956,11.956319
Kano,kano,Sabuwar Madinawa,,settlement,grid3,Kureken Sani,Kumbotso,Kano,0,1,8.561254,11.881857
Kano,kano,Sabuwar Mandawari,,settlement,grid3,Garun Gawa,Kumbotso,Kano,0,1,8.526141,11.95805
Kano,kano,Sabuwar Nassarawa,,settlement,grid3,Dan Maliki,Kumbotso,Kano,0,1,8.527563,11.943872
Kano,kano,Sabuwar Rangaza,,village,osm,Rangaza,Ungogo,Kano,0,1,8.60886,12.0573
Kano,kano,Sabuwar Unguwa,,settlement,grid3,Kureken Sani,Kumbotso,Kano,0,1,8.606762,11.939412
Kano,kano,Sabuwar Unguwa,,settlement,grid3,Gayawa,Ungogo,Kano,0,1,8.559326,12.049316
Kano,kano,Sabuwar Unguwa,,village,osm,Garun Gawa,Kumbotso,Kano,0,1,8.52207,11.934
Kano,kano,Sabuwar Unguwa Layin Mai Unguwa,,settlement,grid3,Ungogo,Ungogo,Kano,0,1,8.484965,12.120492
Kano,kano,Sabuwar Unguwar Batakaye,,settlement,grid3,Dan Maliki,Kumbotso,Kano,0,1,8.50592,11.91263
Kano,kano,Sabuwar Yalwa,,settlement,grid3,Kabuga,Gwale,Kano,0,1,8.472691,12.016976
Kano,kano,Sabuwar Zara,,settlement,grid3,Mariri,Kumbotso,Kano,0,1,8.60949,11.926806
Kano,kano,Sabuwar Zara,,settlement,grid3,Kureken Sani,Kumbotso,Kano,0,1,8.600513,11.925803
Kano,kano,Sadi Hongkong,,settlement,grid3,Gwammaja,Dala,Kano,0,1,8.508082,12.024312
Kano,kano,Sadiya Islamiyya,,settlement,grid3,Bachirawa,Ungogo,Kano,0,1,8.462494,12.05011
Kano,kano,Sadiya Masallaci,,settlement,grid3,Bachirawa,Ungogo,Kano,0,1,8.46674,12.051233
Kano,kano,Sagagi,,settlement,grid3,Fanisau,Ungogo,Kano,0,1,8.514928,12.085656
Kano,kano,Sagagi A,,settlement,grid3,Tudun Wazurchi,Kano Municipal,Kano,0,1,8.520015,11.985209
Kano,kano,Sagagi B,,settlement,grid3,Tudun Wazurchi,Kano Municipal,Kano,0,1,8.518429,11.985332
Kano,kano,Sai Bure,,settlement,grid3,Tudun Fulani,Ungogo,Kano,0,1,8.407421,12.02598
Kano,kano,Sakateriya,,settlement,grid3,Gwammaja,Dala,Kano,0,1,8.505607,12.022266
Kano,kano,Salanta,,settlement,grid3,Dorayi,Gwale,Kano,0,1,8.488721,11.967364
Kano,kano,Salanta,,settlement,grid3,Sharada,Kano Municipal,Kano,0,1,8.50531,11.969482
Kano,kano,Sale Mai Batir,,settlement,grid3,Unguwar Gano,Tarauni,Kano,0,1,8.557133,11.940289
Kano,kano,Sale Rimin Gado,,settlement,grid3,Tarauni,Tarauni,Kano,0,1,8.561742,11.976574
Kano,kano,Sallari Gidan Mai Unguwa,,settlement,grid3,Babban Giji,Tarauni,Kano,0,1,8.53852,11.959259
Kano,kano,Sallau Captain Street,,settlement,grid3,Giginyu,Nassarawa,Kano,0,1,8.56482,11.988659
Kano,kano,Samaigu,,settlement,grid3,Danbare,Kumbotso,Kano,0,1,8.454557,11.942412
Kano,kano,Sangalawa,,village,osm,Chiranchi,Kumbotso,Kano,0,1,8.46795,11.9352
Kano,kano,Sangalawa A,,settlement,grid3,Chiranchi,Kumbotso,Kano,0,1,8.469962,11.935736
Kano,kano,Sangalawa B,,settlement,grid3,Chiranchi,Kumbotso,Kano,0,1,8.468689,11.931091
Kano,kano,Sani Dan Boko,,settlement,grid3,Gyaranya,Gwale,Kano,0,1,8.508117,11.998058
Kano,kano,Sani Giwa,,settlement,grid3,Sabon Gari West,Fagge,Kano,0,1,8.53095,12.017652
Kano,kano,Sani Kafinta,,settlement,grid3,Unguwa Uku Kauyen Alu,Tarauni,Kano,0,1,8.572143,11.958014
Kano,kano,Sani Kazaure A,,settlement,grid3,Gyadi Gyadi Kudu,Tarauni,Kano,0,1,8.545927,11.969863
Kano,kano,Sani Lawan,,settlement,grid3,Daurawa,Tarauni,Kano,0,1,8.554626,11.969475
Kano,kano,Sani Sarkin Kasuwa,,settlement,grid3,Yammata,Fagge,Kano,0,1,8.47571,12.056302
Kano,kano,Sani Ungogo Street,,settlement,grid3,Fagge C,Fagge,Kano,0,1,8.532745,12.008312
Kano,kano,Sanusi,,settlement,grid3,Sabon Gari West,Fagge,Kano,0,1,8.531746,12.014518
Kano,kano,Sanusi Street,,settlement,grid3,Sabon Gari West,Fagge,Kano,0,1,8.531661,12.017616
Kano,kano,Sanya Olu Street 1,,settlement,grid3,Sabon Gari West,Fagge,Kano,0,1,8.531698,12.019215
Kano,kano,Sanya Olu Street 2,,settlement,grid3,Sabon Gari West,Fagge,Kano,0,1,8.531744,12.02331
Kano,kano,Sara Karofi,,settlement,grid3,Chalawa,Kumbotso,Kano,0,1,8.431314,11.905891
Kano,kano,Sara Mai Unguwa,,settlement,grid3,Chalawa,Kumbotso,Kano,0,1,8.440201,11.912445
Kano,kano,Sarari A1 Layin Hajiya Magajiya,,settlement,grid3,Kofar Mazugal,Dala,Kano,0,1,8.516223,12.012742
Kano,kano,Sarari A1 Layin Yangadi,,settlement,grid3,Kofar Mazugal,Dala,Kano,0,1,8.515252,12.012275
Kano,kano,Sarari A1layin Mai Unguwa,,settlement,grid3,Kofar Mazugal,Dala,Kano,0,1,8.515388,12.011265
Kano,kano,Sarari A2 Layin Alhaji Danjunmai,,settlement,grid3,Kofar Mazugal,Dala,Kano,0,1,8.516658,12.010943
Kano,kano,Sarari A2 Layin Kwata,,settlement,grid3,Kofar Mazugal,Dala,Kano,0,1,8.514801,12.010209
Kano,kano,Sarari A2 Layin Mohammed Labe,,settlement,grid3,Kofar Mazugal,Dala,Kano,0,1,8.514852,12.011015
Kano,kano,Sarari A2 Layin Sharu Sani,,settlement,grid3,Kofar Mazugal,Dala,Kano,0,1,8.51425,12.011679
Kano,kano,Sarari A3 Layin Alasan,,settlement,grid3,Kofar Mazugal,Dala,Kano,0,1,8.515104,12.009678
Kano,kano,Sarari A3 Layin Aminu,,settlement,grid3,Kofar Mazugal,Dala,Kano,0,1,8.516653,12.010525
Kano,kano,Sarari A3 Layin Gidan Doki,,settlement,grid3,Kofar Mazugal,Dala,Kano,0,1,8.516588,12.011728
Kano,kano,Sarari A3 Layin Sabuwar Kofa,,settlement,grid3,Kofar Mazugal,Dala,Kano,0,1,8.515897,12.009564
Kano,kano,Sararin Awaisu,,settlement,grid3,Mandawari,Gwale,Kano,0,1,8.511321,11.991108
Kano,kano,Sararin Awisu B,,settlement,grid3,Dandago,Gwale,Kano,0,1,8.510271,11.991259
Kano,kano,Sararin Madabo,,settlement,grid3,Adakawa,Dala,Kano,0,1,8.511387,12.008077
Kano,kano,Sararin Shirawa,,settlement,grid3,Kantudu,Dala,Kano,0,1,8.508922,12.009939
Kano,kano,Sardauna Crescent,,settlement,grid3,Giginyu,Nassarawa,Kano,0,1,8.5649,11.993331
Kano,kano,Sarhamu Clinic,,settlement,grid3,Mandawari,Gwale,Kano,0,1,8.511674,11.993434
Kano,kano,Sarkin Yaki,,settlement,grid3,Sabon Gari West,Fagge,Kano,0,1,8.531563,12.026506
Kano,kano,Sarkin Yaki,,settlement,grid3,Sabon Gari East,Fagge,Kano,0,1,8.536942,12.025696
Kano,kano,Sarkin Yaki By Balat Hughes,,settlement,grid3,Sabon Gari West,Fagge,Kano,0,1,8.538103,12.026405
Kano,kano,Sarkin Yaki By Burma Road,,settlement,grid3,Sabon Gari West,Fagge,Kano,0,1,8.530467,12.025688
Kano,kano,Sarkin Yaki By Court Road,,settlement,grid3,Sabon Gari West,Fagge,Kano,0,1,8.534589,12.026409
Kano,kano,Sarkin Yaki By Friendship Hotel,,settlement,grid3,Sabon Gari West,Fagge,Kano,0,1,8.53009,12.026489
Kano,kano,Sauda Clinic,,settlement,grid3,Dorayi,Gwale,Kano,0,1,8.470561,11.977383
Kano,kano,Sauna A Halladawa Kusa da Gidan Mudassiru,,settlement,grid3,Kawaji,Nassarawa,Kano,0,1,8.592288,12.014701
Kano,kano,Sauna A Layin Ado Walda Layin Ummaru Gurgu,,settlement,grid3,Kawaji,Nassarawa,Kano,0,1,8.595562,12.016041
Kano,kano,Sauna A Layin Ahmad Mai Tuwaris,,settlement,grid3,Kawaji,Nassarawa,Kano,0,1,8.594662,12.016863
Kano,kano,Sauna A Layin Fafunga Kusa da Gidan Malam Surajo,,settlement,grid3,Kawaji,Nassarawa,Kano,0,1,8.592957,12.015567
Kano,kano,Sauna A Layin Makabarta Gidan Malam Magaji,,settlement,grid3,Kawaji,Nassarawa,Kano,0,1,8.597364,12.014679
Kano,kano,Sauna A Layin Malam Ya'u,,settlement,grid3,Kawaji,Nassarawa,Kano,0,1,8.593692,12.013647
Kano,kano,Sauna A Malam Ashiru Street Saeedu Buka,,settlement,grid3,Kawaji,Nassarawa,Kano,0,1,8.597127,12.016235
Kano,kano,Sauna A Mamawo Street,,settlement,grid3,Kawaji,Nassarawa,Kano,0,1,8.594946,12.017798
Kano,kano,Sauna Mainore Gidan Gambo Gada,,settlement,grid3,Kawaji,Nassarawa,Kano,0,1,8.593968,12.022085
Kano,kano,Sauna Mainore Gidan Malam Isah,,settlement,grid3,Kawaji,Nassarawa,Kano,0,1,8.598163,12.022026
Kano,kano,Sauna Mainore Layin Gidan Mai Unguwa,,settlement,grid3,Kawaji,Nassarawa,Kano,0,1,8.596577,12.022548
Kano,kano,Sauna Mainore Layin Transformer Gidan Muhammad Near Nepa,,settlement,grid3,Kawaji,Nassarawa,Kano,0,1,8.593753,12.019598
Kano,kano,Sauna Marayar Sule Gidan Alhaji Bature Kusada Malam Iliya,,settlement,grid3,Kawaji,Nassarawa,Kano,0,1,8.587205,12.020287
Kano,kano,Sauna Marayar Sule Gidan Malam Dauda Aliyos Mai Kekuna,,settlement,grid3,Kawaji,Nassarawa,Kano,0,1,8.588471,12.019436
Kano,kano,Sauna Marayar Sule Gidan Muhammad Santsi Kusada Sabon Kanti,,settlement,grid3,Kawaji,Nassarawa,Kano,0,1,8.58761,12.018523
Kano,kano,Sauna Marayar Sule Layin Mai Unguwa,,settlement,grid3,Kawaji,Nassarawa,Kano,0,1,8.588097,12.018036
Kano,kano,Sauna Tsamiyar Zinaru Kura da Biri Gidan Isah Mai Shayi,,settlement,grid3,Kawaji,Nassarawa,Kano,0,1,8.595228,12.016089
Kano,kano,Sauna Tsamiyar Zinaru Layin Faudiyya Gidan Abdullahi,,settlement,grid3,Kawaji,Nassarawa,Kano,0,1,8.595634,12.014738
Kano,kano,Saya Saya,,settlement,grid3,Yada Kunya,Ungogo,Kano,0,1,8.596611,12.088499
Kano,kano,School Area,,settlement,grid3,Tudun Wada,Nassarawa,Kano,0,1,8.555585,12.02153
Kano,kano,Sha'iskawa,,settlement,grid3,Zango (Ungogo),Ungogo,Kano,0,1,8.582743,12.045803
Kano,kano,Shabbabul Islam Layin Malam Uzairu,,settlement,grid3,Daurawa,Tarauni,Kano,0,1,8.557926,11.97186
Kano,kano,Shadare,,settlement,grid3,Kabuwaya,Dala,Kano,0,1,8.512253,12.007026
Kano,kano,Shagari Quarters 1,,settlement,grid3,Garun Gawa,Kumbotso,Kano,0,1,8.521184,11.953234
Kano,kano,Shagari Quarters 2,,settlement,grid3,Garun Gawa,Kumbotso,Kano,0,1,8.520874,11.955322
Kano,kano,Shagari Quaters,,settlement,grid3,Garun Gawa,Kumbotso,Kano,0,1,8.522112,11.957691
Kano,kano,Shago Tara,,settlement,grid3,Gayawa,Ungogo,Kano,0,1,8.558437,12.046303
Kano,kano,Shago Tara,,settlement,grid3,Dorayi,Gwale,Kano,0,1,8.479164,11.941382
Kano,kano,Shago Tara A,,settlement,grid3,Tudun Fulani,Ungogo,Kano,0,1,8.482382,12.033875
Kano,kano,Shago Tara B,,settlement,grid3,Tudun Fulani,Ungogo,Kano,0,1,8.482549,12.033476
Kano,kano,Shaiskawa,,settlement,grid3,Panshekara,Kumbotso,Kano,0,1,8.458824,11.893482
Kano,kano,Shangel,,settlement,grid3,Rijiyar Zaki,Ungogo,Kano,0,1,8.417523,11.991874
Kano,kano,Sharada Bata A,,settlement,grid3,Sharada,Kano Municipal,Kano,0,1,8.512726,11.970593
Kano,kano,Sharada Bata B,,settlement,grid3,Sharada,Kano Municipal,Kano,0,1,8.508513,11.968965
Kano,kano,Sharada Cikin Gari A,,settlement,grid3,Sharada,Kano Municipal,Kano,0,1,8.508385,11.971945
Kano,kano,Sharada Cikin Gari B,,settlement,grid3,Sharada,Kano Municipal,Kano,0,1,8.507788,11.970557
Kano,kano,Sharada Clinic,,settlement,grid3,Sharada,Kano Municipal,Kano,0,1,8.513244,11.97089
Kano,kano,Sharada Kai da Kafa,,settlement,grid3,Sharada,Kano Municipal,Kano,0,1,8.50914,11.968618
Kano,kano,Sharada Layin Malam Sani,,settlement,grid3,Sharada,Kano Municipal,Kano,0,1,8.511248,11.969716
Kano,kano,Sharada Layin Masaudu,,settlement,grid3,Sharada,Kano Municipal,Kano,0,1,8.510799,11.969296
Kano,kano,Sharada Secondary,,settlement,grid3,Sharada,Kano Municipal,Kano,0,1,8.511553,11.970005
Kano,kano,Sharadar Malan,,settlement,grid3,Sharada,Kano Municipal,Kano,0,1,8.503357,11.97495
Kano,kano,Sharfadi,,settlement,grid3,Shahuchi,Kano Municipal,Kano,0,1,8.51658,11.997789
Kano,kano,Sharifai A,,settlement,grid3,Shahuchi,Kano Municipal,Kano,0,1,8.516704,12.002397
Kano,kano,Sharifai Arewa,,settlement,grid3,Kadawa,Ungogo,Kano,0,1,8.454018,12.071342
Kano,kano,Sharifai B,,settlement,grid3,Shahuchi,Kano Municipal,Kano,0,1,8.516763,12.001869
Kano,kano,Sharifai Cikin Gari,,settlement,grid3,Kadawa,Ungogo,Kano,0,1,8.457665,12.071382
Kano,kano,Sharifai Gabas,,settlement,grid3,Kadawa,Ungogo,Kano,0,1,8.459788,12.070443
Kano,kano,Sharifai Gidan Mai Unguwa,,settlement,grid3,Shahuchi,Kano Municipal,Kano,0,1,8.520622,12.007247
Kano,kano,Sharifai Kudu,,settlement,grid3,Kadawa,Ungogo,Kano,0,1,8.458641,12.069634
Kano,kano,Sharu Abba,,settlement,grid3,Galadanchi,Gwale,Kano,0,1,8.510804,11.990129
Kano,kano,Shatsari,,settlement,grid3,Dala,Dala,Kano,0,1,8.507432,12.005502
Kano,kano,Shatsari Layin Dan Liti Mai Shayi,,settlement,grid3,Dala,Dala,Kano,0,1,8.506681,12.004861
Kano,kano,Shatsari Layin Masallaci,,settlement,grid3,Dala,Dala,Kano,0,1,8.505015,12.011248
Kano,kano,Shatsari Layin Saminu Mai Gurasa,,settlement,grid3,Dala,Dala,Kano,0,1,8.50721,12.005213
Kano,kano,Shauni,,settlement,grid3,Rangaza,Ungogo,Kano,0,1,8.609497,12.047729
Kano,kano,Shehu Ashaka,,settlement,grid3,Babban Giji,Tarauni,Kano,0,1,8.537046,11.969373
Kano,kano,Shehu Azare,,settlement,grid3,Sharada,Kano Municipal,Kano,0,1,8.504691,11.972076
Kano,kano,Shehu Kira,,settlement,grid3,Panshekara,Kumbotso,Kano,0,1,8.460757,11.898497
Kano,kano,Sheikh Abdullahi,,settlement,grid3,Kwachiri,Fagge,Kano,0,1,8.486286,12.05249
Kano,kano,Sheikh Umar Kabo,,settlement,grid3,Gyadi Gyadi Kudu,Tarauni,Kano,0,1,8.54582,11.967038
Kano,kano,Sheka Phc,,settlement,grid3,Dan Maliki,Kumbotso,Kano,0,1,8.531311,11.954285
Kano,kano,Shekar Barde,,settlement,grid3,Dan Maliki,Kumbotso,Kano,0,1,8.532715,11.953491
Kano,kano,Sheshe A,,settlement,grid3,She She,Kano Municipal,Kano,0,1,8.51315,11.998565
Kano,kano,Sheshe B,,settlement,grid3,She She,Kano Municipal,Kano,0,1,8.513593,11.997302
Kano,kano,Shirawa,,settlement,grid3,Kabuwaya,Dala,Kano,0,1,8.50795,12.011832
Kano,kano,Sire,,settlement,grid3,Tudun Fulani,Ungogo,Kano,0,1,8.428326,12.034646
Kano,kano,Sncos Quarters Senior,,settlement,grid3,Kwachiri,Fagge,Kano,0,1,8.527635,12.0334
Kano,kano,Social Welfare,,settlement,grid3,Babban Giji,Tarauni,Kano,0,1,8.539611,11.97157
Kano,kano,Sokoto Road,,settlement,grid3,Tarauni,Tarauni,Kano,0,1,8.548998,11.980119
Kano,kano,Soli,,settlement,grid3,Naibawa,Kumbotso,Kano,0,1,8.561082,11.930012
Kano,kano,Soron Dinki A,,settlement,grid3,She She,Kano Municipal,Kano,0,1,8.514912,11.996114
Kano,kano,Soron Dinki B,,settlement,grid3,She She,Kano Municipal,Kano,0,1,8.515809,11.995602
Kano,kano,Stadium,,settlement,grid3,Sabon Gari East,Fagge,Kano,0,1,8.542276,12.014997
Kano,kano,Stadium Road,,settlement,grid3,Sabon Gari East,Fagge,Kano,0,1,8.542276,12.015653
Kano,kano,State Road,,settlement,grid3,Giginyu,Nassarawa,Kano,0,1,8.548982,11.987357
Kano,kano,Sudawa A,,settlement,grid3,Gyaranya,Gwale,Kano,0,1,8.50921,11.996737
Kano,kano,Sudawa B,,settlement,grid3,Gyaranya,Gwale,Kano,0,1,8.510215,11.998851
Kano,kano,Sulaiman Gezawa Street,,settlement,grid3,Tudun Wada,Nassarawa,Kano,0,1,8.555917,12.024013
Kano,kano,Sule Chamber Yammata,,settlement,grid3,Yammata,Fagge,Kano,0,1,8.483245,12.059884
Kano,kano,Suleman Crescent,,settlement,grid3,Giginyu,Nassarawa,Kano,0,1,8.564784,12.002768
Kano,kano,Sultan Road,,settlement,grid3,Giginyu,Nassarawa,Kano,0,1,8.561228,11.983053
Kano,kano,Summer Time,,settlement,grid3,Rijiyar Zaki,Ungogo,Kano,0,1,8.462097,11.981506
Kano,kano,Tabarau,,settlement,grid3,Gwammaja,Dala,Kano,0,1,8.506108,12.020818
Kano,kano,Tafasa Layin Mai Gari,,settlement,grid3,Bachirawa,Ungogo,Kano,0,1,8.463133,12.059069
Kano,kano,Tafawa Balewa,,settlement,grid3,Tudun Wada,Nassarawa,Kano,0,1,8.54527,12.010705
Kano,kano,Tafki Subuwar Kaba,,settlement,grid3,Kumbotso,Kumbotso,Kano,0,1,8.50555,11.885447
Kano,kano,Tagarji Gabas Layin Leda,,settlement,grid3,Tudun Murtala,Nassarawa,Kano,0,1,8.570739,12.036087
Kano,kano,Tagarji Gabas Layin Liman Sani,,settlement,grid3,Tudun Murtala,Nassarawa,Kano,0,1,8.57225,12.036676
Kano,kano,Tagarji Gabas Layin Liti Mai Gyara,,settlement,grid3,Tudun Murtala,Nassarawa,Kano,0,1,8.570193,12.038269
Kano,kano,Tagarji Gabas Layin Makarantar Dirimi,,settlement,grid3,Tudun Murtala,Nassarawa,Kano,0,1,8.571815,12.038877
Kano,kano,Tagarji Gabas Layin Mallam Masa Udu,,settlement,grid3,Tudun Murtala,Nassarawa,Kano,0,1,8.571007,12.038818
Kano,kano,Tagarji Gabas Layin Rijiya,,settlement,grid3,Tudun Murtala,Nassarawa,Kano,0,1,8.570976,12.036515
Kano,kano,Tagarji Gabas Yar Daura,,settlement,grid3,Tudun Murtala,Nassarawa,Kano,0,1,8.570131,12.037061
Kano,kano,Tagarji Yamma Layin Ado Mai Bulo,,settlement,grid3,Tudun Murtala,Nassarawa,Kano,0,1,8.567335,12.036641
Kano,kano,Tagarji Yamma Layin Etisalat,,settlement,grid3,Tudun Murtala,Nassarawa,Kano,0,1,8.568595,12.03567
Kano,kano,Tagarji Yamma Layin Gidan Mallam Tijjani,,settlement,grid3,Tudun Murtala,Nassarawa,Kano,0,1,8.56712,12.035606
Kano,kano,Tagarji Yamma Layin Injin Takarda,,settlement,grid3,Tudun Murtala,Nassarawa,Kano,0,1,8.568015,12.037008
Kano,kano,Tagarji Yamma Layin Kantin Sauki,,settlement,grid3,Tudun Murtala,Nassarawa,Kano,0,1,8.569542,12.035456
Kano,kano,Tagarji Yamma Layin Mallam Khalidu,,settlement,grid3,Tudun Murtala,Nassarawa,Kano,0,1,8.56964,12.036494
Kano,kano,Tagarji Yamma Layin Tata Mai Nama,,settlement,grid3,Tudun Murtala,Nassarawa,Kano,0,1,8.568001,12.035792
Kano,kano,Tagarji Yamma Layin Umaru Mai Fitilar Ruwa,,settlement,grid3,Tudun Murtala,Nassarawa,Kano,0,1,8.568906,12.036485
Kano,kano,Tagwayen Layi,,settlement,grid3,Gwagwarwa,Nassarawa,Kano,0,1,8.544739,12.030917
Kano,kano,Tahfizul Quran,,settlement,grid3,Tudun Fulani,Ungogo,Kano,0,1,8.471684,12.030799
Kano,kano,Takoke,,settlement,grid3,Fanisau,Ungogo,Kano,0,1,8.515161,12.08406
Kano,kano,Tanawa,,settlement,grid3,Unguwar Rimi,Kumbotso,Kano,0,1,8.59479,11.892565
Kano,kano,Tarauni Gabas,,settlement,grid3,Tarauni,Tarauni,Kano,0,1,8.562375,11.978282
Kano,kano,Tarauni Kudu C,,settlement,grid3,Tarauni,Tarauni,Kano,0,1,8.560524,11.974481
Kano,kano,Tarda,,village,osm,Karo,Ungogo,Kano,0,1,8.52031,12.1175
Kano,kano,Tarda Babban Layi,,settlement,grid3,Karo,Ungogo,Kano,0,1,8.520195,12.116953
Kano,kano,Tarda Layin Alhaji Abba,,settlement,grid3,Karo,Ungogo,Kano,0,1,8.520709,12.119154
Kano,kano,Tarwada Avenue,,settlement,grid3,Sani Mai Nagge,Gwale,Kano,0,1,8.500601,11.993755
Kano,kano,Tashar Daji,,settlement,grid3,Gwammaja,Dala,Kano,0,1,8.511744,12.015703
Kano,kano,Tashar Dan Gwauro,,settlement,grid3,Garun Gawa,Kumbotso,Kano,0,1,8.5009,11.9179
Kano,kano,Tashar Wazurchi,,settlement,grid3,Tudun Wazurchi,Kano Municipal,Kano,0,1,8.516907,11.987305
Kano,kano,Tata Gana Road,,settlement,grid3,Sani Mai Nagge,Gwale,Kano,0,1,8.491109,11.981249
Kano,kano,Tiga Road,,settlement,grid3,Tudun Wada,Nassarawa,Kano,0,1,8.553009,12.008872
Kano,kano,Tinshama Layin Car Wash Bakin Jirga,,settlement,grid3,Hotoro North,Nassarawa,Kano,0,1,8.58357,11.986342
Kano,kano,Tinshama Layin Engine Nika,,settlement,grid3,Hotoro North,Nassarawa,Kano,0,1,8.587722,11.988531
Kano,kano,Tinshama Layin Musa Almusaffeer,,settlement,grid3,Hotoro North,Nassarawa,Kano,0,1,8.585078,11.986587
Kano,kano,Titi Kasuwa Sani Bello,,settlement,grid3,Gama,Nassarawa,Kano,0,1,8.551191,12.028897
Kano,kano,Titi Kasuwar Yan Tsire,,settlement,grid3,Gama,Nassarawa,Kano,0,1,8.555941,12.029336
Kano,kano,Titin Asibiti,,settlement,grid3,Dala,Dala,Kano,0,1,8.509515,12.00692
Kano,kano,Titin Bojuwa,,settlement,grid3,Rijiyar Lemo,Fagge,Kano,0,1,8.484572,12.044919
Kano,kano,Titin Dakata,,settlement,grid3,Dakata,Nassarawa,Kano,0,1,8.577259,12.019358
Kano,kano,Titin Dan Kafi,,settlement,grid3,Gwagwarwa,Nassarawa,Kano,0,1,8.541988,12.029224
Kano,kano,Titin Danrimi Rumbun Dukiya,,settlement,grid3,Rijiyar Lemo,Fagge,Kano,0,1,8.478971,12.051838
Kano,kano,Titin Gagarau,,settlement,grid3,Dan Agundi,Kano Municipal,Kano,0,1,8.522217,11.985291
Kano,kano,Titin Gidan Gona,,settlement,grid3,Tudun Fulani,Ungogo,Kano,0,1,8.471349,12.034015
Kano,kano,Titin Jajira,,settlement,grid3,Gobirawa,Dala,Kano,0,1,8.470081,12.053348
Kano,kano,Titin Jajira Arewa,,settlement,grid3,Gobirawa,Dala,Kano,0,1,8.4696,12.053507
Kano,kano,Titin Kasuwa Layin Kwale Kwale Kasuwa,,settlement,grid3,Gama,Nassarawa,Kano,0,1,8.552026,12.028515
Kano,kano,Titin Kwaciri,,settlement,grid3,Kwachiri,Fagge,Kano,0,1,8.487015,12.052068
Kano,kano,Titin Kwankwaso,,settlement,grid3,Sani Mai Nagge,Gwale,Kano,0,1,8.497157,11.983805
Kano,kano,Titin Makasa,,settlement,grid3,Dandago,Gwale,Kano,0,1,8.503475,11.993801
Kano,kano,Titin Makwalla,,settlement,grid3,Dala,Dala,Kano,0,1,8.508791,12.007791
Kano,kano,Titin Makwalla Southern Dala,,settlement,grid3,Dala,Dala,Kano,0,1,8.510038,12.006366
Kano,kano,Titin Masallaci,,settlement,grid3,Panshekara,Kumbotso,Kano,0,1,8.466455,11.919916
Kano,kano,Titin Sarki Fawa,,settlement,grid3,Gawuna,Nassarawa,Kano,0,1,8.549146,12.027394
Kano,kano,Titin Zango Bare Bari,,settlement,grid3,Bachirawa,Ungogo,Kano,0,1,8.468563,12.066528
Kano,kano,Titun Kasuwa Layin Mai Azara,,settlement,grid3,Gama,Nassarawa,Kano,0,1,8.552102,12.033293
Kano,kano,Tokarawa B,,settlement,grid3,Kawaji,Nassarawa,Kano,0,1,8.60586,12.008136
Kano,kano,Tokarawa Industrial Area Bread Line Industrial,,settlement,grid3,Kawaji,Nassarawa,Kano,0,1,8.605953,12.006167
Kano,kano,Tokarawa Industrial Area Jamaar Kudu,,settlement,grid3,Kawaji,Nassarawa,Kano,0,1,8.605351,12.001359
Kano,kano,Tokarawa Industrial Area Kusa da Gidan Malam Yahaya,,settlement,grid3,Kawaji,Nassarawa,Kano,0,1,8.60765,12.006946
Kano,kano,Tokarawa Layin Musa Kore,,settlement,grid3,Kawaji,Nassarawa,Kano,0,1,8.604617,12.010317
Kano,kano,Tona,,settlement,grid3,Naibawa,Kumbotso,Kano,0,1,8.544926,11.933042
Kano,kano,Transformer Maiwada,,settlement,grid3,Tudun Fulani,Ungogo,Kano,0,1,8.479427,12.041193
Kano,kano,Tsalha Mai Chemist,,settlement,grid3,Sani Mai Nagge,Gwale,Kano,0,1,8.504121,11.987966
Kano,kano,Tsallaken Gidan Mai Daji,,settlement,grid3,Fagge B,Fagge,Kano,0,1,8.529844,12.007603
Kano,kano,Tsallaken Titi,,settlement,grid3,Zango (Ungogo),Ungogo,Kano,0,1,8.574237,12.041357
Kano,kano,Tsallaken Yamma,,settlement,grid3,Ungogo,Ungogo,Kano,0,1,8.446289,12.086487
Kano,kano,Tsallawa,,settlement,grid3,Kureken Sani,Kumbotso,Kano,0,1,8.581909,11.887512
Kano,kano,Tsamiya A Layin Hajiya Uwani,,settlement,grid3,Gawuna,Nassarawa,Kano,0,1,8.550313,12.026343
Kano,kano,Tsamiya A Layin Jagule,,settlement,grid3,Gawuna,Nassarawa,Kano,0,1,8.552063,12.026335
Kano,kano,Tsamiya B Layin Durumi,,settlement,grid3,Gawuna,Nassarawa,Kano,0,1,8.551593,12.02616
Kano,kano,Tsamiya B Layin Fadiyya,,settlement,grid3,Gawuna,Nassarawa,Kano,0,1,8.553771,12.026566
Kano,kano,Tsamiya B Layin Hajiya Dala,,settlement,grid3,Gawuna,Nassarawa,Kano,0,1,8.551304,12.027126
Kano,kano,Tsamiya B Layin Kwano,,settlement,grid3,Gawuna,Nassarawa,Kano,0,1,8.551205,12.026335
Kano,kano,Tsamiya Hajiya Lami Mai Tuwo,,settlement,grid3,Gawuna,Nassarawa,Kano,0,1,8.557192,12.029024
Kano,kano,Tsamiya Layin Alhaji Salisu,,settlement,grid3,Gawuna,Nassarawa,Kano,0,1,8.55786,12.029233
Kano,kano,Tsamiya Layin Bala Chairman,,settlement,grid3,Gawuna,Nassarawa,Kano,0,1,8.558349,12.0292
Kano,kano,Tsamiya Layin Nurul Huda Islamiyya,,settlement,grid3,Gawuna,Nassarawa,Kano,0,1,8.558402,12.029923
Kano,kano,Tsamiya Layin Sule Kaura,,settlement,grid3,Gawuna,Nassarawa,Kano,0,1,8.551699,12.026565
Kano,kano,Tsamiyar Basakkwace,,settlement,grid3,Tudun Fulani,Ungogo,Kano,0,1,8.477268,12.038851
Kano,kano,Tsamiyar Boka,,settlement,grid3,Hotoro South,Nassarawa,Kano,0,1,8.579663,11.974097
Kano,kano,Tsamiyar Dillali,,settlement,grid3,Unguwar Gano,Tarauni,Kano,0,1,8.561158,11.939441
Kano,kano,Tsamiyar Kashu,,settlement,grid3,Dorayi,Gwale,Kano,0,1,8.485405,11.964243
Kano,kano,Tsamiyar Kuturu,,settlement,grid3,Dorayi,Gwale,Kano,0,1,8.484289,11.965693
Kano,kano,Tsamiyar Nasidi,,settlement,grid3,Sharada,Kano Municipal,Kano,0,1,8.506123,11.969321
Kano,kano,Tsamiyar Zubau,,settlement,grid3,Gobirawa,Dala,Kano,0,1,8.469219,12.054834
Kano,kano,Tsamoni,,town,osm,Fanisau,Ungogo,Kano,0,1,8.54089,12.0791
Kano,kano,Tsarariya,,settlement,grid3,Rangaza,Ungogo,Kano,0,1,8.60967,12.04119
Kano,kano,Tsmiyar Zinaru Layin Gidan Malam Umar,,settlement,grid3,Kawaji,Nassarawa,Kano,0,1,8.594703,12.015814
Kano,kano,Tsoho Masalaci,,settlement,grid3,Panshekara,Kumbotso,Kano,0,1,8.461748,11.916797
Kano,kano,Tsohuwa Zara,,settlement,grid3,Mariri,Kumbotso,Kano,0,1,8.624105,11.92478
Kano,kano,Tsohuwar Gera,,settlement,grid3,Fanisau,Ungogo,Kano,0,1,8.563293,12.105286
Kano,kano,Tsohuwar Kaba,,settlement,grid3,Kumbotso,Kumbotso,Kano,0,1,8.502223,11.872508
Kano,kano,Tudu Rama,,settlement,grid3,Fanisau,Ungogo,Kano,0,1,8.539781,12.081864
Kano,kano,Tudun Bojuwa,,settlement,grid3,Gobirawa,Dala,Kano,0,1,8.475916,12.049089
Kano,kano,Tudun Bujuwa,,settlement,grid3,Kwachiri,Fagge,Kano,0,1,8.487099,12.049807
Kano,kano,Tudun Fulani,,settlement,grid3,Unguwar Gano,Tarauni,Kano,0,1,8.552746,11.950903
Kano,kano,Tudun Fulani A,,settlement,grid3,Tudun Fulani,Ungogo,Kano,0,1,8.476001,12.041711
Kano,kano,Tudun Fulani Asibiti,,settlement,grid3,Tudun Fulani,Ungogo,Kano,0,1,8.477806,12.035827
Kano,kano,Tudun Fulani B,,settlement,grid3,Tudun Fulani,Ungogo,Kano,0,1,8.473329,12.038453
Kano,kano,Tudun Gyaranya,,settlement,grid3,Gyaranya,Gwale,Kano,0,1,8.508373,11.997704
Kano,kano,Tudun Kadiriya,,settlement,grid3,Sharada,Kano Municipal,Kano,0,1,8.507523,11.972648
Kano,kano,Tudun Katsinawa,,settlement,grid3,Gama,Nassarawa,Kano,0,1,8.558472,12.036682
Kano,kano,Tudun Katsinawa Layin Mal Salisu Layin Dan Halima,,settlement,grid3,Gama,Nassarawa,Kano,0,1,8.558173,12.038128
Kano,kano,Tudun Muntsira,,settlement,grid3,Rijiyar Zaki,Ungogo,Kano,0,1,8.440383,11.975627
Kano,kano,Tudun Murtala,,settlement,grid3,Karo,Ungogo,Kano,0,1,8.51823,12.116568
Kano,kano,Tudun Murtala A Yamma,,settlement,grid3,Tudun Murtala,Nassarawa,Kano,0,1,8.562348,12.032283
Kano,kano,Tudun Murtala B Yamma,,settlement,grid3,Tudun Murtala,Nassarawa,Kano,0,1,8.564093,12.030455
Kano,kano,Tudun Murtala Layin Gidan Sani Zara,,settlement,grid3,Ungogo,Ungogo,Kano,0,1,8.499044,12.092116
Kano,kano,Tudun Murtala Layin Gidan Umaru Dan Kaka,,settlement,grid3,Ungogo,Ungogo,Kano,0,1,8.499311,12.092461
Kano,kano,Tudun Murtala Layin Mai Unguwar Ilu,,settlement,grid3,Ungogo,Ungogo,Kano,0,1,8.498636,12.091893
Kano,kano,Tudun Murtala Tsakiya,,settlement,grid3,Tudun Murtala,Nassarawa,Kano,0,1,8.561013,12.034784
Kano,kano,Tudun Nufawa A,,settlement,grid3,Tudun Nufawa,Kano Municipal,Kano,0,1,8.510729,12.000727
Kano,kano,Tudun Nufawa B,,settlement,grid3,Tudun Nufawa,Kano Municipal,Kano,0,1,8.512651,12.000827
Kano,kano,Tudun Ribidi,,settlement,grid3,Tudun Fulani,Ungogo,Kano,0,1,8.462307,12.030287
Kano,kano,Tudun Wada A,,settlement,grid3,Tudun Nufawa,Kano Municipal,Kano,0,1,8.510008,11.999639
Kano,kano,Tudun Wada B,,settlement,grid3,Gyaranya,Gwale,Kano,0,1,8.509539,11.999569
Kano,kano,Tudun Wada Raoad,,settlement,grid3,Sabon Gari East,Fagge,Kano,0,1,8.543838,12.020288
Kano,kano,Tukuba A,,settlement,grid3,Yakasai,Kano Municipal,Kano,0,1,8.527496,11.9941
Kano,kano,Tukuba B,,settlement,grid3,Yakasai,Kano Municipal,Kano,0,1,8.527075,11.994627
Kano,kano,Tukubar Babanan,,settlement,grid3,Kaura Goje,Nassarawa,Kano,0,1,8.55084,12.045267
Kano,kano,Tukuntawa Gindin Garu,,settlement,grid3,Gandu Albasa,Kano Municipal,Kano,0,1,8.523639,11.96381
Kano,kano,Tukuntawa Layin Gidan Zoo,,settlement,grid3,Gandu Albasa,Kano Municipal,Kano,0,1,8.523583,11.965692
Kano,kano,Tukuntawa Layin Jikin Gidan Zoo,,settlement,grid3,Gandu Albasa,Kano Municipal,Kano,0,1,8.522921,11.966626
Kano,kano,Tukuntawa Layin Transfomer,,settlement,grid3,Gandu Albasa,Kano Municipal,Kano,0,1,8.522477,11.965287
Kano,kano,Tukuntawa Primary,,settlement,grid3,Gandu Albasa,Kano Municipal,Kano,0,1,8.522278,11.964478
Kano,kano,Tulku,,settlement,grid3,Mariri,Kumbotso,Kano,0,1,8.613935,11.940427
Kano,kano,Tunga,,settlement,grid3,Dorayi,Gwale,Kano,0,1,8.468323,11.964111
Kano,kano,Tunga Gaun Ala,,settlement,grid3,Danbare,Kumbotso,Kano,0,1,8.463447,11.960463
Kano,kano,Turba,,settlement,grid3,Sharada,Kano Municipal,Kano,0,1,8.503393,11.97238
Kano,kano,Tusku,,settlement,grid3,Kumbotso,Kumbotso,Kano,0,1,8.518017,11.906074
Kano,kano,Tuwo da Kashi,,settlement,grid3,Sani Mai Nagge,Gwale,Kano,0,1,8.503377,11.987855
Kano,kano,Uba Dan Aljanna,,settlement,grid3,Gyadi Gyadi Kudu,Tarauni,Kano,0,1,8.544238,11.970659
Kano,kano,Ubale Haruna,,settlement,grid3,Gyadi Gyadi Kudu,Tarauni,Kano,0,1,8.543436,11.96964
Kano,kano,Uguwar Jakada,,settlement,grid3,Panshekara,Kumbotso,Kano,0,1,8.459435,11.914293
Kano,kano,Umadawa,,settlement,grid3,Gayawa,Ungogo,Kano,0,1,8.566617,12.10313
Kano,kano,Umar Baba Dala,,settlement,grid3,Dala,Dala,Kano,0,1,8.50652,12.010454
Kano,kano,Umar Ganduje Street,,settlement,grid3,Dorayi,Gwale,Kano,0,1,8.492951,11.953837
Kano,kano,Umar Garkuwan Minjibir,,settlement,grid3,Giginyu,Nassarawa,Kano,0,1,8.569682,11.988936
Kano,kano,Umar Kiliyarin,,settlement,grid3,Babban Giji,Tarauni,Kano,0,1,8.536722,11.963758
Kano,kano,Ummadawa,,settlement,grid3,Gayawa,Ungogo,Kano,0,1,8.57181,12.094485
Kano,kano,Ungogo Arewa,,town,osm,Ungogo,Ungogo,Kano,0,1,8.49534,12.0916
Kano,kano,Ungogo Arewa A Layin Alhaji IDI Dogo,,settlement,grid3,Ungogo,Ungogo,Kano,0,1,8.49616,12.09287
Kano,kano,Ungogo Arewa A Layin Dan Jumai Jakar,,settlement,grid3,Ungogo,Ungogo,Kano,0,1,8.496766,12.093349
Kano,kano,Ungogo Arewa A Layin Gidan Mai Gari,,settlement,grid3,Ungogo,Ungogo,Kano,0,1,8.495329,12.091974
Kano,kano,Ungogo Arewa B Gidan Hakim,,settlement,grid3,Ungogo,Ungogo,Kano,0,1,8.493891,12.091595
Kano,kano,Ungogo Arewa B Kankaran Tsakiya,,settlement,grid3,Ungogo,Ungogo,Kano,0,1,8.49481,12.091633
Kano,kano,Ungogo Arewa B Layin Gidan Dan Kano,,settlement,grid3,Ungogo,Ungogo,Kano,0,1,8.49252,12.091961
Kano,kano,Ungogo Arewa B Layin Gidan Shehu Shai,,settlement,grid3,Ungogo,Ungogo,Kano,0,1,8.494604,12.091918
Kano,kano,Ungogo Arewa B Layin Mal Bala Likita,,settlement,grid3,Ungogo,Ungogo,Kano,0,1,8.491978,12.091825
Kano,kano,Ungogo Arewa B Layin Mal Musa Kusa da Npi Office,,settlement,grid3,Ungogo,Ungogo,Kano,0,1,8.492746,12.091405
Kano,kano,Ungogo Arewa B Layin Masassaka,,settlement,grid3,Ungogo,Ungogo,Kano,0,1,8.493679,12.091849
Kano,kano,Ungogo Arewa Layin Gida Mai Unguwar Magaji,,settlement,grid3,Ungogo,Ungogo,Kano,0,1,8.495954,12.093153
Kano,kano,Ungogo Arewa Layin Gidan Mai Gari,,settlement,grid3,Ungogo,Ungogo,Kano,0,1,8.495898,12.09205
Kano,kano,Ungogo Arewa Layin Tambaya,,settlement,grid3,Ungogo,Ungogo,Kano,0,1,8.496551,12.092727
Kano,kano,Ungogo Gabas Layin Bitinariyya,,settlement,grid3,Ungogo,Ungogo,Kano,0,1,8.499354,12.091574
Kano,kano,Ungogo Gabas Layin Gadan Sammani Waziri,,settlement,grid3,Ungogo,Ungogo,Kano,0,1,8.500528,12.091319
Kano,kano,Ungogo Gabas Layin Gidan Dan Bala,,settlement,grid3,Ungogo,Ungogo,Kano,0,1,8.498585,12.090406
Kano,kano,Ungogo Gabas Layin Gidan Goro,,settlement,grid3,Ungogo,Ungogo,Kano,0,1,8.499232,12.090742
Kano,kano,Ungogo Gabas Layin Gidan Sanka,,settlement,grid3,Ungogo,Ungogo,Kano,0,1,8.500021,12.091726
Kano,kano,Ungogo Gabas Layin Gidan Yahaya Tarda,,settlement,grid3,Ungogo,Ungogo,Kano,0,1,8.500298,12.090429
Kano,kano,Ungogo Gabas Layin Late Alhaji Wada Aminu,,settlement,grid3,Ungogo,Ungogo,Kano,0,1,8.497907,12.090681
Kano,kano,Ungogo Gabbas Layin Gidan Amana,,settlement,grid3,Ungogo,Ungogo,Kano,0,1,8.497698,12.089059
Kano,kano,Ungogo Kudu A Layin Jagwabawa,,settlement,grid3,Ungogo,Ungogo,Kano,0,1,8.496904,12.091125
Kano,kano,Ungogo Kudu A Layin Malafa,,settlement,grid3,Ungogo,Ungogo,Kano,0,1,8.496916,12.090349
Kano,kano,Ungogo Kudu A Layin Yan Makarya,,settlement,grid3,Ungogo,Ungogo,Kano,0,1,8.496756,12.09152
Kano,kano,Ungogo Kudu A Unguwar Malamai,,settlement,grid3,Ungogo,Ungogo,Kano,0,1,8.494819,12.091407
Kano,kano,Ungogo Kudu B Layin Danbazawa,,settlement,grid3,Ungogo,Ungogo,Kano,0,1,8.49413,12.090503
Kano,kano,Ungogo Kudu B Layin Gidan Balarebe Bello,,settlement,grid3,Ungogo,Ungogo,Kano,0,1,8.492435,12.090175
Kano,kano,Ungogo Kudu B Layin Professor Dahiru Yahaya,,settlement,grid3,Ungogo,Ungogo,Kano,0,1,8.495655,12.091284
Kano,kano,Ungogo Kudu B Layin Umaru Ganduroba,,settlement,grid3,Ungogo,Ungogo,Kano,0,1,8.493228,12.091026
Kano,kano,Ungogo Kudu B Sabuwar Abuja,,settlement,grid3,Ungogo,Ungogo,Kano,0,1,8.491812,12.089787
Kano,kano,Ungogo Kudu Layin Gidan Alhassan Dan Kabo,,settlement,grid3,Ungogo,Ungogo,Kano,0,1,8.497002,12.091688
Kano,kano,Ungogo Yamma,,settlement,grid3,Ungogo,Ungogo,Kano,0,1,8.492146,12.090845
Kano,kano,Ungoho Arewa B Sabon Fagi,,settlement,grid3,Ungogo,Ungogo,Kano,0,1,8.493146,12.0919
Kano,kano,Ungugo Kudu B Gidan Babawo Mair,,settlement,grid3,Ungogo,Ungogo,Kano,0,1,8.493375,12.08946
Kano,kano,Unguwa Arewa,,settlement,grid3,Gayawa,Ungogo,Kano,0,1,8.57055,12.09989
Kano,kano,Unguwa Maigari,,settlement,grid3,Gyadi Gyadi Arewa,Tarauni,Kano,0,1,8.543633,11.972769
Kano,kano,Unguwa Uku,,settlement,grid3,Rangaza,Ungogo,Kano,0,1,8.629428,12.069076
Kano,kano,Unguwa Yamma Kumantaka,,settlement,grid3,Gayawa,Ungogo,Kano,0,1,8.547567,12.069247
Kano,kano,Unguwan Fa,,settlement,grid3,Yada Kunya,Ungogo,Kano,0,1,8.60994,12.0894
Kano,kano,Unguwan Kanawa,,settlement,grid3,Kadawa,Ungogo,Kano,0,1,8.49047,12.06935
Kano,kano,Unguwan Liman,,settlement,grid3,Dorayi,Gwale,Kano,0,1,8.463629,11.976131
Kano,kano,Unguwar Akawu,,settlement,grid3,Panshekara,Kumbotso,Kano,0,1,8.464484,11.916431
Kano,kano,Unguwar Akwa,,settlement,grid3,Danbare,Kumbotso,Kano,0,1,8.419977,11.95589
Kano,kano,Unguwar Alhaji Alqasum,,settlement,grid3,Chalawa,Kumbotso,Kano,0,1,8.425723,11.89965
Kano,kano,Unguwar Alhazai,,settlement,grid3,Chalawa,Kumbotso,Kano,0,1,8.407104,11.922729
Kano,kano,Unguwar Amare,,settlement,grid3,Dorayi,Gwale,Kano,0,1,8.467081,11.955833
Kano,kano,Unguwar Arewa,,settlement,grid3,Fanisau,Ungogo,Kano,0,1,8.542987,12.082326
Kano,kano,Unguwar Arewa,,settlement,grid3,Rangaza,Ungogo,Kano,0,1,8.59749,12.050396
Kano,kano,Unguwar Arewa,,settlement,grid3,Unguwar Rimi,Kumbotso,Kano,0,1,8.56887,11.911913
Kano,kano,Unguwar Arewa,,settlement,grid3,Gayawa,Ungogo,Kano,0,1,8.549235,12.074174
Kano,kano,Unguwar Asibiti,,settlement,grid3,Unguwa Uku Kauyen Alu,Tarauni,Kano,0,1,8.571127,11.958383
Kano,kano,Unguwar Baburawa,,settlement,grid3,Mariri,Kumbotso,Kano,0,1,8.600455,11.961176
Kano,kano,Unguwar Bagadaza,,settlement,grid3,Unguwa Uku Kauyen Alu,Tarauni,Kano,0,1,8.568554,11.961951
Kano,kano,Unguwar Balarabe,,settlement,grid3,Rijiyar Zaki,Ungogo,Kano,0,1,8.443875,11.984105
Kano,kano,Unguwar Balbelu,,settlement,grid3,Kumbotso,Kumbotso,Kano,0,1,8.487584,11.879759
Kano,kano,Unguwar Bare Bari,,settlement,grid3,Kadawa,Ungogo,Kano,0,1,8.486419,12.072609
Kano,kano,Unguwar Bare Bari,,settlement,grid3,Mariri,Kumbotso,Kano,0,1,8.612717,11.946843
Kano,kano,Unguwar Bare Beri,,settlement,grid3,Kumbotso,Kumbotso,Kano,0,1,8.501873,11.888538
Kano,kano,Unguwar Bayan Tasha,,settlement,grid3,Unguwa Uku Kauyen Alu,Tarauni,Kano,0,1,8.569006,11.952184
Kano,kano,Unguwar Bello,,settlement,grid3,Dan Maliki,Kumbotso,Kano,0,1,8.525458,11.951763
Kano,kano,Unguwar Bello Layin Mai Anguwa,,settlement,grid3,Dorayi,Gwale,Kano,0,1,8.472799,11.959549
Kano,kano,Unguwar Dabino,,settlement,grid3,Gandu Albasa,Kano Municipal,Kano,0,1,8.520395,11.968643
Kano,kano,Unguwar Dagaci,,settlement,grid3,Chalawa,Kumbotso,Kano,0,1,8.429765,11.891549
Kano,kano,Unguwar Damai A,,settlement,grid3,Kabuga,Gwale,Kano,0,1,8.4722,12.0182
Kano,kano,Unguwar Damai B,,settlement,grid3,Kabuga,Gwale,Kano,0,1,8.4703,12.0187
Kano,kano,Unguwar Dan Azumi Matsala,,settlement,grid3,Unguwa Uku Kauyen Alu,Tarauni,Kano,0,1,8.569611,11.964233
Kano,kano,Unguwar Dan Iro,,settlement,grid3,Kadawa,Ungogo,Kano,0,1,8.499482,12.061935
Kano,kano,Unguwar Dan Ubansu,,settlement,grid3,Panshekara,Kumbotso,Kano,0,1,8.457869,11.897707
Kano,kano,Unguwar Dandago,,settlement,grid3,Panshekara,Kumbotso,Kano,0,1,8.463883,11.915613
Kano,kano,Unguwar Danmallam,,settlement,grid3,Panshekara,Kumbotso,Kano,0,1,8.462756,11.91882
Kano,kano,Unguwar Dinya,,settlement,grid3,Sharada,Kano Municipal,Kano,0,1,8.503615,11.9756
Kano,kano,Unguwar Dogari,,settlement,grid3,Panshekara,Kumbotso,Kano,0,1,8.461037,11.916094
Kano,kano,Unguwar Dogari,,settlement,grid3,Gyadi Gyadi Arewa,Tarauni,Kano,0,1,8.54248,11.973328
Kano,kano,Unguwar Dogari A,,settlement,grid3,Panshekara,Kumbotso,Kano,0,1,8.460068,11.915905
Kano,kano,Unguwar Dogari B,,settlement,grid3,Panshekara,Kumbotso,Kano,0,1,8.460306,11.916327
Kano,kano,Unguwar Dogaye,,settlement,grid3,Danbare,Kumbotso,Kano,0,1,8.466783,11.958714
Kano,kano,Unguwar Duhu,,settlement,grid3,Fanisau,Ungogo,Kano,0,1,8.544128,12.078674
Kano,kano,Unguwar Fandanka,,settlement,grid3,Chiranchi,Kumbotso,Kano,0,1,8.478914,11.933812
Kano,kano,Unguwar Fulani,,settlement,grid3,Tudun Fulani,Ungogo,Kano,0,1,8.415805,12.01959
Kano,kano,Unguwar Fulani,,settlement,grid3,Hotoro South,Nassarawa,Kano,0,1,8.591125,11.965088
Kano,kano,Unguwar Fulani,,settlement,grid3,Gayawa,Ungogo,Kano,0,1,8.565638,12.090363
Kano,kano,Unguwar Fulani,,settlement,grid3,Unguwar Rimi,Kumbotso,Kano,0,1,8.60515,11.897013
Kano,kano,Unguwar Fulani,,settlement,grid3,Naibawa,Kumbotso,Kano,0,1,8.571582,11.932514
Kano,kano,Unguwar Fulani,,settlement,grid3,Giginyu,Nassarawa,Kano,0,1,8.587034,12.003168
Kano,kano,Unguwar Fulani,,settlement,grid3,Hotoro North,Nassarawa,Kano,0,1,8.5894,12.0002
Kano,kano,Unguwar Fulani,,settlement,grid3,Bachirawa,Ungogo,Kano,0,1,8.448646,12.058892
Kano,kano,Unguwar Fulani,,settlement,grid3,Rijiyar Zaki,Ungogo,Kano,0,1,8.429504,12.004272
Kano,kano,Unguwar Fulani,,settlement,grid3,Kureken Sani,Kumbotso,Kano,0,1,8.579643,11.928318
Kano,kano,Unguwar Fulani Medile,,settlement,grid3,Dan Maliki,Kumbotso,Kano,0,1,8.511309,11.946295
Kano,kano,Unguwar Fulanin Dan Dirima,,settlement,grid3,Danbare,Kumbotso,Kano,0,1,8.423858,11.944777
Kano,kano,Unguwar Gabas,,settlement,grid3,Mariri,Kumbotso,Kano,0,1,8.602419,11.963049
Kano,kano,Unguwar Gabas,,settlement,grid3,Rijiyar Zaki,Ungogo,Kano,0,1,8.457917,11.981506
Kano,kano,Unguwar Gabas,,settlement,grid3,Unguwar Rimi,Kumbotso,Kano,0,1,8.557264,11.906414
Kano,kano,Unguwar Gabas,,settlement,grid3,Bachirawa,Ungogo,Kano,0,1,8.451042,12.059547
Kano,kano,Unguwar Gabas,,settlement,grid3,Dan Maliki,Kumbotso,Kano,0,1,8.53373,11.954619
Kano,kano,Unguwar Gabas,,settlement,grid3,Rangaza,Ungogo,Kano,0,1,8.600331,12.052353
Kano,kano,Unguwar Gabas Layin Babban Gida,,settlement,grid3,Hotoro South,Nassarawa,Kano,0,1,8.586356,11.970175
Kano,kano,Unguwar Gabas Ramin Kasa,,settlement,grid3,Yada Kunya,Ungogo,Kano,0,1,8.630257,12.087391
Kano,kano,Unguwar Gabbas,,settlement,grid3,Gayawa,Ungogo,Kano,0,1,8.552625,12.072715
Kano,kano,Unguwar Gerawa,,settlement,grid3,Mariri,Kumbotso,Kano,0,1,8.605907,11.963438
Kano,kano,Unguwar Gini Layin Garba Taura,,settlement,grid3,Kan Karofi,Kano Municipal,Kano,0,1,8.52159,11.986207
Kano,kano,Unguwar Gini Layin Gidan Doki,,settlement,grid3,Kan Karofi,Kano Municipal,Kano,0,1,8.522534,11.987579
Kano,kano,Unguwar Gini Layin Kwalli,,settlement,grid3,Kan Karofi,Kano Municipal,Kano,0,1,8.521941,11.98697
Kano,kano,Unguwar Gurun Gawa,,settlement,grid3,Garun Gawa,Kumbotso,Kano,0,1,8.48676,11.93788
Kano,kano,Unguwar Hangama Layin Gidan Mai Unguwa,,settlement,grid3,Hotoro North,Nassarawa,Kano,0,1,8.588334,11.97887
Kano,kano,Unguwar Hangama Layin Makabarta,,settlement,grid3,Hotoro North,Nassarawa,Kano,0,1,8.588109,11.976729
Kano,kano,Unguwar Jai Cikin Gari,,settlement,grid3,Dorayi,Gwale,Kano,0,1,8.4936,11.9613
Kano,kano,Unguwar Jai Masallacin Jumaa,,settlement,grid3,Dorayi,Gwale,Kano,0,1,8.4926,11.9585
Kano,kano,Unguwar Jigawa,,settlement,grid3,Rijiyar Zaki,Ungogo,Kano,0,1,8.457311,11.98333
Kano,kano,Unguwar Kabalawa,,settlement,grid3,Bachirawa,Ungogo,Kano,0,1,8.447784,12.059518
Kano,kano,Unguwar Kanawa,,settlement,grid3,Kadawa,Ungogo,Kano,0,1,8.489336,12.069
Kano,kano,Unguwar Kankare,,settlement,grid3,Fanisau,Ungogo,Kano,0,1,8.531267,12.064581
Kano,kano,Unguwar Karofi,,settlement,grid3,Kureken Sani,Kumbotso,Kano,0,1,8.581619,11.887794
Kano,kano,Unguwar Karofi,,settlement,grid3,Unguwar Rimi,Kumbotso,Kano,0,1,8.569963,11.909292
Kano,kano,Unguwar Kudu,,settlement,grid3,Rangaza,Ungogo,Kano,0,1,8.593162,12.0508
Kano,kano,Unguwar Kudu,,settlement,grid3,Rijiyar Zaki,Ungogo,Kano,0,1,8.452087,11.983521
Kano,kano,Unguwar Kudu,,settlement,grid3,Gayawa,Ungogo,Kano,0,1,8.553223,12.069425
Kano,kano,Unguwar Kudu,,settlement,grid3,Dan Maliki,Kumbotso,Kano,0,1,8.528076,11.945313
Kano,kano,Unguwar Kudu,,settlement,grid3,Mariri,Kumbotso,Kano,0,1,8.6066,11.9592
Kano,kano,Unguwar Kudu,,settlement,grid3,Naibawa,Kumbotso,Kano,0,1,8.5596,11.9291
Kano,kano,Unguwar Kudu,,settlement,grid3,Chalawa,Kumbotso,Kano,0,1,8.410522,11.923523
Kano,kano,Unguwar Kudu,,settlement,grid3,Unguwar Rimi,Kumbotso,Kano,0,1,8.550024,11.894065
Kano,kano,Unguwar Kudu,,village,osm,Garun Gawa,Kumbotso,Kano,0,1,8.52198,11.9265
Kano,kano,Unguwar Kudun Dan Goro,,settlement,grid3,Unguwar Rimi,Kumbotso,Kano,0,1,8.550549,11.898614
Kano,kano,Unguwar Kuli,,settlement,grid3,Fanisau,Ungogo,Kano,0,1,8.541687,12.082275
Kano,kano,Unguwar Kurkuri,,settlement,grid3,Kumbotso,Kumbotso,Kano,0,1,8.517288,11.901756
Kano,kano,Unguwar Kwai,,settlement,grid3,Panshekara,Kumbotso,Kano,0,1,8.445511,11.899758
Kano,kano,Unguwar Kwari,,settlement,grid3,Chiranchi,Kumbotso,Kano,0,1,8.462599,11.93851
Kano,kano,Unguwar Kwari,,settlement,grid3,Kureken Sani,Kumbotso,Kano,0,1,8.597588,11.93223
Kano,kano,Unguwar Kwari Inusawa,,settlement,grid3,Yada Kunya,Ungogo,Kano,0,1,8.590995,12.066465
Kano,kano,Unguwar Liman,,settlement,grid3,Unguwa Uku Kauyen Alu,Tarauni,Kano,0,1,8.569485,11.957127
Kano,kano,Unguwar Liman,,settlement,grid3,Kureken Sani,Kumbotso,Kano,0,1,8.606832,11.938314
Kano,kano,Unguwar Liman,,settlement,grid3,Danbare,Kumbotso,Kano,0,1,8.465509,11.957779
Kano,kano,Unguwar Liman,,settlement,grid3,Gayawa,Ungogo,Kano,0,1,8.555739,12.054024
Kano,kano,Unguwar Liman Gidan Alhaji Barhu,,settlement,grid3,Kawaji,Nassarawa,Kano,0,1,8.605698,12.004084
Kano,kano,Unguwar Liman Gidan Ruwa Sule Loyer Near Gidan Mukaddas,,settlement,grid3,Kawaji,Nassarawa,Kano,0,1,8.606002,12.005604
Kano,kano,Unguwar Liman Kusa da Gidan Tudu,,settlement,grid3,Kawaji,Nassarawa,Kano,0,1,8.608687,12.002545
Kano,kano,Unguwar Madina,,settlement,grid3,Bachirawa,Ungogo,Kano,0,1,8.456094,12.063861
Kano,kano,Unguwar Maharba,,settlement,grid3,Kureken Sani,Kumbotso,Kano,0,1,8.597431,11.943195
Kano,kano,Unguwar Mahauta,,settlement,grid3,Zango (Ungogo),Ungogo,Kano,0,1,8.584067,12.043267
Kano,kano,Unguwar Mahauta,,settlement,grid3,Panshekara,Kumbotso,Kano,0,1,8.463195,11.903839
Kano,kano,Unguwar Mahauta Layin Gidan Mahauta,,settlement,grid3,Kawaji,Nassarawa,Kano,0,1,8.605967,12.010693
Kano,kano,Unguwar Mahauta Layin Muzumuzu,,settlement,grid3,Kawaji,Nassarawa,Kano,0,1,8.60322,12.00875
Kano,kano,Unguwar Mahauta Layin Shahu Kawo,,settlement,grid3,Kawaji,Nassarawa,Kano,0,1,8.606398,12.010727
Kano,kano,Unguwar Mahauta Lungun Liman,,settlement,grid3,Kawaji,Nassarawa,Kano,0,1,8.605701,12.010872
Kano,kano,Unguwar Mai Gari,,settlement,grid3,Panshekara,Kumbotso,Kano,0,1,8.464375,11.905237
Kano,kano,Unguwar Mai Unguwa,,settlement,grid3,Garun Gawa,Kumbotso,Kano,0,1,8.526948,11.959129
Kano,kano,Unguwar Mai Unguwa,,settlement,grid3,Chalawa,Kumbotso,Kano,0,1,8.410986,11.926407
Kano,kano,Unguwar Mai Unguwa,,settlement,grid3,Fanisau,Ungogo,Kano,0,1,8.532744,12.065561
Kano,kano,Unguwar Maidoki,,settlement,grid3,Naibawa,Kumbotso,Kano,0,1,8.540463,11.905813
Kano,kano,Unguwar Maifata,,settlement,grid3,Unguwa Uku Kauyen Alu,Tarauni,Kano,0,1,8.57337,11.958158
Kano,kano,Unguwar Mailafiya,,settlement,grid3,Panshekara,Kumbotso,Kano,0,1,8.459631,11.893879
Kano,kano,Unguwar Mairariya,,settlement,grid3,Rijiyar Zaki,Ungogo,Kano,0,1,8.45156,11.983535
Kano,kano,Unguwar Makada,,settlement,grid3,Mariri,Kumbotso,Kano,0,1,8.60414,11.963095
Kano,kano,Unguwar Makera,,settlement,grid3,Unguwar Rimi,Kumbotso,Kano,0,1,8.573733,11.908934
Kano,kano,Unguwar Makera,,settlement,grid3,Yada Kunya,Ungogo,Kano,0,1,8.585197,12.064878
Kano,kano,Unguwar Makera,,settlement,grid3,Panshekara,Kumbotso,Kano,0,1,8.461481,11.915372
Kano,kano,Unguwar Makeri,,settlement,grid3,Unguwa Uku Kauyen Alu,Tarauni,Kano,0,1,8.568303,11.9647
Kano,kano,Unguwar Makwarari,,settlement,grid3,Chalawa,Kumbotso,Kano,0,1,8.420898,11.909729
Kano,kano,Unguwar Mal Yaro,,settlement,grid3,Tudun Fulani,Ungogo,Kano,0,1,8.422035,12.0333
Kano,kano,Unguwar Malam Kasim,,settlement,grid3,Rijiyar Zaki,Ungogo,Kano,0,1,8.447083,11.985718
Kano,kano,Unguwar Malam Malan,,settlement,grid3,Chalawa,Kumbotso,Kano,0,1,8.430696,11.937455
Kano,kano,Unguwar Malamai,,settlement,grid3,Unguwar Rimi,Kumbotso,Kano,0,1,8.557208,11.905854
Kano,kano,Unguwar Malamai,,settlement,grid3,Kadawa,Ungogo,Kano,0,1,8.502502,12.06012
Kano,kano,Unguwar Mallam Hamza,,settlement,grid3,Rijiyar Zaki,Ungogo,Kano,0,1,8.432888,11.998231
Kano,kano,Unguwar Mallam Kadage,,settlement,grid3,Gayawa,Ungogo,Kano,0,1,8.546095,12.066204
Kano,kano,Unguwar Mallam Sabo,,settlement,grid3,Chiranchi,Kumbotso,Kano,0,1,8.478428,11.951255
Kano,kano,Unguwar Marmara,,settlement,grid3,Kadawa,Ungogo,Kano,0,1,8.501441,12.06191
Kano,kano,Unguwar Masaka,,settlement,grid3,Kadawa,Ungogo,Kano,0,1,8.498994,12.071376
Kano,kano,Unguwar Masallachi,,settlement,grid3,Chalawa,Kumbotso,Kano,0,1,8.433383,11.936988
Kano,kano,Unguwar Masallachi,,settlement,grid3,Danbare,Kumbotso,Kano,0,1,8.460216,11.941494
Kano,kano,Unguwar Masassaka,,settlement,grid3,Ungogo,Ungogo,Kano,0,1,8.493335,12.093402
Kano,kano,Unguwar Masassaka,,settlement,grid3,Bachirawa,Ungogo,Kano,0,1,8.451007,12.060602
Kano,kano,Unguwar Masau,,settlement,grid3,Garun Gawa,Kumbotso,Kano,0,1,8.491191,11.923625
Kano,kano,Unguwar Nalado A,,settlement,grid3,Gandu Albasa,Kano Municipal,Kano,0,1,8.518163,11.962284
Kano,kano,Unguwar Nalado B,,settlement,grid3,Gandu Albasa,Kano Municipal,Kano,0,1,8.517101,11.961457
Kano,kano,Unguwar Nalado C,,settlement,grid3,Gandu Albasa,Kano Municipal,Kano,0,1,8.515441,11.960477
Kano,kano,Unguwar Nataala,,settlement,grid3,Kwachiri,Fagge,Kano,0,1,8.493286,12.048523
Kano,kano,Unguwar Nufawa,,settlement,grid3,Dandago,Gwale,Kano,0,1,8.509731,11.992218
Kano,kano,Unguwar Rafi,,settlement,grid3,Kureken Sani,Kumbotso,Kano,0,1,8.596523,11.931764
Kano,kano,Unguwar Rimi,,settlement,grid3,Bachirawa,Ungogo,Kano,0,1,8.448855,12.061832
Kano,kano,Unguwar Rimi,,settlement,grid3,Unguwar Rimi,Kumbotso,Kano,0,1,8.568645,11.912216
Kano,kano,Unguwar Sa'ad Islamiyya,,settlement,grid3,Unguwa Uku Kauyen Alu,Tarauni,Kano,0,1,8.57,11.96166
Kano,kano,Unguwar Sabuwar Makaranta,,settlement,grid3,Unguwa Uku Kauyen Alu,Tarauni,Kano,0,1,8.570463,11.963912
Kano,kano,Unguwar Safiyanu,,settlement,grid3,Dorayi,Gwale,Kano,0,1,8.454544,11.958425
Kano,kano,Unguwar Sako,,settlement,grid3,Kadawa,Ungogo,Kano,0,1,8.452881,12.079285
Kano,kano,Unguwar Sani,,settlement,grid3,Dan Maliki,Kumbotso,Kano,0,1,8.511484,11.928865
Kano,kano,Unguwar Sarkin Fulani Batawa Close,,settlement,grid3,Kawaji,Nassarawa,Kano,0,1,8.567758,12.00559
Kano,kano,Unguwar Sarkin Fulani Bompai Road Yandutse,,settlement,grid3,Kawaji,Nassarawa,Kano,0,1,8.570009,12.008904
Kano,kano,Unguwar Shehu Dan Arewa,,settlement,grid3,Panshekara,Kumbotso,Kano,0,1,8.462585,11.915747
Kano,kano,Unguwar Sulaiman,,settlement,grid3,Mariri,Kumbotso,Kano,0,1,8.602191,11.963805
Kano,kano,Unguwar Tsamiya,,settlement,grid3,Chalawa,Kumbotso,Kano,0,1,8.4288,11.8935
Kano,kano,Unguwar Tudu,,settlement,grid3,Gayawa,Ungogo,Kano,0,1,8.560749,12.062119
Kano,kano,Unguwar Tudun Rubudi,,settlement,grid3,Tudun Fulani,Ungogo,Kano,0,1,8.461161,12.029484
Kano,kano,Unguwar Turawa,,village,osm,Unguwar Rimi,Kumbotso,Kano,0,1,8.57088,11.9104
Kano,kano,Unguwar Ube,,settlement,grid3,Unguwa Uku Kauyen Alu,Tarauni,Kano,0,1,8.576628,11.956357
Kano,kano,Unguwar Uku,,settlement,grid3,Danbare,Kumbotso,Kano,0,1,8.440918,11.958923
Kano,kano,Unguwar Wanzamai,,settlement,grid3,Chalawa,Kumbotso,Kano,0,1,8.425605,11.930732
Kano,kano,Unguwar Wanzamai Dausara,,settlement,grid3,Yada Kunya,Ungogo,Kano,0,1,8.594118,12.055168
Kano,kano,Unguwar Wanzamai Yamma,,settlement,grid3,Yada Kunya,Ungogo,Kano,0,1,8.591789,12.056813
Kano,kano,Unguwar Yamma,,settlement,grid3,Zango (Ungogo),Ungogo,Kano,0,1,8.572715,12.048696
Kano,kano,Unguwar Yamma,,settlement,grid3,Fanisau,Ungogo,Kano,0,1,8.529737,12.064634
Kano,kano,Unguwar Yamma,,settlement,grid3,Tarauni,Tarauni,Kano,0,1,8.56074,11.978082
Kano,kano,Unguwar Yamma,,settlement,grid3,Kadawa,Ungogo,Kano,0,1,8.481811,12.070348
Kano,kano,Unguwar Yamma,,settlement,grid3,Panshekara,Kumbotso,Kano,0,1,8.462837,11.905993
Kano,kano,Unguwar Yamma,,settlement,grid3,Hotoro South,Nassarawa,Kano,0,1,8.581726,11.967285
Kano,kano,Unguwar Yamma,,settlement,grid3,Kawaji,Nassarawa,Kano,0,1,8.57093,12.009953
Kano,kano,Unguwar Yamma,,settlement,grid3,Naibawa,Kumbotso,Kano,0,1,8.547485,11.928894
Kano,kano,Unguwar Yamma,,settlement,grid3,Unguwar Rimi,Kumbotso,Kano,0,1,8.54783,11.90385
Kano,kano,Unguwar Yamma,,settlement,grid3,Yada Kunya,Ungogo,Kano,0,1,8.599478,12.070639
Kano,kano,Unguwar Yamma A,,settlement,grid3,Kureken Sani,Kumbotso,Kano,0,1,8.587499,11.939827
Kano,kano,Unguwar Yamma B,,settlement,grid3,Kureken Sani,Kumbotso,Kano,0,1,8.584884,11.938802
Kano,kano,Unguwar Yamma Hardo,,settlement,grid3,Bachirawa,Ungogo,Kano,0,1,8.459106,12.049683
Kano,kano,Unguwar Yamma Layin Taloli Abdalli,,settlement,grid3,Kawaji,Nassarawa,Kano,0,1,8.573978,12.009323
Kano,kano,Unguwar Yammawa,,settlement,grid3,Kumbotso,Kumbotso,Kano,0,1,8.501775,11.887987
Kano,kano,Unguwar Yarabawa,,settlement,grid3,Bachirawa,Ungogo,Kano,0,1,8.46051,12.066284
Kano,kano,Ungwar Malamai,,settlement,grid3,Dan Maliki,Kumbotso,Kano,0,1,8.530884,11.9505
Kano,kano,Ungwar Tijjani Mai Bulo,,settlement,grid3,Dan Maliki,Kumbotso,Kano,0,1,8.533875,11.951477
Kano,kano,Unity Avenue,,settlement,grid3,Sabon Gari East,Fagge,Kano,0,1,8.539061,12.046046
Kano,kano,Unity Baban Layin,,settlement,grid3,Fagge A,Fagge,Kano,0,1,8.531617,12.002199
Kano,kano,Unity Layin Kanuja,,settlement,grid3,Fagge A,Fagge,Kano,0,1,8.532433,11.999524
Kano,kano,Unity Line,,settlement,grid3,Rijiyar Zaki,Ungogo,Kano,0,1,8.450061,11.975481
Kano,kano,Unnguwar Katako,,settlement,grid3,Danbare,Kumbotso,Kano,0,1,8.437811,11.958574
Kano,kano,Wacheni,,settlement,grid3,Karo,Ungogo,Kano,0,1,8.55075,12.12412
Kano,kano,Wadakar,,village,osm,Kumbotso,Kumbotso,Kano,0,1,8.50311,11.8895
Kano,kano,Waika,,settlement,grid3,Tudun Fulani,Ungogo,Kano,0,1,8.405873,12.030176
Kano,kano,Waika,,settlement,grid3,Bachirawa,Ungogo,Kano,0,1,8.436315,12.052052
Kano,kano,Waika Barado,,settlement,grid3,Tudun Fulani,Ungogo,Kano,0,1,8.40617,12.03218
Kano,kano,Waika Bayan Badala,,settlement,grid3,Kabuga,Gwale,Kano,0,1,8.490426,12.012853
Kano,kano,Waika Waje,,settlement,grid3,Gobirawa,Dala,Kano,0,1,8.474772,12.020932
Kano,kano,Wailare,,settlement,grid3,Rangaza,Ungogo,Kano,0,1,8.620911,12.066101
Kano,kano,Wailari,,settlement,grid3,Naibawa,Kumbotso,Kano,0,1,8.544122,11.924603
Kano,kano,Wailari Gabas,,settlement,grid3,Naibawa,Kumbotso,Kano,0,1,8.542847,11.929223
Kano,kano,Walalambai Layin Ali Mai Shayi,,settlement,grid3,Hotoro North,Nassarawa,Kano,0,1,8.594913,11.988659
Kano,kano,Walalambe Bayan Gidan Kaji,,settlement,grid3,Hotoro North,Nassarawa,Kano,0,1,8.595767,11.995937
Kano,kano,Walalambe Layin Ado Adam,,settlement,grid3,Hotoro North,Nassarawa,Kano,0,1,8.595392,11.994625
Kano,kano,Walalambe Layin Alhaji Buwa,,settlement,grid3,Hotoro North,Nassarawa,Kano,0,1,8.596543,11.994902
Kano,kano,Walalambe Layin Dan Kawu,,settlement,grid3,Hotoro North,Nassarawa,Kano,0,1,8.595,11.990134
Kano,kano,Walalambe Layin Gargajiya Layin Mal Rabiu,,settlement,grid3,Hotoro North,Nassarawa,Kano,0,1,8.597284,11.993592
Kano,kano,Walalambe Layin Mai Kaba,,settlement,grid3,Hotoro North,Nassarawa,Kano,0,1,8.594304,11.990269
Kano,kano,Walalambe Layout Layin Alhaji Tsoho,,settlement,grid3,Hotoro North,Nassarawa,Kano,0,1,8.588884,11.996102
Kano,kano,Walalambe Layout Layin Gidan Mashin,,settlement,grid3,Hotoro North,Nassarawa,Kano,0,1,8.595125,11.993522
Kano,kano,Walalambe Layout Layin Yahaya Soja,,settlement,grid3,Hotoro North,Nassarawa,Kano,0,1,8.598141,11.991565
Kano,kano,Walawa,,settlement,grid3,Mariri,Kumbotso,Kano,0,1,8.624204,11.947619
Kano,kano,Walawa,,settlement,grid3,Gayawa,Ungogo,Kano,0,1,8.580872,12.063721
Kano,kano,Walawa,,settlement,grid3,Chalawa,Kumbotso,Kano,0,1,8.419611,11.921735
Kano,kano,Wambai Market,,settlement,grid3,Zaitawa,Kano Municipal,Kano,0,1,8.523555,12.007462
Kano,kano,Wangarawa,,settlement,grid3,Yada Kunya,Ungogo,Kano,0,1,8.583936,12.071573
Kano,kano,Waratalla,,village,osm,Naibawa,Kumbotso,Kano,0,1,8.53672,11.8965
Kano,kano,Warri Road,,settlement,grid3,Sabon Gari East,Fagge,Kano,0,1,8.536849,12.022753
Kano,kano,Warure,,settlement,grid3,Bachirawa,Ungogo,Kano,0,1,8.461487,12.060486
Kano,kano,Watari Street,,settlement,grid3,Sani Mai Nagge,Gwale,Kano,0,1,8.493463,11.980988
Kano,kano,Watc Kano Quarters,,settlement,grid3,Kabuga,Gwale,Kano,0,1,8.488804,11.98128
Kano,kano,Weather Head,,settlement,grid3,Sabon Gari West,Fagge,Kano,0,1,8.528731,12.019834
Kano,kano,Weather Head Street Left,,settlement,grid3,Sabon Gari West,Fagge,Kano,0,1,8.5287,12.023216
Kano,kano,Weather Head Street Right,,settlement,grid3,Sabon Gari West,Fagge,Kano,0,1,8.528635,12.02258
Kano,kano,Woman Center,,settlement,grid3,Gwagwarwa,Nassarawa,Kano,0,1,8.543492,12.030674
Kano,kano,Women Center,,settlement,grid3,Fagge B,Fagge,Kano,0,1,8.530637,12.006385
Kano,kano,Wurobagga Layin Adamu Sago,,settlement,grid3,Hotoro North,Nassarawa,Kano,0,1,8.592297,11.995966
Kano,kano,Wurobagga Layin Aminu Jagaliya,,settlement,grid3,Hotoro North,Nassarawa,Kano,0,1,8.591623,11.996058
Kano,kano,Wurobagga Layin Gidan Jamilu Muktar Bambuwa,,settlement,grid3,Hotoro North,Nassarawa,Kano,0,1,8.589619,11.99775
Kano,kano,Wurobagga Layin Unguwar Tumaki,,settlement,grid3,Hotoro North,Nassarawa,Kano,0,1,8.589467,11.995985
Kano,kano,Wurobaggo Layin Alhaji Sani Me Mai,,settlement,grid3,Hotoro North,Nassarawa,Kano,0,1,8.591756,11.996599
Kano,kano,Yadado,,settlement,grid3,Panshekara,Kumbotso,Kano,0,1,8.457596,11.895554
Kano,kano,Yahaya Mohamed Academy,,settlement,grid3,Gwale,Gwale,Kano,0,1,8.508039,11.987036
Kano,kano,Yakub Memorial Senior Secondary School,,settlement,grid3,Gwagwarwa,Nassarawa,Kano,0,1,8.544986,12.026315
Kano,kano,Yakudima Estate,,settlement,grid3,Fagge D2,Fagge,Kano,0,1,8.522442,12.032193
Kano,kano,Yamadawa A,,settlement,grid3,Dorayi,Gwale,Kano,0,1,8.47159,11.971067
Kano,kano,Yamadawa B,,settlement,grid3,Dorayi,Gwale,Kano,0,1,8.472253,11.971361
Kano,kano,Yammaciya,,settlement,grid3,Naibawa,Kumbotso,Kano,0,1,8.545623,11.921219
Kano,kano,Yan Alewa,,settlement,grid3,Gama,Nassarawa,Kano,0,1,8.552307,12.033875
Kano,kano,Yan Alewa Layin Malam Fari,,settlement,grid3,Gama,Nassarawa,Kano,0,1,8.551973,12.034838
Kano,kano,Yan Ali,,settlement,grid3,Rangaza,Ungogo,Kano,0,1,8.608638,12.059121
Kano,kano,Yan Ali,,village,osm,Rangaza,Ungogo,Kano,0,1,8.613156,12.067068
Kano,kano,Yan Awaki,,settlement,grid3,Kureken Sani,Kumbotso,Kano,0,1,8.572449,11.945945
Kano,kano,Yan Awaki A,,settlement,grid3,Kureken Sani,Kumbotso,Kano,0,1,8.573829,11.946901
Kano,kano,Yan Awaki B,,settlement,grid3,Unguwa Uku Kauyen Alu,Tarauni,Kano,0,1,8.574804,11.948459
Kano,kano,Yan Awaki Chakutawa,,settlement,grid3,Zaitawa,Kano Municipal,Kano,0,1,8.517085,12.006115
Kano,kano,Yan Awaki Clinic,,settlement,grid3,Zaitawa,Kano Municipal,Kano,0,1,8.51586,12.005178
Kano,kano,Yan Awaki Kantudu,,settlement,grid3,Zaitawa,Kano Municipal,Kano,0,1,8.518637,12.006826
Kano,kano,Yan Awaki Layin Kwata,,settlement,grid3,Kureken Sani,Kumbotso,Kano,0,1,8.575503,11.945724
Kano,kano,Yan Awaki Layin Mai Unguwa,,settlement,grid3,Zaitawa,Kano Municipal,Kano,0,1,8.516323,12.005645
Kano,kano,Yan Awaki Titin Abuja,,settlement,grid3,Kureken Sani,Kumbotso,Kano,0,1,8.572194,11.943268
Kano,kano,Yan Babura,,settlement,grid3,Dorayi,Gwale,Kano,0,1,8.470467,11.959239
Kano,kano,Yan Babura,,settlement,grid3,Naibawa,Kumbotso,Kano,0,1,8.550117,11.925354
Kano,kano,Yan Babura,,settlement,grid3,Fagge C,Fagge,Kano,0,1,8.528872,12.010742
Kano,kano,Yan Balangu Abdulkarimai Shai,,settlement,grid3,Gama,Nassarawa,Kano,0,1,8.550935,12.033454
Kano,kano,Yan Balangu Layin Masalaci,,settlement,grid3,Gama,Nassarawa,Kano,0,1,8.551518,12.033572
Kano,kano,Yan Balangu Layin Service,,settlement,grid3,Gama,Nassarawa,Kano,0,1,8.551006,12.033045
Kano,kano,Yan Barka,,settlement,grid3,Kureken Sani,Kumbotso,Kano,0,1,8.580325,11.89249
Kano,kano,Yan Buta,,settlement,grid3,Kan Karofi,Kano Municipal,Kano,0,1,8.528891,11.991239
Kano,kano,Yan Daji,,settlement,grid3,Gwammaja,Dala,Kano,0,1,8.507641,12.025037
Kano,kano,Yan Doma Center Rijiyar Lemo,,settlement,grid3,Gobirawa,Dala,Kano,0,1,8.485555,12.040599
Kano,kano,Yan Doma East Rijiyar Lemo,,settlement,grid3,Rijiyar Lemo,Fagge,Kano,0,1,8.488347,12.041917
Kano,kano,Yan Doya,,settlement,grid3,Gwagwarwa,Nassarawa,Kano,0,1,8.543868,12.029314
Kano,kano,Yan Doya By Ahmadiyya,,settlement,grid3,Gwagwarwa,Nassarawa,Kano,0,1,8.545057,12.034166
Kano,kano,Yan Gadi,,settlement,grid3,Kofar Mazugal,Dala,Kano,0,1,8.515941,12.011844
Kano,kano,Yan Ganda A,,settlement,grid3,Gobirawa,Dala,Kano,0,1,8.48424,12.031501
Kano,kano,Yan Ganda B,,settlement,grid3,Gobirawa,Dala,Kano,0,1,8.484864,12.031969
Kano,kano,Yan Gizo,,settlement,grid3,Kureken Sani,Kumbotso,Kano,0,1,8.58769,11.91634
Kano,kano,Yan Gwan Gwan,,settlement,grid3,Tarauni,Tarauni,Kano,0,1,8.557862,11.977014
Kano,kano,Yan Kada,,settlement,grid3,Kantudu,Dala,Kano,0,1,8.508718,12.008596
Kano,kano,Yan Katako,,settlement,grid3,Gwammaja,Dala,Kano,0,1,8.510804,12.023628
Kano,kano,Yan Kifi,,settlement,grid3,Tudun Fulani,Ungogo,Kano,0,1,8.480132,12.033155
Kano,kano,Yan Kura,,settlement,grid3,Gwagwarwa,Nassarawa,Kano,0,1,8.544419,12.028778
Kano,kano,Yan Kusa,,settlement,grid3,Chiranchi,Kumbotso,Kano,0,1,8.486701,11.917425
Kano,kano,Yan Kusa A,,settlement,grid3,Chiranchi,Kumbotso,Kano,0,1,8.48686,11.917135
Kano,kano,Yan Kusa B,,settlement,grid3,Chiranchi,Kumbotso,Kano,0,1,8.483564,11.916046
Kano,kano,Yan Kwadi,,settlement,grid3,Naibawa,Kumbotso,Kano,0,1,8.547831,11.926582
Kano,kano,Yan Kwalla,,settlement,grid3,Kaura Goje,Nassarawa,Kano,0,1,8.553163,12.045035
Kano,kano,Yan Kwalla Bakin Getsi,,settlement,grid3,Kaura Goje,Nassarawa,Kano,0,1,8.554114,12.044949
Kano,kano,Yan Kwalla Layin Gidan Dijango,,settlement,grid3,Kaura Goje,Nassarawa,Kano,0,1,8.552755,12.045924
Kano,kano,Yan Lambu,,settlement,grid3,Fagge D2,Fagge,Kano,0,1,8.526579,12.025782
Kano,kano,Yan Makera Layin Maifata,,settlement,grid3,Gama,Nassarawa,Kano,0,1,8.547567,12.033534
Kano,kano,Yan Masara,,settlement,grid3,Gayawa,Ungogo,Kano,0,1,8.556885,12.047729
Kano,kano,Yan Masara Layin Mai Jakai,,settlement,grid3,Gama,Nassarawa,Kano,0,1,8.548897,12.033935
Kano,kano,Yan Masara Layin Yan Hantsi,,settlement,grid3,Gama,Nassarawa,Kano,0,1,8.550765,12.032615
Kano,kano,Yan Mata,,settlement,grid3,Gobirawa,Dala,Kano,0,1,8.473108,12.052141
Kano,kano,Yan Muruci,,settlement,grid3,Tudun Nufawa,Kano Municipal,Kano,0,1,8.50875,12.001748
Kano,kano,Yan Nono Layin Dan Gezawa,,settlement,grid3,Gama,Nassarawa,Kano,0,1,8.547417,12.034083
Kano,kano,Yan Rake,,settlement,grid3,Yammata,Fagge,Kano,0,1,8.474637,12.05717
Kano,kano,Yan Rariya,,settlement,grid3,Sani Mai Nagge,Gwale,Kano,0,1,8.503086,11.987176
Kano,kano,Yan Simiti,,settlement,grid3,Fagge A,Fagge,Kano,0,1,8.53553,11.998967
Kano,kano,Yan Tandu,,settlement,grid3,Adakawa,Dala,Kano,0,1,8.512045,12.009768
Kano,kano,Yan Taxi,,settlement,grid3,Naibawa,Kumbotso,Kano,0,1,8.551183,11.92703
Kano,kano,Yan Taya,,settlement,grid3,Fagge D2,Fagge,Kano,0,1,8.52504,12.013708
Kano,kano,Yan Yashi,,settlement,grid3,Gobirawa,Dala,Kano,0,1,8.473427,12.027552
Kano,kano,Yanbalangu,,settlement,grid3,Bakin Ruwa,Dala,Kano,0,1,8.505119,11.997023
Kano,kano,Yandaka,,settlement,grid3,Dogon Nama,Dala,Kano,0,1,8.504072,12.001216
Kano,kano,Yandanko Sabon Gari,,settlement,grid3,Panshekara,Kumbotso,Kano,0,1,8.468477,11.880378
Kano,kano,Yandodo Gangarin Rami,,settlement,grid3,Hotoro North,Nassarawa,Kano,0,1,8.597446,11.971048
Kano,kano,Yandoma Layin Gidan Burodi,,settlement,grid3,Rijiyar Lemo,Fagge,Kano,0,1,8.485297,12.042401
Kano,kano,Yandoya,,settlement,grid3,Jakara,Kano Municipal,Kano,0,1,8.512362,12.003968
Kano,kano,Yandutse Bompai Road,,settlement,grid3,Tudun Wada,Nassarawa,Kano,0,1,8.55219,12.012178
Kano,kano,Yangaruwa,,settlement,grid3,Tudun Fulani,Ungogo,Kano,0,1,8.47113,12.031494
Kano,kano,Yangizo A,,settlement,grid3,Kureken Sani,Kumbotso,Kano,0,1,8.585993,11.91754
Kano,kano,Yangizo B,,settlement,grid3,Kureken Sani,Kumbotso,Kano,0,1,8.589107,11.916749
Kano,kano,Yanhamar,,settlement,grid3,Kureken Sani,Kumbotso,Kano,0,1,8.590569,11.928968
Kano,kano,Yanhammar,,settlement,grid3,Kureken Sani,Kumbotso,Kano,0,1,8.589797,11.925582
Kano,kano,Yanka Tsari,,settlement,grid3,Mariri,Kumbotso,Kano,0,1,8.618,11.9315
Kano,kano,Yankaba Layin Ado Yazid,,settlement,grid3,Kawaji,Nassarawa,Kano,0,1,8.579626,12.00684
Kano,kano,Yankaba Layin Ahmed Ashaka,,settlement,grid3,Kawaji,Nassarawa,Kano,0,1,8.58464,12.008872
Kano,kano,Yankaba Layin Aminu Jahun,,settlement,grid3,Kawaji,Nassarawa,Kano,0,1,8.582431,12.007304
Kano,kano,Yankaba Layin Isa Mai Karofi Kusa Yankaba,,settlement,grid3,Kawaji,Nassarawa,Kano,0,1,8.580091,12.009784
Kano,kano,Yankaba Layin Mangora Kusa da Kasuwar Turawa,,settlement,grid3,Kawaji,Nassarawa,Kano,0,1,8.579818,12.008824
Kano,kano,Yankaba Layin Muhammed Hassan Jigirya,,settlement,grid3,Kawaji,Nassarawa,Kano,0,1,8.584211,12.006731
Kano,kano,Yankaba Layin Shuaibu Mai Gyara,,settlement,grid3,Kawaji,Nassarawa,Kano,0,1,8.579915,12.00954
Kano,kano,Yankaba Yan Tirmi Ahmad Isah Street,,settlement,grid3,Kawaji,Nassarawa,Kano,0,1,8.583798,12.008808
Kano,kano,Yankari Street 3,,settlement,grid3,Sabon Gari West,Fagge,Kano,0,1,8.53856,12.029935
Kano,kano,Yankatifa,,settlement,grid3,Kantudu,Dala,Kano,0,1,8.509167,12.011883
Kano,kano,Yankifi,,settlement,grid3,Dorayi,Gwale,Kano,0,1,8.476336,11.96225
Kano,kano,Yankifi,,settlement,grid3,Unguwa Uku Cikin Gari,Tarauni,Kano,0,1,8.565918,11.956482
Kano,kano,Yankuje,,settlement,grid3,Tudun Fulani,Ungogo,Kano,0,1,8.45237,12.018725
Kano,kano,Yankusa B,,settlement,grid3,Garun Gawa,Kumbotso,Kano,0,1,8.479919,11.920471
Kano,kano,Yanleda,,settlement,grid3,Goron Dutse,Gwale,Kano,0,1,8.505382,11.995861
Kano,kano,Yanlemo Bayan Kasuwa,,settlement,grid3,Naibawa,Kumbotso,Kano,0,1,8.548777,11.925696
Kano,kano,Yanshana A,,settlement,grid3,Kureken Sani,Kumbotso,Kano,0,1,8.581018,11.923651
Kano,kano,Yanshana B,,settlement,grid3,Kureken Sani,Kumbotso,Kano,0,1,8.588332,11.92114
Kano,kano,Yar Addua,,settlement,grid3,Zango (Ungogo),Ungogo,Kano,0,1,8.578979,12.05013
Kano,kano,Yar Al Kangada,,settlement,grid3,Goron Dutse,Gwale,Kano,0,1,8.505846,11.995259
Kano,kano,Yar Fadama,,settlement,grid3,Dorayi,Gwale,Kano,0,1,8.466916,11.968158
Kano,kano,Yar Kadiyawa,,settlement,grid3,Yada Kunya,Ungogo,Kano,0,1,8.60769,12.07476
Kano,kano,Yar Karofi,,settlement,grid3,Galadanchi,Gwale,Kano,0,1,8.508932,11.9893
Kano,kano,Yar Kasuwa,,settlement,grid3,Gwale,Gwale,Kano,0,1,8.50592,11.987845
Kano,kano,Yar Kasuwa Layin Maijalingo,,settlement,grid3,Madigawa,Dala,Kano,0,1,8.505163,12.001308
Kano,kano,Yar Kurna,,settlement,grid3,Sharada,Kano Municipal,Kano,0,1,8.502498,11.97944
Kano,kano,Yarawa Layim Gidan Idris Yarawa Gidam Inji,,settlement,grid3,Kawaji,Nassarawa,Kano,0,1,8.614193,12.003018
Kano,kano,Yarawa Layin Gidan Muhammad Sarina,,settlement,grid3,Kawaji,Nassarawa,Kano,0,1,8.613779,12.003676
Kano,kano,Yarawa Layin Muhammad Musa,,settlement,grid3,Kawaji,Nassarawa,Kano,0,1,8.608206,12.004596
Kano,kano,Yargaya Avenue,,settlement,grid3,Sani Mai Nagge,Gwale,Kano,0,1,8.496844,11.98281
Kano,kano,Yarkasuwa Layin Gurasa,,settlement,grid3,Madigawa,Dala,Kano,0,1,8.505259,12.000778
Kano,kano,Yarkasuwa Layin Maiunguwa,,settlement,grid3,Madigawa,Dala,Kano,0,1,8.505012,12.000977
Kano,kano,Yarkasuwa Layin Titin Jakara,,settlement,grid3,Madigawa,Dala,Kano,0,1,8.505532,12.001065
Kano,kano,Yarkurna Gindin Garu,,settlement,grid3,Sharada,Kano Municipal,Kano,0,1,8.503907,11.979604
Kano,kano,Yarmin Kyau,,settlement,grid3,Ungogo,Ungogo,Kano,0,1,8.450073,12.087891
Kano,kano,Yau Taura Street Unguwar Sarauniya,,settlement,grid3,Dakata,Nassarawa,Kano,0,1,8.579511,12.022616
Kano,kano,Yere,,settlement,grid3,Rangaza,Ungogo,Kano,0,1,8.622621,12.058571
Kano,kano,Yola,,village,osm,Fanisau,Ungogo,Kano,0,1,8.531214,12.064947
Kano,kano,Yola Cikin Gari,,settlement,grid3,Rangaza,Ungogo,Kano,0,1,8.622408,12.05993
Kano,kano,Yola Gabas,,settlement,grid3,Fanisau,Ungogo,Kano,0,1,8.532104,12.064514
Kano,kano,Yola Layin Hasandi,,settlement,grid3,Fanisau,Ungogo,Kano,0,1,8.530701,12.06427
Kano,kano,Yola Layin Malam Tsari,,settlement,grid3,Fanisau,Ungogo,Kano,0,1,8.530975,12.065014
Kano,kano,Yolawa Road,,settlement,grid3,Fagge C,Fagge,Kano,0,1,8.537571,12.0077
Kano,kano,Yoruba Road,,settlement,grid3,Sabon Gari East,Fagge,Kano,0,1,8.538378,12.016827
Kano,kano,Yoruba Road,,settlement,grid3,Sabon Gari West,Fagge,Kano,0,1,8.534199,12.016752
Kano,kano,Yoruba Road By Ibadan Road,,settlement,grid3,Sabon Gari West,Fagge,Kano,0,1,8.532649,12.016682
Kano,kano,Zage A,,settlement,grid3,Zango (Municipal),Kano Municipal,Kano,0,1,8.522538,12.003251
Kano,kano,Zage B,,settlement,grid3,Zango (Municipal),Kano Municipal,Kano,0,1,8.521513,12.003687
Kano,kano,Zakara,,settlement,grid3,Rijiyar Zaki,Ungogo,Kano,0,1,8.44701,11.999029
Kano,kano,Zakara Fulani,,settlement,grid3,Rijiyar Zaki,Ungogo,Kano,0,1,8.445092,11.999763
Kano,kano,Zakara Masallaci,,settlement,grid3,Rijiyar Zaki,Ungogo,Kano,0,1,8.425903,11.994507
Kano,kano,Zakari Crescent,,settlement,grid3,Kawaji,Nassarawa,Kano,0,1,8.574847,12.009688
Kano,kano,Zaki Street,,settlement,grid3,Sani Mai Nagge,Gwale,Kano,0,1,8.492167,11.983577
Kano,kano,Zango,,settlement,grid3,Tudun Wada,Nassarawa,Kano,0,1,8.561436,12.017353
Kano,kano,Zango,,settlement,grid3,Rijiyar Zaki,Ungogo,Kano,0,1,8.421875,11.989929
Kano,kano,Zango,,settlement,grid3,Tudun Fulani,Ungogo,Kano,0,1,8.419533,12.033463
Kano,kano,Zango,,settlement,grid3,Galadanchi,Gwale,Kano,0,1,8.51128,11.98931
Kano,kano,Zango,,settlement,grid3,Fanisau,Ungogo,Kano,0,1,8.520353,12.08062
Kano,kano,Zango,,settlement,grid3,Giginyu,Nassarawa,Kano,0,1,8.579285,11.994873
Kano,kano,Zango A,,settlement,grid3,Zango (Municipal),Kano Municipal,Kano,0,1,8.524196,12.000545
Kano,kano,Zango B,,settlement,grid3,Zango (Municipal),Kano Municipal,Kano,0,1,8.524035,12.002591
Kano,kano,Zango Babban Gida,,settlement,grid3,Giginyu,Nassarawa,Kano,0,1,8.575751,11.993807
Kano,kano,Zango C,,settlement,grid3,Zango (Municipal),Kano Municipal,Kano,0,1,8.524586,12.001024
Kano,kano,Zango Cikin Gari Gidan Kwari,,settlement,grid3,Hotoro North,Nassarawa,Kano,0,1,8.567035,11.99666
Kano,kano,Zango Cikin Gari Layin Car Wash,,settlement,grid3,Hotoro North,Nassarawa,Kano,0,1,8.576692,11.993199
Kano,kano,Zango Cikin Gari Layin Ustaz,,settlement,grid3,Hotoro North,Nassarawa,Kano,0,1,8.583149,11.985284
Kano,kano,Zango D,,settlement,grid3,Zango (Municipal),Kano Municipal,Kano,0,1,8.522944,12.00146
Kano,kano,Zango Gabas,,settlement,grid3,Bachirawa,Ungogo,Kano,0,1,8.440601,12.071773
Kano,kano,Zango Gidan Tsamiya,,settlement,grid3,Hotoro North,Nassarawa,Kano,0,1,8.565859,11.994627
Kano,kano,Zango Layin Babban Gida,,settlement,grid3,Hotoro North,Nassarawa,Kano,0,1,8.576172,11.992899
Kano,kano,Zango Unguwar Ketare,,settlement,grid3,Hotoro North,Nassarawa,Kano,0,1,8.583575,11.993563
Kano,kano,Zango Yamma,,settlement,grid3,Bachirawa,Ungogo,Kano,0,1,8.441558,12.069552
Kano,kano,Zangon Bare Bari A,,settlement,grid3,Tudun Nufawa,Kano Municipal,Kano,0,1,8.515802,12.003659
Kano,kano,Zangon Bare Bari B,,settlement,grid3,Tudun Nufawa,Kano Municipal,Kano,0,1,8.516148,12.004608
Kano,kano,Zangon Bare Bari Yan Mota,,settlement,grid3,Tudun Nufawa,Kano Municipal,Kano,0,1,8.515258,12.003679
Kano,kano,Zangon Kaya,,settlement,grid3,Bachirawa,Ungogo,Kano,0,1,8.441229,12.070932
Kano,kano,Zangon Malamai,,settlement,grid3,Zango (Ungogo),Ungogo,Kano,0,1,8.573486,12.044312
Kano,kano,Zangon Marikita,,settlement,grid3,Zango (Ungogo),Ungogo,Kano,0,1,8.574174,12.052081
Kano,kano,Zangon Rimi,,settlement,grid3,Zango (Ungogo),Ungogo,Kano,0,1,8.583313,12.042725
Kano,kano,Zara Unguwan Dawa,,settlement,grid3,Kureken Sani,Kumbotso,Kano,0,1,8.607683,11.927199
Kano,kano,Zaura Babba,,village,osm,Rangaza,Ungogo,Kano,0,1,8.62283,12.0604
Kano,kano,Zaurar Danbaba,,village,osm,Rangaza,Ungogo,Kano,0,1,8.61458,12.0668
Kano,kano,Zaurar Fulani,,settlement,grid3,Rangaza,Ungogo,Kano,0,1,8.626282,12.073303
Kano,kano,Zaure Dan Baba Cikin Gari,,settlement,grid3,Rangaza,Ungogo,Kano,0,1,8.615296,12.066987
Kano,kano,Zawachiki,,settlement,grid3,Panshekara,Kumbotso,Kano,0,1,8.465829,11.919795
Kano,kano,Zawai,,settlement,grid3,Mandawari,Gwale,Kano,0,1,8.511538,11.996158
Kano,kano,Zubainawa,,settlement,grid3,Gobirawa,Dala,Kano,0,1,8.467025,12.057248
Kano,kano,Zuda,,settlement,grid3,Zango (Ungogo),Ungogo,Kano,0,1,8.580524,12.040623
Kano,kano,Zungero By Court Road,,settlement,grid3,Sabon Gari West,Fagge,Kano,0,1,8.534932,12.027342
Kano,kano,Zungeru,,settlement,grid3,Fagge D2,Fagge,Kano,0,1,8.528096,12.027789
Kano,kano,Zungeru By Airport Road,,settlement,grid3,Sabon Gari West,Fagge,Kano,0,1,8.540144,12.027165
Kano,kano,Zungeru By Court Road,,settlement,grid3,Sabon Gari West,Fagge,Kano,0,1,8.536092,12.026401
Kano,kano,Zungeru By Sarkin Yaki,,settlement,grid3,Sabon Gari East,Fagge,Kano,0,1,8.53754,12.02686
Kano,kano,Zungeru Road,,settlement,grid3,Sabon Gari East,Fagge,Kano,0,1,8.537476,12.027403
Kano,kano,Zungeru Road,,settlement,grid3,Fagge D2,Fagge,Kano,0,1,8.527194,12.02768
Kano,kano,Zungeru Road By Apple Avenue,,settlement,grid3,Sabon Gari West,Fagge,Kano,0,1,8.53292,12.027355
Kano,kano,Zungeru Road By Burma Road,,settlement,grid3,Sabon Gari West,Fagge,Kano,0,1,8.529852,12.027372
Kano,kano,Zungeru Road Left,,settlement,grid3,Sabon Gari West,Fagge,Kano,0,1,8.53258,12.027034
Kano,kano,Zungeru Road Right,,settlement,grid3,Sabon Gari West,Fagge,Kano,0,1,8.533483,12.027319
