id,date,platform,overpass,valid_city,valid_ring,city_median,ring_median,city_minus_ring,fringe_minus_core,month,season
MYD11A2.A2015001.h18v07.061.2021347231137,2015-01-01,aqua,Aqua 01:30,0.993,0.988,11.69,10.87,0.82,-1.09,1,harmattan
MYD11A2.A2015001.h18v07.061.2021347231137,2015-01-01,aqua,Aqua 13:30,1.0,0.999,31.05,31.45,-0.4,0.73,1,harmattan
MOD11A2.A2015001.h18v07.061.2021347232339,2015-01-01,terra,Terra 10:30,1.0,1.0,27.85,27.15,0.7,-0.08,1,harmattan
MOD11A2.A2015001.h18v07.061.2021347232339,2015-01-01,terra,Terra 22:30,0.997,1.0,13.43,12.25,1.18,-1.31,1,harmattan
MYD11A2.A2015009.h18v07.061.2021348080309,2015-01-09,aqua,Aqua 01:30,1.0,1.0,11.15,10.25,0.9,-1.45,1,harmattan
MYD11A2.A2015009.h18v07.061.2021348080309,2015-01-09,aqua,Aqua 13:30,1.0,1.0,31.75,31.73,0.02,0.07,1,harmattan
MOD11A2.A2015009.h18v07.061.2021348091852,2015-01-09,terra,Terra 10:30,1.0,1.0,27.31,26.97,0.34,-1.21,1,harmattan
MOD11A2.A2015009.h18v07.061.2021348091852,2015-01-09,terra,Terra 22:30,1.0,0.976,11.95,10.79,1.16,-1.33,1,harmattan
MYD11A2.A2015017.h18v07.061.2021348164451,2015-01-17,aqua,Aqua 01:30,0.643,0.744,,,,,1,harmattan
MYD11A2.A2015017.h18v07.061.2021348164451,2015-01-17,aqua,Aqua 13:30,1.0,1.0,40.45,40.57,-0.12,0.46,1,harmattan
MOD11A2.A2015017.h18v07.061.2021348165341,2015-01-17,terra,Terra 10:30,1.0,1.0,34.55,34.73,-0.18,0.12,1,harmattan
MOD11A2.A2015017.h18v07.061.2021348165341,2015-01-17,terra,Terra 22:30,0.977,0.974,17.97,16.11,1.86,-1.43,1,harmattan
MYD11A2.A2015025.h18v07.061.2021349014011,2015-01-25,aqua,Aqua 01:30,0.883,0.852,14.47,12.85,1.62,-2.91,1,harmattan
MYD11A2.A2015025.h18v07.061.2021349014011,2015-01-25,aqua,Aqua 13:30,1.0,1.0,41.14,41.69,-0.55,0.51,1,harmattan
MOD11A2.A2015025.h18v07.061.2021349004905,2015-01-25,terra,Terra 10:30,1.0,1.0,33.38,34.15,-0.77,0.42,1,harmattan
MOD11A2.A2015025.h18v07.061.2021349004905,2015-01-25,terra,Terra 22:30,0.993,0.993,16.24,14.31,1.93,-2.65,1,harmattan
MYD11A2.A2015033.h18v07.061.2021349100353,2015-02-02,aqua,Aqua 01:30,0.993,1.0,13.55,12.13,1.42,-3.72,2,harmattan
MYD11A2.A2015033.h18v07.061.2021349100353,2015-02-02,aqua,Aqua 13:30,1.0,1.0,45.7,45.63,0.07,0.32,2,harmattan
MOD11A2.A2015033.h18v07.061.2021349095341,2015-02-02,terra,Terra 10:30,1.0,1.0,39.92,39.55,0.37,-0.12,2,harmattan
MOD11A2.A2015033.h18v07.061.2021349095341,2015-02-02,terra,Terra 22:30,1.0,1.0,17.93,16.41,1.52,-2.52,2,harmattan
MYD11A2.A2015041.h18v07.061.2021350003618,2015-02-10,aqua,Aqua 01:30,0.976,0.931,17.44,13.75,3.69,-3.3,2,harmattan
MYD11A2.A2015041.h18v07.061.2021350003618,2015-02-10,aqua,Aqua 13:30,1.0,1.0,45.33,45.83,-0.5,0.55,2,harmattan
MOD11A2.A2015041.h18v07.061.2021350005049,2015-02-10,terra,Terra 10:30,1.0,1.0,38.92,39.23,-0.31,-0.12,2,harmattan
MOD11A2.A2015041.h18v07.061.2021350005049,2015-02-10,terra,Terra 22:30,1.0,1.0,19.81,18.53,1.28,-1.71,2,harmattan
MYD11A2.A2015049.h18v07.061.2021350103608,2015-02-18,aqua,Aqua 01:30,0.479,0.428,,,,,2,harmattan
MYD11A2.A2015049.h18v07.061.2021350103608,2015-02-18,aqua,Aqua 13:30,1.0,0.994,42.16,40.81,1.35,0.09,2,harmattan
MOD11A2.A2015049.h18v07.061.2021350104636,2015-02-18,terra,Terra 10:30,1.0,0.998,34.09,34.25,-0.16,0.13,2,harmattan
MOD11A2.A2015049.h18v07.061.2021350104636,2015-02-18,terra,Terra 22:30,0.929,0.938,16.55,11.73,4.82,-4.38,2,harmattan
MYD11A2.A2015057.h18v07.061.2021350203759,2015-02-26,aqua,Aqua 01:30,0.949,0.85,16.57,15.55,1.02,-1.49,2,harmattan
MYD11A2.A2015057.h18v07.061.2021350203759,2015-02-26,aqua,Aqua 13:30,1.0,1.0,38.17,38.51,-0.34,0.83,2,harmattan
MOD11A2.A2015057.h18v07.061.2021350195849,2015-02-26,terra,Terra 10:30,1.0,1.0,33.65,34.15,-0.5,0.31,2,harmattan
MOD11A2.A2015057.h18v07.061.2021350195849,2015-02-26,terra,Terra 22:30,1.0,1.0,16.89,16.13,0.76,-1.53,2,harmattan
MYD11A2.A2015065.h18v07.061.2021351070545,2015-03-06,aqua,Aqua 01:30,1.0,0.999,18.43,16.95,1.48,-2.16,3,hot
MYD11A2.A2015065.h18v07.061.2021351070545,2015-03-06,aqua,Aqua 13:30,1.0,1.0,41.49,41.73,-0.24,0.77,3,hot
MOD11A2.A2015065.h18v07.061.2021351063444,2015-03-06,terra,Terra 10:30,1.0,1.0,37.53,37.43,0.1,-0.2,3,hot
MOD11A2.A2015065.h18v07.061.2021351063444,2015-03-06,terra,Terra 22:30,1.0,1.0,20.83,19.57,1.26,-1.81,3,hot
MYD11A2.A2015073.h18v07.061.2021351154559,2015-03-14,aqua,Aqua 01:30,1.0,0.985,20.73,18.87,1.86,-1.56,3,hot
MYD11A2.A2015073.h18v07.061.2021351154559,2015-03-14,aqua,Aqua 13:30,1.0,1.0,42.97,43.27,-0.3,-0.03,3,hot
MOD11A2.A2015073.h18v07.061.2021351155214,2015-03-14,terra,Terra 10:30,1.0,1.0,35.91,36.31,-0.4,0.06,3,hot
MOD11A2.A2015073.h18v07.061.2021351155214,2015-03-14,terra,Terra 22:30,1.0,1.0,20.15,19.19,0.96,-1.17,3,hot
MYD11A2.A2015081.h18v07.061.2021351231443,2015-03-22,aqua,Aqua 01:30,0.78,0.545,,,,,3,hot
MYD11A2.A2015081.h18v07.061.2021351231443,2015-03-22,aqua,Aqua 13:30,1.0,1.0,42.64,42.57,0.07,0.26,3,hot
MOD11A2.A2015081.h18v07.061.2021351233544,2015-03-22,terra,Terra 10:30,0.929,1.0,36.75,37.37,-0.62,0.9,3,hot
MOD11A2.A2015081.h18v07.061.2021351233544,2015-03-22,terra,Terra 22:30,1.0,1.0,20.18,18.97,1.21,-1.63,3,hot
MYD11A2.A2015089.h18v07.061.2021352072331,2015-03-30,aqua,Aqua 01:30,1.0,1.0,19.05,17.47,1.58,-3.54,3,hot
MYD11A2.A2015089.h18v07.061.2021352072331,2015-03-30,aqua,Aqua 13:30,1.0,1.0,45.03,45.41,-0.38,-0.25,3,hot
MOD11A2.A2015089.h18v07.061.2021352084643,2015-03-30,terra,Terra 10:30,1.0,1.0,35.54,36.41,-0.87,0.6,3,hot
MOD11A2.A2015089.h18v07.061.2021352084643,2015-03-30,terra,Terra 22:30,1.0,1.0,18.73,17.71,1.02,-1.79,3,hot
MYD11A2.A2015097.h18v07.061.2021352155723,2015-04-07,aqua,Aqua 01:30,1.0,1.0,19.55,18.89,0.66,-1.83,4,hot
MYD11A2.A2015097.h18v07.061.2021352155723,2015-04-07,aqua,Aqua 13:30,1.0,1.0,41.94,43.61,-1.67,0.92,4,hot
MOD11A2.A2015097.h18v07.061.2021352175757,2015-04-07,terra,Terra 10:30,1.0,1.0,45.35,46.03,-0.68,0.33,4,hot
MOD11A2.A2015097.h18v07.061.2021352175757,2015-04-07,terra,Terra 22:30,1.0,1.0,20.09,19.31,0.78,-1.36,4,hot
MYD11A2.A2015105.h18v07.061.2021353004216,2015-04-15,aqua,Aqua 01:30,1.0,1.0,20.11,19.69,0.42,-0.93,4,hot
MYD11A2.A2015105.h18v07.061.2021353004216,2015-04-15,aqua,Aqua 13:30,1.0,1.0,47.12,47.29,-0.17,0.24,4,hot
MOD11A2.A2015105.h18v07.061.2021353015927,2015-04-15,terra,Terra 10:30,1.0,1.0,39.15,39.25,-0.1,-0.21,4,hot
MOD11A2.A2015105.h18v07.061.2021353015927,2015-04-15,terra,Terra 22:30,1.0,1.0,20.59,19.51,1.08,-1.56,4,hot
MYD11A2.A2015113.h18v07.061.2021353114610,2015-04-23,aqua,Aqua 01:30,0.998,0.977,18.67,17.43,1.24,-2.49,4,hot
MYD11A2.A2015113.h18v07.061.2021353114610,2015-04-23,aqua,Aqua 13:30,1.0,1.0,47.05,47.13,-0.08,0.27,4,hot
MOD11A2.A2015113.h18v07.061.2021353114728,2015-04-23,terra,Terra 10:30,1.0,1.0,41.57,41.67,-0.1,-0.1,4,hot
MOD11A2.A2015113.h18v07.061.2021353114728,2015-04-23,terra,Terra 22:30,1.0,1.0,20.91,19.37,1.54,-2.2,4,hot
MYD11A2.A2015121.h18v07.061.2021355222532,2015-05-01,aqua,Aqua 01:30,1.0,1.0,17.27,15.57,1.7,-3.23,5,hot
MYD11A2.A2015121.h18v07.061.2021355222532,2015-05-01,aqua,Aqua 13:30,1.0,0.999,46.73,47.13,-0.4,0.49,5,hot
MOD11A2.A2015121.h18v07.061.2021355053801,2015-05-01,terra,Terra 10:30,1.0,1.0,42.23,42.67,-0.44,0.83,5,hot
MOD11A2.A2015121.h18v07.061.2021355053801,2015-05-01,terra,Terra 22:30,1.0,1.0,20.84,18.69,2.15,-2.76,5,hot
MYD11A2.A2015129.h18v07.061.2021356080153,2015-05-09,aqua,Aqua 01:30,1.0,1.0,21.35,19.29,2.06,-2.19,5,hot
MYD11A2.A2015129.h18v07.061.2021356080153,2015-05-09,aqua,Aqua 13:30,1.0,1.0,50.33,50.55,-0.22,0.14,5,hot
MOD11A2.A2015129.h18v07.061.2021355153049,2015-05-09,terra,Terra 10:30,1.0,1.0,46.25,46.77,-0.52,0.08,5,hot
MOD11A2.A2015129.h18v07.061.2021355153049,2015-05-09,terra,Terra 22:30,1.0,1.0,24.21,23.13,1.08,-1.07,5,hot
MYD11A2.A2015137.h18v07.061.2021356181117,2015-05-17,aqua,Aqua 01:30,0.925,0.962,22.03,20.81,1.22,-1.56,5,hot
MYD11A2.A2015137.h18v07.061.2021356181117,2015-05-17,aqua,Aqua 13:30,1.0,0.999,47.74,48.21,-0.47,0.55,5,hot
MOD11A2.A2015137.h18v07.061.2021357053506,2015-05-17,terra,Terra 10:30,1.0,1.0,43.75,43.95,-0.2,0.32,5,hot
MOD11A2.A2015137.h18v07.061.2021357053506,2015-05-17,terra,Terra 22:30,1.0,1.0,23.4,22.15,1.25,-2.62,5,hot
MYD11A2.A2015145.h18v07.061.2021357102916,2015-05-25,aqua,Aqua 01:30,1.0,1.0,22.23,22.21,0.02,-0.63,5,hot
MYD11A2.A2015145.h18v07.061.2021357102916,2015-05-25,aqua,Aqua 13:30,1.0,1.0,44.53,44.89,-0.36,0.53,5,hot
MOD11A2.A2015145.h18v07.061.2021357122317,2015-05-25,terra,Terra 10:30,1.0,1.0,40.52,40.65,-0.13,0.07,5,hot
MOD11A2.A2015145.h18v07.061.2021357122317,2015-05-25,terra,Terra 22:30,1.0,1.0,25.01,24.03,0.98,-1.88,5,hot
MYD11A2.A2015153.h18v07.061.2021357151415,2015-06-02,aqua,Aqua 01:30,0.99,0.939,13.38,13.43,-0.05,-0.35,6,wet
MYD11A2.A2015153.h18v07.061.2021357151415,2015-06-02,aqua,Aqua 13:30,1.0,0.998,37.82,38.23,-0.41,-0.57,6,wet
MOD11A2.A2015153.h18v07.061.2021357191909,2015-06-02,terra,Terra 10:30,1.0,0.991,34.49,34.29,0.2,-0.24,6,wet
MOD11A2.A2015153.h18v07.061.2021357191909,2015-06-02,terra,Terra 22:30,1.0,1.0,19.41,19.67,-0.26,-0.28,6,wet
MYD11A2.A2015161.h18v07.061.2021358005625,2015-06-10,aqua,Aqua 01:30,1.0,1.0,19.87,19.43,0.44,-0.38,6,wet
MYD11A2.A2015161.h18v07.061.2021358005625,2015-06-10,aqua,Aqua 13:30,0.974,0.978,39.05,38.55,0.5,-0.04,6,wet
MOD11A2.A2015161.h18v07.061.2021358074330,2015-06-10,terra,Terra 10:30,0.951,0.958,34.51,33.93,0.58,-0.5,6,wet
MOD11A2.A2015161.h18v07.061.2021358074330,2015-06-10,terra,Terra 22:30,1.0,1.0,22.35,21.97,0.38,-0.56,6,wet
MYD11A2.A2015169.h18v07.061.2021358105807,2015-06-18,aqua,Aqua 01:30,1.0,1.0,22.95,22.15,0.8,-0.57,6,wet
MYD11A2.A2015169.h18v07.061.2021358105807,2015-06-18,aqua,Aqua 13:30,1.0,1.0,41.91,41.57,0.34,0.56,6,wet
MOD11A2.A2015169.h18v07.061.2021358150209,2015-06-18,terra,Terra 10:30,1.0,0.998,35.73,35.69,0.04,0.28,6,wet
MOD11A2.A2015169.h18v07.061.2021358150209,2015-06-18,terra,Terra 22:30,1.0,1.0,23.21,23.09,0.12,-0.11,6,wet
MYD11A2.A2015177.h18v07.061.2021358203211,2015-06-26,aqua,Aqua 01:30,1.0,1.0,20.15,20.03,0.12,-0.55,6,wet
MYD11A2.A2015177.h18v07.061.2021358203211,2015-06-26,aqua,Aqua 13:30,0.683,0.722,,,,,6,wet
MOD11A2.A2015177.h18v07.061.2021359005023,2015-06-26,terra,Terra 10:30,0.786,0.757,,,,,6,wet
MOD11A2.A2015177.h18v07.061.2021359005023,2015-06-26,terra,Terra 22:30,1.0,1.0,21.65,21.31,0.34,-0.24,6,wet
MYD11A2.A2015185.h18v07.061.2021359060343,2015-07-04,aqua,Aqua 01:30,1.0,1.0,23.32,23.49,-0.17,-0.19,7,wet
MYD11A2.A2015185.h18v07.061.2021359060343,2015-07-04,aqua,Aqua 13:30,0.723,0.766,,,,,7,wet
MOD11A2.A2015185.h18v07.061.2021359102043,2015-07-04,terra,Terra 10:30,0.711,0.765,,,,,7,wet
MOD11A2.A2015185.h18v07.061.2021359102043,2015-07-04,terra,Terra 22:30,1.0,1.0,24.22,23.73,0.49,-0.64,7,wet
MYD11A2.A2015193.h18v07.061.2021359150119,2015-07-12,aqua,Aqua 01:30,1.0,1.0,20.16,20.23,-0.07,-0.35,7,wet
MYD11A2.A2015193.h18v07.061.2021359150119,2015-07-12,aqua,Aqua 13:30,0.394,0.372,,,,,7,wet
MOD11A2.A2015193.h18v07.061.2021359180018,2015-07-12,terra,Terra 10:30,0.512,0.539,,,,,7,wet
MOD11A2.A2015193.h18v07.061.2021359180018,2015-07-12,terra,Terra 22:30,1.0,1.0,22.57,22.45,0.12,-0.3,7,wet
MYD11A2.A2015201.h18v07.061.2021359214918,2015-07-20,aqua,Aqua 01:30,0.531,0.275,,,,,7,wet
MYD11A2.A2015201.h18v07.061.2021359214918,2015-07-20,aqua,Aqua 13:30,0.497,0.382,,,,,7,wet
MOD11A2.A2015201.h18v07.061.2021360002926,2015-07-20,terra,Terra 10:30,0.997,0.978,31.97,30.89,1.08,-3.1,7,wet
MOD11A2.A2015201.h18v07.061.2021360002926,2015-07-20,terra,Terra 22:30,0.0,0.0,,,,,7,wet
MYD11A2.A2015209.h18v07.061.2021360045849,2015-07-28,aqua,Aqua 01:30,0.841,0.699,,,,,7,wet
MYD11A2.A2015209.h18v07.061.2021360045849,2015-07-28,aqua,Aqua 13:30,0.249,0.143,,,,,7,wet
MOD11A2.A2015209.h18v07.061.2021360085753,2015-07-28,terra,Terra 10:30,0.0,0.0,,,,,7,wet
MOD11A2.A2015209.h18v07.061.2021360085753,2015-07-28,terra,Terra 22:30,0.89,0.74,,,,,7,wet
MYD11A2.A2015217.h18v07.061.2021360150108,2015-08-05,aqua,Aqua 01:30,0.0,0.0,,,,,8,wet
MYD11A2.A2015217.h18v07.061.2021360150108,2015-08-05,aqua,Aqua 13:30,0.171,0.168,,,,,8,wet
MOD11A2.A2015217.h18v07.061.2021360171729,2015-08-05,terra,Terra 10:30,0.244,0.402,,,,,8,wet
MOD11A2.A2015217.h18v07.061.2021360171729,2015-08-05,terra,Terra 22:30,0.0,0.0,,,,,8,wet
MYD11A2.A2015225.h18v07.061.2021360215226,2015-08-13,aqua,Aqua 01:30,0.476,0.461,,,,,8,wet
MYD11A2.A2015225.h18v07.061.2021360215226,2015-08-13,aqua,Aqua 13:30,0.012,0.08,,,,,8,wet
MOD11A2.A2015225.h18v07.061.2021361003224,2015-08-13,terra,Terra 10:30,0.632,0.547,,,,,8,wet
MOD11A2.A2015225.h18v07.061.2021361003224,2015-08-13,terra,Terra 22:30,0.0,0.0,,,,,8,wet
MYD11A2.A2015233.h18v07.061.2021361041837,2015-08-21,aqua,Aqua 01:30,0.0,0.001,,,,,8,wet
MYD11A2.A2015233.h18v07.061.2021361041837,2015-08-21,aqua,Aqua 13:30,0.056,0.264,,,,,8,wet
MOD11A2.A2015233.h18v07.061.2021361072043,2015-08-21,terra,Terra 10:30,0.082,0.182,,,,,8,wet
MOD11A2.A2015233.h18v07.061.2021361072043,2015-08-21,terra,Terra 22:30,0.991,0.881,22.01,22.13,-0.12,-0.0,8,wet
MYD11A2.A2015241.h18v07.061.2021361105958,2015-08-29,aqua,Aqua 01:30,0.0,0.0,,,,,8,wet
MYD11A2.A2015241.h18v07.061.2021361105958,2015-08-29,aqua,Aqua 13:30,0.573,0.656,,,,,8,wet
MOD11A2.A2015241.h18v07.061.2021361154034,2015-08-29,terra,Terra 10:30,0.206,0.211,,,,,8,wet
MOD11A2.A2015241.h18v07.061.2021361154034,2015-08-29,terra,Terra 22:30,1.0,0.998,20.57,22.59,-2.02,0.24,8,wet
MYD11A2.A2015249.h18v07.061.2021361205206,2015-09-06,aqua,Aqua 01:30,1.0,1.0,20.98,21.63,-0.65,-0.01,9,wet
MYD11A2.A2015249.h18v07.061.2021361205206,2015-09-06,aqua,Aqua 13:30,0.979,1.0,34.19,32.45,1.74,-4.33,9,wet
MOD11A2.A2015249.h18v07.061.2021361235210,2015-09-06,terra,Terra 10:30,1.0,1.0,32.44,30.51,1.93,-3.93,9,wet
MOD11A2.A2015249.h18v07.061.2021361235210,2015-09-06,terra,Terra 22:30,1.0,1.0,22.65,22.65,0.0,-0.78,9,wet
MYD11A2.A2015257.h18v07.061.2021362035644,2015-09-14,aqua,Aqua 01:30,0.0,0.0,,,,,9,wet
MYD11A2.A2015257.h18v07.061.2021362035644,2015-09-14,aqua,Aqua 13:30,0.249,0.215,,,,,9,wet
MOD11A2.A2015257.h18v07.061.2021362070627,2015-09-14,terra,Terra 10:30,0.021,0.15,,,,,9,wet
MOD11A2.A2015257.h18v07.061.2021362070627,2015-09-14,terra,Terra 22:30,1.0,0.997,21.53,21.43,0.1,-0.18,9,wet
MYD11A2.A2015265.h18v07.061.2021362144728,2015-09-22,aqua,Aqua 01:30,1.0,1.0,22.04,21.99,0.05,-0.57,9,wet
MYD11A2.A2015265.h18v07.061.2021362144728,2015-09-22,aqua,Aqua 13:30,0.995,1.0,33.61,30.69,2.92,-3.83,9,wet
MOD11A2.A2015265.h18v07.061.2021362155934,2015-09-22,terra,Terra 10:30,1.0,1.0,31.41,29.79,1.62,-3.18,9,wet
MOD11A2.A2015265.h18v07.061.2021362155934,2015-09-22,terra,Terra 22:30,1.0,1.0,22.39,22.31,0.08,-0.77,9,wet
MYD11A2.A2015273.h18v07.061.2021362175726,2015-09-30,aqua,Aqua 01:30,1.0,1.0,22.87,22.57,0.3,-0.5,9,wet
MYD11A2.A2015273.h18v07.061.2021362175726,2015-09-30,aqua,Aqua 13:30,0.977,1.0,32.49,31.27,1.22,-4.17,9,wet
MOD11A2.A2015273.h18v07.061.2021362210359,2015-09-30,terra,Terra 10:30,0.503,0.441,,,,,9,wet
MOD11A2.A2015273.h18v07.061.2021362210359,2015-09-30,terra,Terra 22:30,1.0,1.0,22.72,22.41,0.31,-0.94,9,wet
MYD11A2.A2015281.h18v07.061.2021363014427,2015-10-08,aqua,Aqua 01:30,1.0,1.0,21.89,21.43,0.46,-1.45,10,transition
MYD11A2.A2015281.h18v07.061.2021363014427,2015-10-08,aqua,Aqua 13:30,1.0,1.0,39.19,37.35,1.84,-2.77,10,transition
MOD11A2.A2015281.h18v07.061.2021363045102,2015-10-08,terra,Terra 10:30,1.0,1.0,36.24,34.21,2.03,-3.02,10,transition
MOD11A2.A2015281.h18v07.061.2021363045102,2015-10-08,terra,Terra 22:30,1.0,1.0,23.14,22.75,0.39,-1.07,10,transition
MYD11A2.A2015289.h18v07.061.2021363093928,2015-10-16,aqua,Aqua 01:30,1.0,1.0,22.19,21.47,0.72,-1.4,10,transition
MYD11A2.A2015289.h18v07.061.2021363093928,2015-10-16,aqua,Aqua 13:30,1.0,1.0,41.95,39.91,2.04,-2.7,10,transition
MOD11A2.A2015289.h18v07.061.2021363131931,2015-10-16,terra,Terra 10:30,1.0,1.0,38.07,36.17,1.9,-2.63,10,transition
MOD11A2.A2015289.h18v07.061.2021363131931,2015-10-16,terra,Terra 22:30,1.0,1.0,23.16,22.39,0.77,-1.89,10,transition
MYD11A2.A2015297.h18v07.061.2021363163359,2015-10-24,aqua,Aqua 01:30,1.0,1.0,20.85,20.29,0.56,-1.39,10,transition
MYD11A2.A2015297.h18v07.061.2021363163359,2015-10-24,aqua,Aqua 13:30,1.0,1.0,40.75,39.73,1.02,-0.85,10,transition
MOD11A2.A2015297.h18v07.061.2021363215006,2015-10-24,terra,Terra 10:30,1.0,1.0,38.08,35.97,2.11,-1.95,10,transition
MOD11A2.A2015297.h18v07.061.2021363215006,2015-10-24,terra,Terra 22:30,1.0,1.0,22.07,21.23,0.84,-1.67,10,transition
MYD11A2.A2015305.h18v07.061.2021364184849,2015-11-01,aqua,Aqua 01:30,1.0,1.0,17.53,16.47,1.06,-2.15,11,harmattan
MYD11A2.A2015305.h18v07.061.2021364184849,2015-11-01,aqua,Aqua 13:30,1.0,1.0,36.59,36.51,0.08,-0.6,11,harmattan
MOD11A2.A2015305.h18v07.061.2021364183635,2015-11-01,terra,Terra 10:30,1.0,1.0,33.53,32.87,0.66,-0.78,11,harmattan
MOD11A2.A2015305.h18v07.061.2021364183635,2015-11-01,terra,Terra 22:30,1.0,1.0,19.97,18.69,1.28,-1.81,11,harmattan
MYD11A2.A2015313.h18v07.061.2021365224522,2015-11-09,aqua,Aqua 01:30,1.0,1.0,17.0,15.17,1.83,-2.47,11,harmattan
MYD11A2.A2015313.h18v07.061.2021365224522,2015-11-09,aqua,Aqua 13:30,1.0,1.0,39.11,38.55,0.56,-0.53,11,harmattan
MOD11A2.A2015313.h18v07.061.2021365224933,2015-11-09,terra,Terra 10:30,1.0,1.0,36.1,35.59,0.51,-0.53,11,harmattan
MOD11A2.A2015313.h18v07.061.2021365224933,2015-11-09,terra,Terra 22:30,1.0,1.0,18.55,17.29,1.26,-1.93,11,harmattan
MYD11A2.A2015321.h18v07.061.2022001035759,2015-11-17,aqua,Aqua 01:30,0.997,1.0,15.82,14.37,1.45,-1.5,11,harmattan
MYD11A2.A2015321.h18v07.061.2022001035759,2015-11-17,aqua,Aqua 13:30,1.0,1.0,36.9,36.39,0.51,0.3,11,harmattan
MOD11A2.A2015321.h18v07.061.2022001041825,2015-11-17,terra,Terra 10:30,1.0,1.0,33.59,33.01,0.58,-0.59,11,harmattan
MOD11A2.A2015321.h18v07.061.2022001041825,2015-11-17,terra,Terra 22:30,1.0,1.0,17.23,16.03,1.2,-1.75,11,harmattan
MYD11A2.A2015329.h18v07.061.2022001092854,2015-11-25,aqua,Aqua 01:30,0.998,0.998,15.35,13.87,1.48,-2.02,11,harmattan
MYD11A2.A2015329.h18v07.061.2022001092854,2015-11-25,aqua,Aqua 13:30,1.0,1.0,43.38,43.29,0.09,0.07,11,harmattan
MOD11A2.A2015329.h18v07.061.2022001095922,2015-11-25,terra,Terra 10:30,1.0,1.0,39.08,38.83,0.25,-0.18,11,harmattan
MOD11A2.A2015329.h18v07.061.2022001095922,2015-11-25,terra,Terra 22:30,1.0,1.0,17.19,15.67,1.52,-2.32,11,harmattan
MYD11A2.A2015337.h18v07.061.2022001181120,2015-12-03,aqua,Aqua 01:30,1.0,0.987,14.07,13.49,0.58,-0.26,12,harmattan
MYD11A2.A2015337.h18v07.061.2022001181120,2015-12-03,aqua,Aqua 13:30,1.0,0.997,28.17,27.93,0.24,-0.36,12,harmattan
MOD11A2.A2015337.h18v07.061.2022001181819,2015-12-03,terra,Terra 10:30,0.997,0.997,24.66,24.67,-0.01,-0.03,12,harmattan
MOD11A2.A2015337.h18v07.061.2022001181819,2015-12-03,terra,Terra 22:30,0.934,0.858,14.83,13.57,1.26,-1.46,12,harmattan
MYD11A2.A2015345.h18v07.061.2022002002423,2015-12-11,aqua,Aqua 01:30,0.951,0.913,12.31,9.84,2.47,-2.0,12,harmattan
MYD11A2.A2015345.h18v07.061.2022002002423,2015-12-11,aqua,Aqua 13:30,1.0,1.0,31.97,32.01,-0.04,0.14,12,harmattan
MOD11A2.A2015345.h18v07.061.2022002002213,2015-12-11,terra,Terra 10:30,1.0,1.0,26.59,26.43,0.16,-0.57,12,harmattan
MOD11A2.A2015345.h18v07.061.2022002002213,2015-12-11,terra,Terra 22:30,0.993,0.914,12.81,10.49,2.32,-2.46,12,harmattan
MYD11A2.A2015353.h18v07.061.2022002055911,2015-12-19,aqua,Aqua 01:30,1.0,0.998,12.8,11.97,0.83,-1.04,12,harmattan
MYD11A2.A2015353.h18v07.061.2022002055911,2015-12-19,aqua,Aqua 13:30,1.0,1.0,28.59,28.63,-0.04,-0.12,12,harmattan
MOD11A2.A2015353.h18v07.061.2022002062245,2015-12-19,terra,Terra 10:30,0.937,0.991,23.47,23.33,0.14,-0.54,12,harmattan
MOD11A2.A2015353.h18v07.061.2022002062245,2015-12-19,terra,Terra 22:30,0.956,0.961,13.89,12.35,1.54,-1.66,12,harmattan
MYD11A2.A2015361.h18v07.061.2022002125829,2015-12-27,aqua,Aqua 01:30,0.92,0.879,12.15,9.67,2.48,-2.24,12,harmattan
MYD11A2.A2015361.h18v07.061.2022002125829,2015-12-27,aqua,Aqua 13:30,1.0,1.0,32.97,33.13,-0.16,0.35,12,harmattan
MOD11A2.A2015361.h18v07.061.2022002133650,2015-12-27,terra,Terra 10:30,1.0,1.0,27.99,27.81,0.18,-0.04,12,harmattan
MOD11A2.A2015361.h18v07.061.2022002133650,2015-12-27,terra,Terra 22:30,0.895,0.823,14.13,12.15,1.98,-1.71,12,harmattan
MYD11A2.A2016001.h18v07.061.2022002162814,2016-01-01,aqua,Aqua 01:30,0.998,0.997,11.79,9.91,1.88,-2.26,1,harmattan
MYD11A2.A2016001.h18v07.061.2022002162814,2016-01-01,aqua,Aqua 13:30,1.0,1.0,35.29,34.67,0.62,0.39,1,harmattan
MOD11A2.A2016001.h18v07.061.2022002171208,2016-01-01,terra,Terra 10:30,1.0,1.0,33.33,32.29,1.04,-0.12,1,harmattan
MOD11A2.A2016001.h18v07.061.2022002171208,2016-01-01,terra,Terra 22:30,0.993,0.998,13.07,10.68,2.39,-2.75,1,harmattan
MYD11A2.A2016009.h18v07.061.2022002230509,2016-01-09,aqua,Aqua 01:30,0.965,0.949,13.45,11.26,2.19,-2.89,1,harmattan
MYD11A2.A2016009.h18v07.061.2022002230509,2016-01-09,aqua,Aqua 13:30,1.0,1.0,38.27,38.67,-0.4,0.64,1,harmattan
MOD11A2.A2016009.h18v07.061.2022002234800,2016-01-09,terra,Terra 10:30,1.0,1.0,31.47,31.39,0.08,-0.02,1,harmattan
MOD11A2.A2016009.h18v07.061.2022002234800,2016-01-09,terra,Terra 22:30,0.988,0.943,15.39,13.39,2.0,-2.35,1,harmattan
MYD11A2.A2016017.h18v07.061.2022003052044,2016-01-17,aqua,Aqua 01:30,0.983,0.995,12.8,10.67,2.13,-2.54,1,harmattan
MYD11A2.A2016017.h18v07.061.2022003052044,2016-01-17,aqua,Aqua 13:30,1.0,1.0,35.71,35.59,0.12,0.19,1,harmattan
MOD11A2.A2016017.h18v07.061.2022003062036,2016-01-17,terra,Terra 10:30,1.0,1.0,30.97,31.19,-0.22,0.02,1,harmattan
MOD11A2.A2016017.h18v07.061.2022003062036,2016-01-17,terra,Terra 22:30,1.0,1.0,13.57,11.67,1.9,-2.02,1,harmattan
MYD11A2.A2016025.h18v07.061.2022003114140,2016-01-25,aqua,Aqua 01:30,0.986,0.898,11.81,10.93,0.88,-1.35,1,harmattan
MYD11A2.A2016025.h18v07.061.2022003114140,2016-01-25,aqua,Aqua 13:30,1.0,1.0,29.54,29.61,-0.07,0.02,1,harmattan
MOD11A2.A2016025.h18v07.061.2022003125926,2016-01-25,terra,Terra 10:30,1.0,1.0,24.83,24.55,0.28,-0.98,1,harmattan
MOD11A2.A2016025.h18v07.061.2022003125926,2016-01-25,terra,Terra 22:30,0.977,0.967,13.49,12.17,1.32,-1.67,1,harmattan
MYD11A2.A2016033.h18v07.061.2022003200819,2016-02-02,aqua,Aqua 01:30,0.528,0.224,,,,,2,harmattan
MYD11A2.A2016033.h18v07.061.2022003200819,2016-02-02,aqua,Aqua 13:30,1.0,1.0,35.49,35.67,-0.18,0.27,2,harmattan
MOD11A2.A2016033.h18v07.061.2022003214247,2016-02-02,terra,Terra 10:30,1.0,1.0,29.37,28.89,0.48,-0.99,2,harmattan
MOD11A2.A2016033.h18v07.061.2022003214247,2016-02-02,terra,Terra 22:30,0.986,0.974,15.95,13.87,2.08,-2.39,2,harmattan
MYD11A2.A2016041.h18v07.061.2022004042219,2016-02-10,aqua,Aqua 01:30,0.934,0.964,12.39,9.87,2.52,-2.77,2,harmattan
MYD11A2.A2016041.h18v07.061.2022004042219,2016-02-10,aqua,Aqua 13:30,1.0,1.0,41.03,41.33,-0.3,0.41,2,harmattan
MOD11A2.A2016041.h18v07.061.2022004051240,2016-02-10,terra,Terra 10:30,1.0,1.0,35.05,34.97,0.08,-0.09,2,harmattan
MOD11A2.A2016041.h18v07.061.2022004051240,2016-02-10,terra,Terra 22:30,1.0,0.996,15.15,13.25,1.9,-2.92,2,harmattan
MYD11A2.A2016049.h18v07.061.2022004121701,2016-02-18,aqua,Aqua 01:30,0.981,0.971,19.49,18.77,0.72,-1.39,2,harmattan
MYD11A2.A2016049.h18v07.061.2022004121701,2016-02-18,aqua,Aqua 13:30,1.0,1.0,41.77,42.35,-0.58,0.44,2,harmattan
MOD11A2.A2016049.h18v07.061.2022012215542,2016-02-18,terra,Terra 10:30,1.0,1.0,43.39,44.09,-0.7,0.62,2,harmattan
MOD11A2.A2016049.h18v07.061.2022012215542,2016-02-18,terra,Terra 22:30,0.0,0.0,,,,,2,harmattan
MYD11A2.A2016057.h18v07.061.2022012220048,2016-02-26,aqua,Aqua 01:30,1.0,1.0,17.14,15.87,1.27,-2.32,2,harmattan
MYD11A2.A2016057.h18v07.061.2022012220048,2016-02-26,aqua,Aqua 13:30,1.0,1.0,46.17,46.67,-0.5,0.39,2,harmattan
MOD11A2.A2016057.h18v07.061.2022013022040,2016-02-26,terra,Terra 10:30,1.0,1.0,39.89,40.39,-0.5,0.3,2,harmattan
MOD11A2.A2016057.h18v07.061.2022013022040,2016-02-26,terra,Terra 22:30,1.0,1.0,22.47,20.99,1.48,-2.07,2,harmattan
MYD11A2.A2016065.h18v07.061.2022013031632,2016-03-05,aqua,Aqua 01:30,1.0,1.0,20.23,19.63,0.6,-1.8,3,hot
MYD11A2.A2016065.h18v07.061.2022013031632,2016-03-05,aqua,Aqua 13:30,1.0,1.0,44.97,44.83,0.14,0.6,3,hot
MOD11A2.A2016065.h18v07.061.2022013075451,2016-03-05,terra,Terra 10:30,1.0,1.0,38.41,38.53,-0.12,0.0,3,hot
MOD11A2.A2016065.h18v07.061.2022013075451,2016-03-05,terra,Terra 22:30,0.949,0.963,21.51,20.03,1.48,-3.11,3,hot
MYD11A2.A2016073.h18v07.061.2022013090350,2016-03-13,aqua,Aqua 01:30,1.0,0.92,18.0,18.01,-0.01,-1.57,3,hot
MYD11A2.A2016073.h18v07.061.2022013090350,2016-03-13,aqua,Aqua 13:30,1.0,0.998,42.89,44.23,-1.34,2.19,3,hot
MOD11A2.A2016073.h18v07.061.2022013132101,2016-03-13,terra,Terra 10:30,1.0,1.0,32.47,34.63,-2.16,2.89,3,hot
MOD11A2.A2016073.h18v07.061.2022013132101,2016-03-13,terra,Terra 22:30,0.988,0.902,25.41,25.05,0.36,-0.44,3,hot
MYD11A2.A2016081.h18v07.061.2022013142801,2016-03-21,aqua,Aqua 01:30,1.0,1.0,23.01,20.49,2.52,-2.07,3,hot
MYD11A2.A2016081.h18v07.061.2022013142801,2016-03-21,aqua,Aqua 13:30,1.0,1.0,42.03,41.75,0.28,-0.75,3,hot
MOD11A2.A2016081.h18v07.061.2022013191514,2016-03-21,terra,Terra 10:30,1.0,1.0,38.33,37.11,1.22,-0.46,3,hot
MOD11A2.A2016081.h18v07.061.2022013191514,2016-03-21,terra,Terra 22:30,1.0,1.0,22.56,21.17,1.39,-1.63,3,hot
MYD11A2.A2016089.h18v07.061.2022013195524,2016-03-29,aqua,Aqua 01:30,1.0,1.0,20.8,19.73,1.07,-1.52,3,hot
MYD11A2.A2016089.h18v07.061.2022013195524,2016-03-29,aqua,Aqua 13:30,1.0,1.0,44.78,44.65,0.13,0.69,3,hot
MOD11A2.A2016089.h18v07.061.2022014004822,2016-03-29,terra,Terra 10:30,1.0,1.0,38.21,37.89,0.32,-0.28,3,hot
MOD11A2.A2016089.h18v07.061.2022014004822,2016-03-29,terra,Terra 22:30,1.0,1.0,23.7,22.61,1.09,-1.98,3,hot
MYD11A2.A2016097.h18v07.061.2022014012754,2016-04-06,aqua,Aqua 01:30,1.0,1.0,24.87,25.31,-0.44,0.86,4,hot
MYD11A2.A2016097.h18v07.061.2022014012754,2016-04-06,aqua,Aqua 13:30,1.0,1.0,43.21,43.15,0.06,0.13,4,hot
MOD11A2.A2016097.h18v07.061.2022014063855,2016-04-06,terra,Terra 10:30,1.0,0.997,40.53,40.51,0.02,0.5,4,hot
MOD11A2.A2016097.h18v07.061.2022014063855,2016-04-06,terra,Terra 22:30,1.0,1.0,24.31,24.35,-0.04,-0.8,4,hot
MYD11A2.A2016105.h18v07.061.2022014192759,2016-04-14,aqua,Aqua 01:30,1.0,1.0,23.19,22.99,0.2,-1.62,4,hot
MYD11A2.A2016105.h18v07.061.2022014192759,2016-04-14,aqua,Aqua 13:30,1.0,1.0,44.47,45.59,-1.12,0.71,4,hot
MOD11A2.A2016105.h18v07.061.2022014192316,2016-04-14,terra,Terra 10:30,1.0,1.0,42.51,43.69,-1.18,0.9,4,hot
MOD11A2.A2016105.h18v07.061.2022014192316,2016-04-14,terra,Terra 22:30,1.0,1.0,21.75,20.67,1.08,-2.24,4,hot
MYD11A2.A2016113.h18v07.061.2022015014411,2016-04-22,aqua,Aqua 01:30,1.0,1.0,20.84,19.25,1.59,-2.58,4,hot
MYD11A2.A2016113.h18v07.061.2022015014411,2016-04-22,aqua,Aqua 13:30,1.0,1.0,48.95,48.97,-0.02,0.21,4,hot
MOD11A2.A2016113.h18v07.061.2022015015316,2016-04-22,terra,Terra 10:30,1.0,1.0,45.11,45.41,-0.3,1.04,4,hot
MOD11A2.A2016113.h18v07.061.2022015015316,2016-04-22,terra,Terra 22:30,1.0,1.0,23.59,21.81,1.78,-1.89,4,hot
MYD11A2.A2016121.h18v07.061.2022015071512,2016-04-30,aqua,Aqua 01:30,1.0,1.0,23.42,22.65,0.77,-1.56,4,hot
MYD11A2.A2016121.h18v07.061.2022015071512,2016-04-30,aqua,Aqua 13:30,1.0,1.0,44.51,44.87,-0.36,0.79,4,hot
MOD11A2.A2016121.h18v07.061.2022015072653,2016-04-30,terra,Terra 10:30,1.0,1.0,41.85,42.51,-0.66,1.68,4,hot
MOD11A2.A2016121.h18v07.061.2022015072653,2016-04-30,terra,Terra 22:30,1.0,1.0,23.73,22.75,0.98,-2.16,4,hot
MYD11A2.A2016129.h18v07.061.2022015124048,2016-05-08,aqua,Aqua 01:30,1.0,0.99,22.75,22.25,0.5,-0.3,5,hot
MYD11A2.A2016129.h18v07.061.2022015124048,2016-05-08,aqua,Aqua 13:30,0.983,0.965,39.83,40.61,-0.78,1.1,5,hot
MOD11A2.A2016129.h18v07.061.2022015131138,2016-05-08,terra,Terra 10:30,1.0,0.999,37.88,37.94,-0.06,0.84,5,hot
MOD11A2.A2016129.h18v07.061.2022015131138,2016-05-08,terra,Terra 22:30,0.775,0.778,,,,,5,hot
MYD11A2.A2016137.h18v07.061.2022015181445,2016-05-16,aqua,Aqua 01:30,0.836,0.717,,,,,5,hot
MYD11A2.A2016137.h18v07.061.2022015181445,2016-05-16,aqua,Aqua 13:30,1.0,1.0,43.05,43.51,-0.46,1.78,5,hot
MOD11A2.A2016137.h18v07.061.2022015184308,2016-05-16,terra,Terra 10:30,1.0,0.999,37.03,37.93,-0.9,0.73,5,hot
MOD11A2.A2016137.h18v07.061.2022015184308,2016-05-16,terra,Terra 22:30,1.0,1.0,22.65,22.35,0.3,-0.46,5,hot
MYD11A2.A2016145.h18v07.061.2022015234140,2016-05-24,aqua,Aqua 01:30,1.0,1.0,18.52,18.67,-0.15,-1.24,5,hot
MYD11A2.A2016145.h18v07.061.2022015234140,2016-05-24,aqua,Aqua 13:30,1.0,1.0,40.63,40.27,0.36,-1.03,5,hot
MOD11A2.A2016145.h18v07.061.2022016002546,2016-05-24,terra,Terra 10:30,1.0,1.0,35.92,34.85,1.07,-0.0,5,hot
MOD11A2.A2016145.h18v07.061.2022016002546,2016-05-24,terra,Terra 22:30,1.0,1.0,23.09,23.81,-0.72,-0.1,5,hot
MYD11A2.A2016153.h18v07.061.2022016051811,2016-06-01,aqua,Aqua 01:30,0.93,0.801,9.11,14.92,-5.81,3.02,6,wet
MYD11A2.A2016153.h18v07.061.2022016051811,2016-06-01,aqua,Aqua 13:30,1.0,1.0,44.27,42.97,1.3,-0.85,6,wet
MOD11A2.A2016153.h18v07.061.2022016055638,2016-06-01,terra,Terra 10:30,1.0,0.999,38.99,38.57,0.42,-0.7,6,wet
MOD11A2.A2016153.h18v07.061.2022016055638,2016-06-01,terra,Terra 22:30,1.0,1.0,24.79,24.71,0.08,-0.31,6,wet
MYD11A2.A2016161.h18v07.061.2022016105540,2016-06-09,aqua,Aqua 01:30,0.016,0.13,,,,,6,wet
MYD11A2.A2016161.h18v07.061.2022016105540,2016-06-09,aqua,Aqua 13:30,0.803,0.751,,,,,6,wet
MOD11A2.A2016161.h18v07.061.2022016115703,2016-06-09,terra,Terra 10:30,0.889,0.801,28.25,27.13,1.12,-1.52,6,wet
MOD11A2.A2016161.h18v07.061.2022016115703,2016-06-09,terra,Terra 22:30,0.941,0.991,19.97,19.37,0.6,-0.05,6,wet
MYD11A2.A2016169.h18v07.061.2022016162700,2016-06-17,aqua,Aqua 01:30,1.0,1.0,21.53,21.43,0.1,-0.6,6,wet
MYD11A2.A2016169.h18v07.061.2022016162700,2016-06-17,aqua,Aqua 13:30,1.0,0.98,32.82,31.95,0.87,-1.93,6,wet
MOD11A2.A2016169.h18v07.061.2022016173952,2016-06-17,terra,Terra 10:30,0.998,0.972,31.79,29.47,2.32,-2.65,6,wet
MOD11A2.A2016169.h18v07.061.2022016173952,2016-06-17,terra,Terra 22:30,1.0,1.0,21.99,22.21,-0.22,-0.04,6,wet
MYD11A2.A2016177.h18v07.061.2022016220558,2016-06-25,aqua,Aqua 01:30,1.0,1.0,21.35,21.37,-0.02,0.01,6,wet
MYD11A2.A2016177.h18v07.061.2022016220558,2016-06-25,aqua,Aqua 13:30,0.667,0.727,,,,,6,wet
MOD11A2.A2016177.h18v07.061.2022016233331,2016-06-25,terra,Terra 10:30,0.967,0.993,28.19,26.91,1.28,-1.6,6,wet
MOD11A2.A2016177.h18v07.061.2022016233331,2016-06-25,terra,Terra 22:30,1.0,1.0,20.53,20.75,-0.22,-0.01,6,wet
MYD11A2.A2016185.h18v07.061.2022017035007,2016-07-03,aqua,Aqua 01:30,0.526,0.429,,,,,7,wet
MYD11A2.A2016185.h18v07.061.2022017035007,2016-07-03,aqua,Aqua 13:30,1.0,0.995,35.53,33.77,1.76,-2.69,7,wet
MOD11A2.A2016185.h18v07.061.2022017051335,2016-07-03,terra,Terra 10:30,1.0,1.0,32.0,30.29,1.71,-1.46,7,wet
MOD11A2.A2016185.h18v07.061.2022017051335,2016-07-03,terra,Terra 22:30,0.882,0.761,,,,,7,wet
MYD11A2.A2016193.h18v07.061.2022017092817,2016-07-11,aqua,Aqua 01:30,0.838,0.988,20.51,20.47,0.04,-0.26,7,wet
MYD11A2.A2016193.h18v07.061.2022017092817,2016-07-11,aqua,Aqua 13:30,0.021,0.273,,,,,7,wet
MOD11A2.A2016193.h18v07.061.2022017111753,2016-07-11,terra,Terra 10:30,0.455,0.36,,,,,7,wet
MOD11A2.A2016193.h18v07.061.2022017111753,2016-07-11,terra,Terra 22:30,0.596,0.411,,,,,7,wet
MYD11A2.A2016201.h18v07.061.2022018012115,2016-07-19,aqua,Aqua 01:30,0.0,0.0,,,,,7,wet
MYD11A2.A2016201.h18v07.061.2022018012115,2016-07-19,aqua,Aqua 13:30,0.007,0.116,,,,,7,wet
MOD11A2.A2016201.h18v07.061.2022018024514,2016-07-19,terra,Terra 10:30,0.0,0.073,,,,,7,wet
MOD11A2.A2016201.h18v07.061.2022018024514,2016-07-19,terra,Terra 22:30,1.0,0.993,21.17,21.17,0.0,-0.28,7,wet
MYD11A2.A2016209.h18v07.061.2022018070312,2016-07-27,aqua,Aqua 01:30,0.28,0.349,,,,,7,wet
MYD11A2.A2016209.h18v07.061.2022018070312,2016-07-27,aqua,Aqua 13:30,0.692,0.649,,,,,7,wet
MOD11A2.A2016209.h18v07.061.2022018085638,2016-07-27,terra,Terra 10:30,1.0,1.0,31.51,30.03,1.48,-3.78,7,wet
MOD11A2.A2016209.h18v07.061.2022018085638,2016-07-27,terra,Terra 22:30,0.922,0.917,21.65,21.71,-0.06,-0.02,7,wet
MYD11A2.A2016217.h18v07.061.2022018123937,2016-08-04,aqua,Aqua 01:30,0.0,0.0,,,,,8,wet
MYD11A2.A2016217.h18v07.061.2022018123937,2016-08-04,aqua,Aqua 13:30,0.226,0.683,,,,,8,wet
MOD11A2.A2016217.h18v07.061.2022018143348,2016-08-04,terra,Terra 10:30,0.592,0.603,,,,,8,wet
MOD11A2.A2016217.h18v07.061.2022018143348,2016-08-04,terra,Terra 22:30,0.317,0.293,,,,,8,wet
MYD11A2.A2016225.h18v07.061.2022018200930,2016-08-12,aqua,Aqua 01:30,0.355,0.405,,,,,8,wet
MYD11A2.A2016225.h18v07.061.2022018200930,2016-08-12,aqua,Aqua 13:30,0.895,0.978,30.97,30.33,0.64,-4.94,8,wet
MOD11A2.A2016225.h18v07.061.2022018203515,2016-08-12,terra,Terra 10:30,0.949,1.0,29.77,29.45,0.32,-3.13,8,wet
MOD11A2.A2016225.h18v07.061.2022018203515,2016-08-12,terra,Terra 22:30,0.0,0.0,,,,,8,wet
MYD11A2.A2016233.h18v07.061.2022019014704,2016-08-20,aqua,Aqua 01:30,0.319,0.132,,,,,8,wet
MYD11A2.A2016233.h18v07.061.2022019014704,2016-08-20,aqua,Aqua 13:30,0.909,0.989,35.73,33.34,2.39,-4.46,8,wet
MOD11A2.A2016233.h18v07.061.2022019021428,2016-08-20,terra,Terra 10:30,0.997,1.0,32.19,29.63,2.56,-3.71,8,wet
MOD11A2.A2016233.h18v07.061.2022019021428,2016-08-20,terra,Terra 22:30,0.711,0.5,,,,,8,wet
MYD11A2.A2016241.h18v07.061.2022019072827,2016-08-28,aqua,Aqua 01:30,1.0,1.0,21.11,21.11,0.0,-0.15,8,wet
MYD11A2.A2016241.h18v07.061.2022019072827,2016-08-28,aqua,Aqua 13:30,0.732,0.903,,,,,8,wet
MOD11A2.A2016241.h18v07.061.2022019081332,2016-08-28,terra,Terra 10:30,0.918,0.835,30.89,29.77,1.12,-3.29,8,wet
MOD11A2.A2016241.h18v07.061.2022019081332,2016-08-28,terra,Terra 22:30,1.0,0.989,22.91,22.87,0.04,-0.39,8,wet
MYD11A2.A2016249.h18v07.061.2022019130801,2016-09-05,aqua,Aqua 01:30,0.284,0.35,,,,,9,wet
MYD11A2.A2016249.h18v07.061.2022019130801,2016-09-05,aqua,Aqua 13:30,0.878,0.995,31.83,30.85,0.98,-2.89,9,wet
MOD11A2.A2016249.h18v07.061.2022019134610,2016-09-05,terra,Terra 10:30,0.878,0.976,32.1,30.92,1.18,-4.32,9,wet
MOD11A2.A2016249.h18v07.061.2022019134610,2016-09-05,terra,Terra 22:30,1.0,1.0,22.75,22.91,-0.16,0.03,9,wet
MYD11A2.A2016257.h18v07.061.2022019183427,2016-09-13,aqua,Aqua 01:30,0.319,0.283,,,,,9,wet
MYD11A2.A2016257.h18v07.061.2022019183427,2016-09-13,aqua,Aqua 13:30,0.972,0.997,33.02,31.71,1.31,-4.21,9,wet
MOD11A2.A2016257.h18v07.061.2022019193221,2016-09-13,terra,Terra 10:30,0.768,0.86,,,,,9,wet
MOD11A2.A2016257.h18v07.061.2022019193221,2016-09-13,terra,Terra 22:30,1.0,1.0,22.09,22.55,-0.46,0.35,9,wet
MYD11A2.A2016265.h18v07.061.2022019235934,2016-09-21,aqua,Aqua 01:30,0.197,0.615,,,,,9,wet
MYD11A2.A2016265.h18v07.061.2022019235934,2016-09-21,aqua,Aqua 13:30,0.979,1.0,35.91,34.33,1.58,-3.83,9,wet
MOD11A2.A2016265.h18v07.061.2022020010125,2016-09-21,terra,Terra 10:30,0.963,0.956,32.01,30.77,1.24,-4.32,9,wet
MOD11A2.A2016265.h18v07.061.2022020010125,2016-09-21,terra,Terra 22:30,1.0,1.0,22.11,22.11,0.0,-0.79,9,wet
MYD11A2.A2016273.h18v07.061.2022020052133,2016-09-29,aqua,Aqua 01:30,1.0,1.0,21.33,21.11,0.22,-1.29,9,wet
MYD11A2.A2016273.h18v07.061.2022020052133,2016-09-29,aqua,Aqua 13:30,1.0,1.0,37.88,36.73,1.15,-4.04,9,wet
MOD11A2.A2016273.h18v07.061.2022020064339,2016-09-29,terra,Terra 10:30,1.0,1.0,35.29,33.51,1.78,-3.75,9,wet
MOD11A2.A2016273.h18v07.061.2022020064339,2016-09-29,terra,Terra 22:30,1.0,1.0,23.15,22.55,0.6,-1.51,9,wet
MYD11A2.A2016281.h18v07.061.2022020110220,2016-10-07,aqua,Aqua 01:30,0.622,0.487,,,,,10,transition
MYD11A2.A2016281.h18v07.061.2022020110220,2016-10-07,aqua,Aqua 13:30,1.0,1.0,39.51,38.21,1.3,-2.62,10,transition
MOD11A2.A2016281.h18v07.061.2022020122811,2016-10-07,terra,Terra 10:30,0.997,1.0,35.67,33.81,1.86,-2.81,10,transition
MOD11A2.A2016281.h18v07.061.2022020122811,2016-10-07,terra,Terra 22:30,1.0,0.953,21.35,20.93,0.42,-2.01,10,transition
MYD11A2.A2016289.h18v07.061.2022020163722,2016-10-15,aqua,Aqua 01:30,1.0,1.0,20.39,19.61,0.78,-2.1,10,transition
MYD11A2.A2016289.h18v07.061.2022020163722,2016-10-15,aqua,Aqua 13:30,1.0,1.0,39.15,36.95,2.2,-3.04,10,transition
MOD11A2.A2016289.h18v07.061.2022020181638,2016-10-15,terra,Terra 10:30,1.0,1.0,37.23,36.33,0.9,-2.05,10,transition
MOD11A2.A2016289.h18v07.061.2022020181638,2016-10-15,terra,Terra 22:30,1.0,1.0,21.69,20.41,1.28,-1.99,10,transition
MYD11A2.A2016297.h18v07.061.2022020215636,2016-10-23,aqua,Aqua 01:30,1.0,1.0,17.66,16.37,1.29,-2.4,10,transition
MYD11A2.A2016297.h18v07.061.2022020215636,2016-10-23,aqua,Aqua 13:30,1.0,1.0,39.31,38.47,0.84,-1.2,10,transition
MOD11A2.A2016297.h18v07.061.2022020233832,2016-10-23,terra,Terra 10:30,1.0,1.0,34.58,34.07,0.51,-1.04,10,transition
MOD11A2.A2016297.h18v07.061.2022020233832,2016-10-23,terra,Terra 22:30,1.0,1.0,19.89,18.67,1.22,-1.9,10,transition
MYD11A2.A2016305.h18v07.061.2022021030917,2016-10-31,aqua,Aqua 01:30,1.0,1.0,17.8,15.97,1.83,-2.44,10,transition
MYD11A2.A2016305.h18v07.061.2022021030917,2016-10-31,aqua,Aqua 13:30,1.0,0.998,35.67,35.35,0.32,-1.08,10,transition
MOD11A2.A2016305.h18v07.061.2022021050807,2016-10-31,terra,Terra 10:30,1.0,1.0,32.23,32.53,-0.3,-0.19,10,transition
MOD11A2.A2016305.h18v07.061.2022021050807,2016-10-31,terra,Terra 22:30,1.0,1.0,18.47,16.81,1.66,-2.19,10,transition
MYD11A2.A2016313.h18v07.061.2022021081956,2016-11-08,aqua,Aqua 01:30,1.0,1.0,17.01,15.15,1.86,-2.43,11,harmattan
MYD11A2.A2016313.h18v07.061.2022021081956,2016-11-08,aqua,Aqua 13:30,1.0,1.0,41.04,40.83,0.21,-0.74,11,harmattan
MOD11A2.A2016313.h18v07.061.2022021102309,2016-11-08,terra,Terra 10:30,1.0,1.0,38.16,37.93,0.23,-0.01,11,harmattan
MOD11A2.A2016313.h18v07.061.2022021102309,2016-11-08,terra,Terra 22:30,1.0,1.0,18.37,16.83,1.54,-1.99,11,harmattan
MYD11A2.A2016321.h18v07.061.2022021131616,2016-11-16,aqua,Aqua 01:30,1.0,1.0,18.03,16.67,1.36,-2.44,11,harmattan
MYD11A2.A2016321.h18v07.061.2022021131616,2016-11-16,aqua,Aqua 13:30,1.0,1.0,40.61,40.69,-0.08,0.15,11,harmattan
MOD11A2.A2016321.h18v07.061.2022021153707,2016-11-16,terra,Terra 10:30,1.0,1.0,36.44,36.69,-0.25,0.17,11,harmattan
MOD11A2.A2016321.h18v07.061.2022021153707,2016-11-16,terra,Terra 22:30,1.0,1.0,20.53,19.15,1.38,-1.99,11,harmattan
MYD11A2.A2016329.h18v07.061.2022021181227,2016-11-24,aqua,Aqua 01:30,1.0,1.0,16.93,15.37,1.56,-2.45,11,harmattan
MYD11A2.A2016329.h18v07.061.2022021181227,2016-11-24,aqua,Aqua 13:30,1.0,1.0,42.55,42.85,-0.3,0.26,11,harmattan
MOD11A2.A2016329.h18v07.061.2022021204611,2016-11-24,terra,Terra 10:30,1.0,1.0,38.79,38.77,0.02,-0.07,11,harmattan
MOD11A2.A2016329.h18v07.061.2022021204611,2016-11-24,terra,Terra 22:30,1.0,1.0,19.53,17.97,1.56,-2.22,11,harmattan
MYD11A2.A2016337.h18v07.061.2022021230559,2016-12-02,aqua,Aqua 01:30,1.0,1.0,17.21,15.67,1.54,-2.0,12,harmattan
MYD11A2.A2016337.h18v07.061.2022021230559,2016-12-02,aqua,Aqua 13:30,1.0,1.0,40.67,41.07,-0.4,0.45,12,harmattan
MOD11A2.A2016337.h18v07.061.2022022015521,2016-12-02,terra,Terra 10:30,1.0,1.0,35.51,35.33,0.18,0.13,12,harmattan
MOD11A2.A2016337.h18v07.061.2022022015521,2016-12-02,terra,Terra 22:30,1.0,1.0,19.2,17.77,1.43,-1.95,12,harmattan
MYD11A2.A2016345.h18v07.061.2022022035513,2016-12-10,aqua,Aqua 01:30,0.977,0.999,14.29,12.77,1.52,-2.53,12,harmattan
MYD11A2.A2016345.h18v07.061.2022022035513,2016-12-10,aqua,Aqua 13:30,1.0,1.0,37.27,37.25,0.02,0.61,12,harmattan
MOD11A2.A2016345.h18v07.061.2022022070050,2016-12-10,terra,Terra 10:30,1.0,1.0,32.87,32.75,0.12,-0.19,12,harmattan
MOD11A2.A2016345.h18v07.061.2022022070050,2016-12-10,terra,Terra 22:30,1.0,1.0,16.29,14.53,1.76,-2.2,12,harmattan
MYD11A2.A2016353.h18v07.061.2022022084327,2016-12-18,aqua,Aqua 01:30,0.934,0.996,14.55,12.65,1.9,-2.71,12,harmattan
MYD11A2.A2016353.h18v07.061.2022022084327,2016-12-18,aqua,Aqua 13:30,1.0,1.0,36.26,36.35,-0.09,0.16,12,harmattan
MOD11A2.A2016353.h18v07.061.2022022115958,2016-12-18,terra,Terra 10:30,1.0,1.0,31.53,30.71,0.82,-0.45,12,harmattan
MOD11A2.A2016353.h18v07.061.2022022115958,2016-12-18,terra,Terra 22:30,0.998,1.0,15.99,13.95,2.04,-2.09,12,harmattan
MYD11A2.A2016361.h18v07.061.2022022133703,2016-12-26,aqua,Aqua 01:30,0.944,0.924,12.94,11.87,1.07,-1.35,12,harmattan
MYD11A2.A2016361.h18v07.061.2022022133703,2016-12-26,aqua,Aqua 13:30,1.0,1.0,35.41,35.39,0.02,0.3,12,harmattan
MOD11A2.A2016361.h18v07.061.2022022170422,2016-12-26,terra,Terra 10:30,1.0,1.0,27.81,27.69,0.12,-0.74,12,harmattan
MOD11A2.A2016361.h18v07.061.2022022170422,2016-12-26,terra,Terra 22:30,1.0,0.999,14.12,12.55,1.57,-1.91,12,harmattan
MYD11A2.A2017001.h18v07.061.2022024150440,2017-01-01,aqua,Aqua 01:30,0.997,0.978,13.28,11.47,1.81,-1.87,1,harmattan
MYD11A2.A2017001.h18v07.061.2021305200516,2017-01-01,aqua,Aqua 01:30,0.997,0.978,13.28,11.47,1.81,-1.87,1,harmattan
MYD11A2.A2017001.h18v07.061.2022024150440,2017-01-01,aqua,Aqua 13:30,1.0,1.0,32.14,32.19,-0.05,0.36,1,harmattan
MYD11A2.A2017001.h18v07.061.2021305200516,2017-01-01,aqua,Aqua 13:30,1.0,1.0,32.14,32.19,-0.05,0.36,1,harmattan
MOD11A2.A2017001.h18v07.061.2022024150444,2017-01-01,terra,Terra 10:30,1.0,1.0,27.11,27.03,0.08,0.02,1,harmattan
MOD11A2.A2017001.h18v07.061.2021305200608,2017-01-01,terra,Terra 10:30,1.0,1.0,27.11,27.03,0.08,0.02,1,harmattan
MOD11A2.A2017001.h18v07.061.2022024150444,2017-01-01,terra,Terra 22:30,1.0,0.998,13.83,12.17,1.66,-2.03,1,harmattan
MOD11A2.A2017001.h18v07.061.2021305200608,2017-01-01,terra,Terra 22:30,1.0,0.998,13.83,12.17,1.66,-2.03,1,harmattan
MYD11A2.A2017009.h18v07.061.2022024150610,2017-01-09,aqua,Aqua 01:30,0.805,0.838,14.09,11.03,3.06,-2.71,1,harmattan
MYD11A2.A2017009.h18v07.061.2021305200858,2017-01-09,aqua,Aqua 01:30,0.805,0.838,14.09,11.03,3.06,-2.71,1,harmattan
MYD11A2.A2017009.h18v07.061.2022024150610,2017-01-09,aqua,Aqua 13:30,1.0,1.0,36.65,37.51,-0.86,0.37,1,harmattan
MYD11A2.A2017009.h18v07.061.2021305200858,2017-01-09,aqua,Aqua 13:30,1.0,1.0,36.65,37.51,-0.86,0.37,1,harmattan
MOD11A2.A2017009.h18v07.061.2022024150612,2017-01-09,terra,Terra 10:30,1.0,1.0,31.73,31.55,0.18,-0.04,1,harmattan
MOD11A2.A2017009.h18v07.061.2021305200939,2017-01-09,terra,Terra 10:30,1.0,1.0,31.73,31.55,0.18,-0.04,1,harmattan
MOD11A2.A2017009.h18v07.061.2022024150612,2017-01-09,terra,Terra 22:30,0.918,0.843,16.55,13.77,2.78,-1.98,1,harmattan
MOD11A2.A2017009.h18v07.061.2021305200939,2017-01-09,terra,Terra 22:30,0.918,0.843,16.55,13.77,2.78,-1.98,1,harmattan
MYD11A2.A2017017.h18v07.061.2022024150833,2017-01-17,aqua,Aqua 01:30,0.836,0.67,,,,,1,harmattan
MYD11A2.A2017017.h18v07.061.2021305201219,2017-01-17,aqua,Aqua 01:30,0.836,0.67,,,,,1,harmattan
MYD11A2.A2017017.h18v07.061.2022024150833,2017-01-17,aqua,Aqua 13:30,1.0,1.0,38.65,39.39,-0.74,0.99,1,harmattan
MYD11A2.A2017017.h18v07.061.2021305201219,2017-01-17,aqua,Aqua 13:30,1.0,1.0,38.65,39.39,-0.74,0.99,1,harmattan
MOD11A2.A2017017.h18v07.061.2022024150819,2017-01-17,terra,Terra 10:30,1.0,1.0,33.74,33.73,0.01,0.3,1,harmattan
MOD11A2.A2017017.h18v07.061.2021305201305,2017-01-17,terra,Terra 10:30,1.0,1.0,33.74,33.73,0.01,0.3,1,harmattan
MOD11A2.A2017017.h18v07.061.2022024150819,2017-01-17,terra,Terra 22:30,0.967,0.959,17.69,15.39,2.3,-2.89,1,harmattan
MOD11A2.A2017017.h18v07.061.2021305201305,2017-01-17,terra,Terra 22:30,0.967,0.959,17.69,15.39,2.3,-2.89,1,harmattan
MYD11A2.A2017025.h18v07.061.2022024151252,2017-01-25,aqua,Aqua 01:30,0.753,0.594,,,,,1,harmattan
MYD11A2.A2017025.h18v07.061.2021305201424,2017-01-25,aqua,Aqua 01:30,0.753,0.594,,,,,1,harmattan
MYD11A2.A2017025.h18v07.061.2022024151252,2017-01-25,aqua,Aqua 13:30,1.0,1.0,38.69,39.73,-1.04,0.58,1,harmattan
MYD11A2.A2017025.h18v07.061.2021305201424,2017-01-25,aqua,Aqua 13:30,1.0,1.0,38.69,39.73,-1.04,0.58,1,harmattan
MOD11A2.A2017025.h18v07.061.2022024151232,2017-01-25,terra,Terra 10:30,1.0,1.0,34.19,33.35,0.84,-0.15,1,harmattan
MOD11A2.A2017025.h18v07.061.2021305201658,2017-01-25,terra,Terra 10:30,1.0,1.0,34.19,33.35,0.84,-0.15,1,harmattan
MOD11A2.A2017025.h18v07.061.2022024151232,2017-01-25,terra,Terra 22:30,0.983,0.985,17.71,14.33,3.38,-2.56,1,harmattan
MOD11A2.A2017025.h18v07.061.2021305201658,2017-01-25,terra,Terra 22:30,0.983,0.985,17.71,14.33,3.38,-2.56,1,harmattan
MYD11A2.A2017033.h18v07.061.2021305201812,2017-02-02,aqua,Aqua 01:30,0.427,0.28,,,,,2,harmattan
MYD11A2.A2017033.h18v07.061.2021305201812,2017-02-02,aqua,Aqua 13:30,1.0,1.0,36.89,37.35,-0.46,0.08,2,harmattan
MOD11A2.A2017033.h18v07.061.2021305202039,2017-02-02,terra,Terra 10:30,1.0,1.0,32.13,32.21,-0.08,-0.31,2,harmattan
MOD11A2.A2017033.h18v07.061.2021305202039,2017-02-02,terra,Terra 22:30,0.828,0.326,,,,,2,harmattan
MYD11A2.A2017041.h18v07.061.2021305202152,2017-02-10,aqua,Aqua 01:30,0.138,0.215,,,,,2,harmattan
MYD11A2.A2017041.h18v07.061.2021305202152,2017-02-10,aqua,Aqua 13:30,1.0,1.0,36.51,36.75,-0.24,0.29,2,harmattan
MOD11A2.A2017041.h18v07.061.2021305202426,2017-02-10,terra,Terra 10:30,1.0,1.0,31.51,31.55,-0.04,-0.12,2,harmattan
MOD11A2.A2017041.h18v07.061.2021305202426,2017-02-10,terra,Terra 22:30,0.838,0.777,,,,,2,harmattan
MYD11A2.A2017049.h18v07.061.2021305202357,2017-02-18,aqua,Aqua 01:30,0.834,0.603,,,,,2,harmattan
MYD11A2.A2017049.h18v07.061.2021305202357,2017-02-18,aqua,Aqua 13:30,1.0,0.999,35.72,36.03,-0.31,0.04,2,harmattan
MOD11A2.A2017049.h18v07.061.2021305202814,2017-02-18,terra,Terra 10:30,1.0,1.0,29.89,29.99,-0.1,-0.0,2,harmattan
MOD11A2.A2017049.h18v07.061.2021305202814,2017-02-18,terra,Terra 22:30,0.993,0.897,17.73,15.53,2.2,-1.66,2,harmattan
MYD11A2.A2017057.h18v07.061.2021305202756,2017-02-26,aqua,Aqua 01:30,1.0,0.999,16.39,12.77,3.62,-4.18,2,harmattan
MYD11A2.A2017057.h18v07.061.2021305202756,2017-02-26,aqua,Aqua 13:30,1.0,1.0,48.81,48.97,-0.16,0.25,2,harmattan
MOD11A2.A2017057.h18v07.061.2021305203207,2017-02-26,terra,Terra 10:30,1.0,1.0,41.25,41.55,-0.3,-0.04,2,harmattan
MOD11A2.A2017057.h18v07.061.2021305203207,2017-02-26,terra,Terra 22:30,1.0,1.0,18.37,16.53,1.84,-2.09,2,harmattan
MYD11A2.A2017065.h18v07.061.2021305203152,2017-03-06,aqua,Aqua 01:30,0.997,0.993,17.25,15.12,2.13,-2.84,3,hot
MYD11A2.A2017065.h18v07.061.2021305203152,2017-03-06,aqua,Aqua 13:30,1.0,1.0,42.43,42.73,-0.3,0.67,3,hot
MOD11A2.A2017065.h18v07.061.2021305203546,2017-03-06,terra,Terra 10:30,1.0,1.0,35.77,35.89,-0.12,0.12,3,hot
MOD11A2.A2017065.h18v07.061.2021305203546,2017-03-06,terra,Terra 22:30,0.998,1.0,19.27,17.81,1.46,-1.86,3,hot
MYD11A2.A2017073.h18v07.061.2021305203520,2017-03-14,aqua,Aqua 01:30,1.0,0.998,18.83,17.09,1.74,-2.07,3,hot
MYD11A2.A2017073.h18v07.061.2021305203520,2017-03-14,aqua,Aqua 13:30,1.0,1.0,45.93,46.25,-0.32,0.11,3,hot
MOD11A2.A2017073.h18v07.061.2021305203937,2017-03-14,terra,Terra 10:30,1.0,1.0,40.15,40.31,-0.16,-0.01,3,hot
MOD11A2.A2017073.h18v07.061.2021305203937,2017-03-14,terra,Terra 22:30,1.0,1.0,19.77,18.27,1.5,-1.84,3,hot
MYD11A2.A2017081.h18v07.061.2021305203744,2017-03-22,aqua,Aqua 01:30,1.0,1.0,19.88,18.63,1.25,-2.25,3,hot
MYD11A2.A2017081.h18v07.061.2021305203744,2017-03-22,aqua,Aqua 13:30,1.0,1.0,44.59,44.79,-0.2,0.16,3,hot
MOD11A2.A2017081.h18v07.061.2021305204343,2017-03-22,terra,Terra 10:30,1.0,1.0,40.1,41.11,-1.01,0.59,3,hot
MOD11A2.A2017081.h18v07.061.2021305204343,2017-03-22,terra,Terra 22:30,1.0,1.0,21.37,19.95,1.42,-2.35,3,hot
MYD11A2.A2017089.h18v07.061.2021305204202,2017-03-30,aqua,Aqua 01:30,1.0,1.0,20.45,18.73,1.72,-2.18,3,hot
MYD11A2.A2017089.h18v07.061.2021305204202,2017-03-30,aqua,Aqua 13:30,1.0,1.0,48.2,49.05,-0.85,-0.59,3,hot
MOD11A2.A2017089.h18v07.061.2021305204717,2017-03-30,terra,Terra 10:30,1.0,1.0,42.41,41.73,0.68,-0.01,3,hot
MOD11A2.A2017089.h18v07.061.2021305204717,2017-03-30,terra,Terra 22:30,1.0,1.0,22.32,20.67,1.65,-2.11,3,hot
MYD11A2.A2017097.h18v07.061.2021305204520,2017-04-07,aqua,Aqua 01:30,1.0,1.0,20.27,19.21,1.06,-1.38,4,hot
MYD11A2.A2017097.h18v07.061.2021305204520,2017-04-07,aqua,Aqua 13:30,1.0,1.0,41.96,41.97,-0.01,0.45,4,hot
MOD11A2.A2017097.h18v07.061.2021305205249,2017-04-07,terra,Terra 10:30,1.0,1.0,35.6,35.33,0.27,-0.47,4,hot
MOD11A2.A2017097.h18v07.061.2021305205249,2017-04-07,terra,Terra 22:30,1.0,1.0,23.59,22.61,0.98,-1.64,4,hot
MYD11A2.A2017105.h18v07.061.2021305204916,2017-04-15,aqua,Aqua 01:30,1.0,1.0,18.14,16.17,1.97,-2.35,4,hot
MYD11A2.A2017105.h18v07.061.2021305204916,2017-04-15,aqua,Aqua 13:30,1.0,1.0,40.63,39.71,0.92,0.56,4,hot
MOD11A2.A2017105.h18v07.061.2021305205443,2017-04-15,terra,Terra 10:30,1.0,1.0,36.85,37.07,-0.22,0.08,4,hot
MOD11A2.A2017105.h18v07.061.2021305205443,2017-04-15,terra,Terra 22:30,1.0,1.0,21.03,19.67,1.36,-1.79,4,hot
MYD11A2.A2017113.h18v07.061.2021305205242,2017-04-23,aqua,Aqua 01:30,1.0,1.0,20.17,19.49,0.68,-1.94,4,hot
MYD11A2.A2017113.h18v07.061.2021305205242,2017-04-23,aqua,Aqua 13:30,1.0,1.0,43.6,43.51,0.09,0.61,4,hot
MOD11A2.A2017113.h18v07.061.2021305210033,2017-04-23,terra,Terra 10:30,1.0,1.0,39.08,38.85,0.23,-0.13,4,hot
MOD11A2.A2017113.h18v07.061.2021305210033,2017-04-23,terra,Terra 22:30,1.0,1.0,23.27,22.23,1.04,-1.78,4,hot
MYD11A2.A2017121.h18v07.061.2021305205651,2017-05-01,aqua,Aqua 01:30,1.0,0.993,20.55,20.05,0.5,-0.76,5,hot
MYD11A2.A2017121.h18v07.061.2021305205651,2017-05-01,aqua,Aqua 13:30,1.0,1.0,46.0,46.43,-0.43,0.15,5,hot
MOD11A2.A2017121.h18v07.061.2021305210402,2017-05-01,terra,Terra 10:30,1.0,0.999,39.56,39.87,-0.31,-0.03,5,hot
MOD11A2.A2017121.h18v07.061.2021305210402,2017-05-01,terra,Terra 22:30,0.929,0.982,25.69,26.35,-0.66,-0.05,5,hot
MYD11A2.A2017129.h18v07.061.2021305210025,2017-05-09,aqua,Aqua 01:30,1.0,1.0,23.84,23.37,0.47,-0.82,5,hot
MYD11A2.A2017129.h18v07.061.2021305210025,2017-05-09,aqua,Aqua 13:30,1.0,1.0,46.17,46.93,-0.76,0.26,5,hot
MOD11A2.A2017129.h18v07.061.2021305210551,2017-05-09,terra,Terra 10:30,1.0,0.999,43.12,43.51,-0.39,-0.14,5,hot
MOD11A2.A2017129.h18v07.061.2021305210551,2017-05-09,terra,Terra 22:30,0.941,0.79,,,,,5,hot
MYD11A2.A2017137.h18v07.061.2021305210341,2017-05-17,aqua,Aqua 01:30,1.0,1.0,22.9,22.21,0.69,-0.94,5,hot
MYD11A2.A2017137.h18v07.061.2021305210341,2017-05-17,aqua,Aqua 13:30,1.0,1.0,44.56,44.25,0.31,-0.13,5,hot
MOD11A2.A2017137.h18v07.061.2021305210834,2017-05-17,terra,Terra 10:30,1.0,1.0,38.31,38.17,0.14,-0.79,5,hot
MOD11A2.A2017137.h18v07.061.2021305210834,2017-05-17,terra,Terra 22:30,0.0,0.0,,,,,5,hot
MYD11A2.A2017145.h18v07.061.2021305210753,2017-05-25,aqua,Aqua 01:30,1.0,1.0,21.87,21.25,0.62,-0.85,5,hot
MYD11A2.A2017145.h18v07.061.2021305210753,2017-05-25,aqua,Aqua 13:30,1.0,1.0,43.57,43.47,0.1,-0.03,5,hot
MOD11A2.A2017145.h18v07.061.2021305211442,2017-05-25,terra,Terra 10:30,1.0,1.0,39.45,36.79,2.66,-1.27,5,hot
MOD11A2.A2017145.h18v07.061.2021305211442,2017-05-25,terra,Terra 22:30,1.0,1.0,23.97,23.41,0.56,-0.88,5,hot
MYD11A2.A2017153.h18v07.061.2021305211123,2017-06-02,aqua,Aqua 01:30,0.653,0.628,,,,,6,wet
MYD11A2.A2017153.h18v07.061.2021305211123,2017-06-02,aqua,Aqua 13:30,1.0,0.998,37.62,36.4,1.22,-1.24,6,wet
MOD11A2.A2017153.h18v07.061.2021305211843,2017-06-02,terra,Terra 10:30,1.0,1.0,29.79,28.65,1.14,-1.94,6,wet
MOD11A2.A2017153.h18v07.061.2021305211843,2017-06-02,terra,Terra 22:30,1.0,1.0,23.77,23.59,0.18,-0.6,6,wet
MYD11A2.A2017161.h18v07.061.2021307061554,2017-06-10,aqua,Aqua 01:30,1.0,1.0,20.51,20.25,0.26,-0.09,6,wet
MYD11A2.A2017161.h18v07.061.2021307061554,2017-06-10,aqua,Aqua 13:30,0.573,0.523,,,,,6,wet
MOD11A2.A2017161.h18v07.061.2021306012139,2017-06-10,terra,Terra 10:30,0.164,0.304,,,,,6,wet
MOD11A2.A2017161.h18v07.061.2021306012139,2017-06-10,terra,Terra 22:30,1.0,1.0,21.95,21.81,0.14,-0.28,6,wet
MYD11A2.A2017169.h18v07.061.2021307105344,2017-06-18,aqua,Aqua 01:30,1.0,1.0,20.47,20.15,0.32,-0.05,6,wet
MYD11A2.A2017169.h18v07.061.2021307105344,2017-06-18,aqua,Aqua 13:30,0.997,0.986,37.0,35.85,1.15,-0.68,6,wet
MOD11A2.A2017169.h18v07.061.2021306062428,2017-06-18,terra,Terra 10:30,0.998,0.997,34.33,31.97,2.36,-2.42,6,wet
MOD11A2.A2017169.h18v07.061.2021306062428,2017-06-18,terra,Terra 22:30,1.0,1.0,22.37,22.05,0.32,-0.32,6,wet
MYD11A2.A2017177.h18v07.061.2021307152457,2017-06-26,aqua,Aqua 01:30,0.793,0.943,,,,,6,wet
MYD11A2.A2017177.h18v07.061.2021307152457,2017-06-26,aqua,Aqua 13:30,0.956,0.875,37.43,36.39,1.04,-1.34,6,wet
MOD11A2.A2017177.h18v07.061.2021306113605,2017-06-26,terra,Terra 10:30,0.99,0.919,37.0,33.99,3.01,-2.52,6,wet
MOD11A2.A2017177.h18v07.061.2021306113605,2017-06-26,terra,Terra 22:30,1.0,1.0,21.33,21.07,0.26,-0.3,6,wet
MYD11A2.A2017185.h18v07.061.2021307195859,2017-07-04,aqua,Aqua 01:30,0.995,0.919,17.67,17.79,-0.12,-0.23,7,wet
MYD11A2.A2017185.h18v07.061.2021307195859,2017-07-04,aqua,Aqua 13:30,0.578,0.417,,,,,7,wet
MOD11A2.A2017185.h18v07.061.2021306171157,2017-07-04,terra,Terra 10:30,0.998,0.988,28.31,28.09,0.22,-1.66,7,wet
MOD11A2.A2017185.h18v07.061.2021306171157,2017-07-04,terra,Terra 22:30,0.967,0.777,,,,,7,wet
MYD11A2.A2017193.h18v07.061.2021308004714,2017-07-12,aqua,Aqua 01:30,1.0,1.0,20.25,20.35,-0.1,-0.12,7,wet
MYD11A2.A2017193.h18v07.061.2021308004714,2017-07-12,aqua,Aqua 13:30,0.587,0.391,,,,,7,wet
MOD11A2.A2017193.h18v07.061.2021306221143,2017-07-12,terra,Terra 10:30,0.077,0.311,,,,,7,wet
MOD11A2.A2017193.h18v07.061.2021306221143,2017-07-12,terra,Terra 22:30,0.956,0.763,,,,,7,wet
MYD11A2.A2017201.h18v07.061.2021308050804,2017-07-20,aqua,Aqua 01:30,0.39,0.409,,,,,7,wet
MYD11A2.A2017201.h18v07.061.2021308050804,2017-07-20,aqua,Aqua 13:30,0.706,0.832,,,,,7,wet
MOD11A2.A2017201.h18v07.061.2021307031045,2017-07-20,terra,Terra 10:30,0.23,0.642,,,,,7,wet
MOD11A2.A2017201.h18v07.061.2021307031045,2017-07-20,terra,Terra 22:30,0.946,0.999,19.41,20.05,-0.64,0.44,7,wet
MYD11A2.A2017209.h18v07.061.2021308094151,2017-07-28,aqua,Aqua 01:30,0.04,0.1,,,,,7,wet
MYD11A2.A2017209.h18v07.061.2021308094151,2017-07-28,aqua,Aqua 13:30,0.767,0.611,,,,,7,wet
MOD11A2.A2017209.h18v07.061.2021308065113,2017-07-28,terra,Terra 10:30,0.934,0.789,,,,,7,wet
MOD11A2.A2017209.h18v07.061.2021308065113,2017-07-28,terra,Terra 22:30,1.0,1.0,22.99,23.11,-0.12,-0.68,7,wet
MYD11A2.A2017217.h18v07.061.2021308141246,2017-08-05,aqua,Aqua 01:30,0.681,0.858,,,,,8,wet
MYD11A2.A2017217.h18v07.061.2021308141246,2017-08-05,aqua,Aqua 13:30,0.538,0.83,,,,,8,wet
MOD11A2.A2017217.h18v07.061.2021308112154,2017-08-05,terra,Terra 10:30,0.138,0.47,,,,,8,wet
MOD11A2.A2017217.h18v07.061.2021308112154,2017-08-05,terra,Terra 22:30,1.0,1.0,22.55,22.57,-0.02,-0.63,8,wet
MYD11A2.A2017225.h18v07.061.2021309044649,2017-08-13,aqua,Aqua 01:30,1.0,1.0,20.91,20.97,-0.06,-0.16,8,wet
MYD11A2.A2017225.h18v07.061.2021309044649,2017-08-13,aqua,Aqua 13:30,0.911,0.966,32.85,31.15,1.7,-4.38,8,wet
MOD11A2.A2017225.h18v07.061.2021309045445,2017-08-13,terra,Terra 10:30,0.206,0.409,,,,,8,wet
MOD11A2.A2017225.h18v07.061.2021309045445,2017-08-13,terra,Terra 22:30,0.963,0.881,22.29,22.21,0.08,-0.58,8,wet
MYD11A2.A2017233.h18v07.061.2021309102337,2017-08-21,aqua,Aqua 01:30,0.038,0.0,,,,,8,wet
MYD11A2.A2017233.h18v07.061.2021309102337,2017-08-21,aqua,Aqua 13:30,0.963,1.0,33.69,31.05,2.64,-5.9,8,wet
MOD11A2.A2017233.h18v07.061.2021309102735,2017-08-21,terra,Terra 10:30,0.498,0.864,,,,,8,wet
MOD11A2.A2017233.h18v07.061.2021309102735,2017-08-21,terra,Terra 22:30,1.0,1.0,22.56,22.47,0.09,-0.56,8,wet
MYD11A2.A2017241.h18v07.061.2021309152101,2017-08-29,aqua,Aqua 01:30,1.0,1.0,21.67,21.95,-0.28,-0.14,8,wet
MYD11A2.A2017241.h18v07.061.2021309152101,2017-08-29,aqua,Aqua 13:30,0.192,0.457,,,,,8,wet
MOD11A2.A2017241.h18v07.061.2021309155217,2017-08-29,terra,Terra 10:30,0.516,0.984,,,,,8,wet
MOD11A2.A2017241.h18v07.061.2021309155217,2017-08-29,terra,Terra 22:30,1.0,1.0,23.15,23.05,0.1,-0.23,8,wet
MYD11A2.A2017249.h18v07.061.2021309201624,2017-09-06,aqua,Aqua 01:30,0.986,0.981,21.22,20.96,0.26,-0.74,9,wet
MYD11A2.A2017249.h18v07.061.2021309201624,2017-09-06,aqua,Aqua 13:30,0.984,1.0,33.41,32.09,1.32,-3.99,9,wet
MOD11A2.A2017249.h18v07.061.2021309203223,2017-09-06,terra,Terra 10:30,1.0,1.0,30.62,29.67,0.95,-3.75,9,wet
MOD11A2.A2017249.h18v07.061.2021309203223,2017-09-06,terra,Terra 22:30,1.0,0.96,21.93,22.05,-0.12,0.07,9,wet
MYD11A2.A2017257.h18v07.061.2021310023124,2017-09-14,aqua,Aqua 01:30,0.997,0.961,22.33,22.55,-0.22,-0.23,9,wet
MYD11A2.A2017257.h18v07.061.2021310023124,2017-09-14,aqua,Aqua 13:30,0.97,1.0,34.09,32.55,1.54,-4.82,9,wet
MOD11A2.A2017257.h18v07.061.2021310024817,2017-09-14,terra,Terra 10:30,0.916,0.922,31.7,29.91,1.79,-4.4,9,wet
MOD11A2.A2017257.h18v07.061.2021310024817,2017-09-14,terra,Terra 22:30,0.688,0.719,,,,,9,wet
MYD11A2.A2017265.h18v07.061.2021310090405,2017-09-22,aqua,Aqua 01:30,1.0,1.0,21.17,20.79,0.38,0.01,9,wet
MYD11A2.A2017265.h18v07.061.2021310090405,2017-09-22,aqua,Aqua 13:30,0.998,1.0,34.29,31.99,2.3,-3.87,9,wet
MOD11A2.A2017265.h18v07.061.2021310105919,2017-09-22,terra,Terra 10:30,1.0,1.0,31.55,29.99,1.56,-3.05,9,wet
MOD11A2.A2017265.h18v07.061.2021310105919,2017-09-22,terra,Terra 22:30,1.0,1.0,22.11,22.11,0.0,-0.45,9,wet
MYD11A2.A2017273.h18v07.061.2021310151437,2017-09-30,aqua,Aqua 01:30,1.0,1.0,21.83,20.97,0.86,-1.44,9,wet
MYD11A2.A2017273.h18v07.061.2021310151437,2017-09-30,aqua,Aqua 13:30,1.0,1.0,37.15,35.35,1.8,-3.88,9,wet
MOD11A2.A2017273.h18v07.061.2021310172503,2017-09-30,terra,Terra 10:30,1.0,1.0,33.79,32.63,1.16,-3.47,9,wet
MOD11A2.A2017273.h18v07.061.2021310172503,2017-09-30,terra,Terra 22:30,1.0,1.0,22.49,21.87,0.62,-1.48,9,wet
MYD11A2.A2017281.h18v07.061.2021310205912,2017-10-08,aqua,Aqua 01:30,1.0,1.0,18.74,17.89,0.85,-2.05,10,transition
MYD11A2.A2017281.h18v07.061.2021310205912,2017-10-08,aqua,Aqua 13:30,1.0,1.0,36.34,34.91,1.43,-2.82,10,transition
MOD11A2.A2017281.h18v07.061.2021310233442,2017-10-08,terra,Terra 10:30,1.0,1.0,33.21,32.01,1.2,-2.66,10,transition
MOD11A2.A2017281.h18v07.061.2021310233442,2017-10-08,terra,Terra 22:30,1.0,1.0,20.39,19.43,0.96,-1.9,10,transition
MYD11A2.A2017289.h18v07.061.2021311024211,2017-10-16,aqua,Aqua 01:30,1.0,1.0,17.67,16.49,1.18,-2.47,10,transition
MYD11A2.A2017289.h18v07.061.2021311024211,2017-10-16,aqua,Aqua 13:30,1.0,1.0,38.55,37.27,1.28,-1.96,10,transition
MOD11A2.A2017289.h18v07.061.2021311062616,2017-10-16,terra,Terra 10:30,1.0,1.0,33.06,32.05,1.01,-1.72,10,transition
MOD11A2.A2017289.h18v07.061.2021311062616,2017-10-16,terra,Terra 22:30,1.0,1.0,19.88,18.71,1.17,-2.0,10,transition
MYD11A2.A2017297.h18v07.061.2021311094046,2017-10-24,aqua,Aqua 01:30,1.0,1.0,17.06,15.51,1.55,-2.46,10,transition
MYD11A2.A2017297.h18v07.061.2021311094046,2017-10-24,aqua,Aqua 13:30,1.0,1.0,35.82,35.45,0.37,-1.38,10,transition
MOD11A2.A2017297.h18v07.061.2021311131244,2017-10-24,terra,Terra 10:30,1.0,1.0,35.87,35.35,0.52,-1.23,10,transition
MOD11A2.A2017297.h18v07.061.2021311131244,2017-10-24,terra,Terra 22:30,1.0,1.0,19.23,17.77,1.46,-2.38,10,transition
MYD11A2.A2017305.h18v07.061.2021311161025,2017-11-01,aqua,Aqua 01:30,1.0,1.0,17.27,15.71,1.56,-2.6,11,harmattan
MYD11A2.A2017305.h18v07.061.2021311161025,2017-11-01,aqua,Aqua 13:30,1.0,1.0,35.87,35.39,0.48,-0.61,11,harmattan
MOD11A2.A2017305.h18v07.061.2021311193821,2017-11-01,terra,Terra 10:30,1.0,1.0,35.97,35.17,0.8,-1.15,11,harmattan
MOD11A2.A2017305.h18v07.061.2021311193821,2017-11-01,terra,Terra 22:30,1.0,1.0,18.31,16.83,1.48,-2.33,11,harmattan
MYD11A2.A2017313.h18v07.061.2021311214027,2017-11-09,aqua,Aqua 01:30,0.998,1.0,15.33,14.13,1.2,-1.98,11,harmattan
MYD11A2.A2017313.h18v07.061.2021311214027,2017-11-09,aqua,Aqua 13:30,1.0,1.0,41.39,40.69,0.7,-0.26,11,harmattan
MOD11A2.A2017313.h18v07.061.2021312003552,2017-11-09,terra,Terra 10:30,1.0,1.0,38.02,37.31,0.71,-0.61,11,harmattan
MOD11A2.A2017313.h18v07.061.2021312003552,2017-11-09,terra,Terra 22:30,1.0,1.0,17.4,15.91,1.49,-2.39,11,harmattan
MYD11A2.A2017321.h18v07.061.2021312024216,2017-11-17,aqua,Aqua 01:30,1.0,1.0,16.71,15.13,1.58,-2.75,11,harmattan
MYD11A2.A2017321.h18v07.061.2021312024216,2017-11-17,aqua,Aqua 13:30,1.0,1.0,38.89,39.73,-0.84,-0.04,11,harmattan
MOD11A2.A2017321.h18v07.061.2021312060058,2017-11-17,terra,Terra 10:30,1.0,1.0,38.05,37.51,0.54,-0.36,11,harmattan
MOD11A2.A2017321.h18v07.061.2021312060058,2017-11-17,terra,Terra 22:30,1.0,1.0,18.15,16.67,1.48,-2.37,11,harmattan
MYD11A2.A2017329.h18v07.061.2021312081459,2017-11-25,aqua,Aqua 01:30,1.0,1.0,15.27,13.05,2.22,-2.59,11,harmattan
MYD11A2.A2017329.h18v07.061.2021312081459,2017-11-25,aqua,Aqua 13:30,1.0,1.0,39.39,39.97,-0.58,0.51,11,harmattan
MOD11A2.A2017329.h18v07.061.2021312110701,2017-11-25,terra,Terra 10:30,1.0,1.0,35.81,35.79,0.02,-0.25,11,harmattan
MOD11A2.A2017329.h18v07.061.2021312110701,2017-11-25,terra,Terra 22:30,1.0,0.998,16.39,14.73,1.66,-2.18,11,harmattan
MYD11A2.A2017337.h18v07.061.2021312125814,2017-12-03,aqua,Aqua 01:30,0.998,1.0,15.11,13.07,2.04,-2.25,12,harmattan
MYD11A2.A2017337.h18v07.061.2021312125814,2017-12-03,aqua,Aqua 13:30,1.0,1.0,40.39,39.91,0.48,0.06,12,harmattan
MOD11A2.A2017337.h18v07.061.2021312153754,2017-12-03,terra,Terra 10:30,1.0,1.0,33.99,33.99,0.0,0.27,12,harmattan
MOD11A2.A2017337.h18v07.061.2021312153754,2017-12-03,terra,Terra 22:30,1.0,0.998,16.84,15.31,1.53,-2.07,12,harmattan
MYD11A2.A2017345.h18v07.061.2021312171221,2017-12-11,aqua,Aqua 01:30,0.99,0.997,14.78,13.33,1.45,-1.35,12,harmattan
MYD11A2.A2017345.h18v07.061.2021312171221,2017-12-11,aqua,Aqua 13:30,1.0,1.0,37.01,36.85,0.16,-0.03,12,harmattan
MOD11A2.A2017345.h18v07.061.2021312203212,2017-12-11,terra,Terra 10:30,1.0,1.0,30.87,30.41,0.46,-0.19,12,harmattan
MOD11A2.A2017345.h18v07.061.2021312203212,2017-12-11,terra,Terra 22:30,0.99,0.998,17.04,15.59,1.45,-1.71,12,harmattan
MYD11A2.A2017353.h18v07.061.2021312215704,2017-12-19,aqua,Aqua 01:30,1.0,0.999,14.63,13.73,0.9,-0.89,12,harmattan
MYD11A2.A2017353.h18v07.061.2021312215704,2017-12-19,aqua,Aqua 13:30,0.995,0.974,35.23,35.76,-0.53,0.33,12,harmattan
MOD11A2.A2017353.h18v07.061.2021313021226,2017-12-19,terra,Terra 10:30,1.0,1.0,33.97,33.01,0.96,0.17,12,harmattan
MOD11A2.A2017353.h18v07.061.2021313021226,2017-12-19,terra,Terra 22:30,0.991,0.989,16.35,15.96,0.39,-0.93,12,harmattan
MYD11A2.A2017361.h18v07.061.2021316040007,2017-12-27,aqua,Aqua 01:30,0.794,0.896,,,,,12,harmattan
MYD11A2.A2017361.h18v07.061.2021316040007,2017-12-27,aqua,Aqua 13:30,1.0,1.0,34.99,35.25,-0.26,0.51,12,harmattan
MOD11A2.A2017361.h18v07.061.2021316040238,2017-12-27,terra,Terra 10:30,1.0,1.0,30.75,30.03,0.72,-0.2,12,harmattan
MOD11A2.A2017361.h18v07.061.2021316040238,2017-12-27,terra,Terra 22:30,0.943,0.872,16.81,15.55,1.26,-1.29,12,harmattan
MYD11A2.A2018001.h18v07.061.2021316074354,2018-01-01,aqua,Aqua 01:30,0.997,0.997,12.77,11.31,1.46,-1.59,1,harmattan
MYD11A2.A2018001.h18v07.061.2021316074354,2018-01-01,aqua,Aqua 13:30,1.0,1.0,34.03,34.41,-0.38,0.38,1,harmattan
MOD11A2.A2018001.h18v07.061.2021316074820,2018-01-01,terra,Terra 10:30,1.0,1.0,29.77,29.73,0.04,-0.03,1,harmattan
MOD11A2.A2018001.h18v07.061.2021316074820,2018-01-01,terra,Terra 22:30,0.984,0.925,13.65,12.05,1.6,-1.66,1,harmattan
MYD11A2.A2018009.h18v07.061.2021316153010,2018-01-09,aqua,Aqua 01:30,1.0,1.0,11.49,9.15,2.34,-2.6,1,harmattan
MYD11A2.A2018009.h18v07.061.2021316153010,2018-01-09,aqua,Aqua 13:30,1.0,1.0,35.18,35.53,-0.35,0.81,1,harmattan
MOD11A2.A2018009.h18v07.061.2021316161338,2018-01-09,terra,Terra 10:30,1.0,1.0,30.49,30.23,0.26,-0.42,1,harmattan
MOD11A2.A2018009.h18v07.061.2021316161338,2018-01-09,terra,Terra 22:30,1.0,1.0,13.27,10.91,2.36,-2.32,1,harmattan
MYD11A2.A2018017.h18v07.061.2021317111927,2018-01-17,aqua,Aqua 01:30,0.946,0.996,11.43,8.95,2.48,-3.87,1,harmattan
MYD11A2.A2018017.h18v07.061.2021317111927,2018-01-17,aqua,Aqua 13:30,1.0,1.0,35.8,38.07,-2.27,0.33,1,harmattan
MOD11A2.A2018017.h18v07.061.2021317120148,2018-01-17,terra,Terra 10:30,1.0,1.0,30.2,30.05,0.15,-0.38,1,harmattan
MOD11A2.A2018017.h18v07.061.2021317120148,2018-01-17,terra,Terra 22:30,1.0,0.998,14.35,12.45,1.9,-1.93,1,harmattan
MYD11A2.A2018025.h18v07.061.2021318102727,2018-01-25,aqua,Aqua 01:30,1.0,0.929,11.3,9.73,1.57,-1.78,1,harmattan
MYD11A2.A2018025.h18v07.061.2021318102727,2018-01-25,aqua,Aqua 13:30,1.0,1.0,29.55,29.81,-0.26,0.27,1,harmattan
MOD11A2.A2018025.h18v07.061.2021318095401,2018-01-25,terra,Terra 10:30,1.0,1.0,25.01,24.91,0.1,-0.12,1,harmattan
MOD11A2.A2018025.h18v07.061.2021318095401,2018-01-25,terra,Terra 22:30,0.901,0.829,14.15,11.81,2.34,-2.34,1,harmattan
MYD11A2.A2018033.h18v07.061.2021322061644,2018-02-02,aqua,Aqua 01:30,0.901,0.835,14.77,13.07,1.7,-4.26,2,harmattan
MYD11A2.A2018033.h18v07.061.2021322061644,2018-02-02,aqua,Aqua 13:30,1.0,1.0,44.01,44.63,-0.62,0.39,2,harmattan
MOD11A2.A2018033.h18v07.061.2021321193212,2018-02-02,terra,Terra 10:30,1.0,1.0,36.55,36.53,0.02,-0.45,2,harmattan
MOD11A2.A2018033.h18v07.061.2021321193212,2018-02-02,terra,Terra 22:30,0.998,0.99,19.01,16.43,2.58,-2.5,2,harmattan
MYD11A2.A2018041.h18v07.061.2021323084438,2018-02-10,aqua,Aqua 01:30,0.956,0.619,,,,,2,harmattan
MYD11A2.A2018041.h18v07.061.2021323084438,2018-02-10,aqua,Aqua 13:30,1.0,1.0,42.29,43.03,-0.74,0.32,2,harmattan
MOD11A2.A2018041.h18v07.061.2021322062937,2018-02-10,terra,Terra 10:30,1.0,1.0,33.99,34.03,-0.04,-0.22,2,harmattan
MOD11A2.A2018041.h18v07.061.2021322062937,2018-02-10,terra,Terra 22:30,1.0,0.982,20.23,18.93,1.3,-1.37,2,harmattan
MYD11A2.A2018049.h18v07.061.2021323174824,2018-02-18,aqua,Aqua 01:30,0.995,0.982,21.13,17.13,4.0,-2.46,2,harmattan
MYD11A2.A2018049.h18v07.061.2021323174824,2018-02-18,aqua,Aqua 13:30,1.0,1.0,41.4,42.43,-1.03,-0.12,2,harmattan
MOD11A2.A2018049.h18v07.061.2021323192311,2018-02-18,terra,Terra 10:30,1.0,1.0,34.13,34.69,-0.56,0.24,2,harmattan
MOD11A2.A2018049.h18v07.061.2021323192311,2018-02-18,terra,Terra 22:30,1.0,1.0,21.09,20.03,1.06,-1.47,2,harmattan
MYD11A2.A2018057.h18v07.061.2021325113551,2018-02-26,aqua,Aqua 01:30,0.988,0.943,19.45,14.87,4.58,-3.0,2,harmattan
MYD11A2.A2018057.h18v07.061.2021325113551,2018-02-26,aqua,Aqua 13:30,1.0,1.0,48.45,49.19,-0.74,-0.04,2,harmattan
MOD11A2.A2018057.h18v07.061.2021325120422,2018-02-26,terra,Terra 10:30,1.0,1.0,41.96,42.31,-0.35,0.65,2,harmattan
MOD11A2.A2018057.h18v07.061.2021325120422,2018-02-26,terra,Terra 22:30,1.0,1.0,20.52,18.51,2.01,-2.16,2,harmattan
MYD11A2.A2018065.h18v07.061.2021325202937,2018-03-06,aqua,Aqua 01:30,1.0,0.999,17.84,15.71,2.13,-3.66,3,hot
MYD11A2.A2018065.h18v07.061.2021325202937,2018-03-06,aqua,Aqua 13:30,1.0,1.0,48.73,49.23,-0.5,0.17,3,hot
MOD11A2.A2018065.h18v07.061.2021325212219,2018-03-06,terra,Terra 10:30,1.0,1.0,43.27,43.53,-0.26,-0.07,3,hot
MOD11A2.A2018065.h18v07.061.2021325212219,2018-03-06,terra,Terra 22:30,1.0,1.0,20.45,18.57,1.88,-2.44,3,hot
MYD11A2.A2018073.h18v07.061.2021328075347,2018-03-14,aqua,Aqua 01:30,1.0,1.0,17.02,15.07,1.95,-3.62,3,hot
MYD11A2.A2018073.h18v07.061.2021328075347,2018-03-14,aqua,Aqua 13:30,1.0,1.0,48.58,49.55,-0.97,0.19,3,hot
MOD11A2.A2018073.h18v07.061.2021326141504,2018-03-14,terra,Terra 10:30,1.0,1.0,44.57,45.23,-0.66,0.49,3,hot
MOD11A2.A2018073.h18v07.061.2021326141504,2018-03-14,terra,Terra 22:30,1.0,1.0,18.85,16.87,1.98,-2.97,3,hot
MYD11A2.A2018081.h18v07.061.2021328165959,2018-03-22,aqua,Aqua 01:30,0.901,0.829,18.87,18.83,0.04,-0.81,3,hot
MYD11A2.A2018081.h18v07.061.2021328165959,2018-03-22,aqua,Aqua 13:30,1.0,0.991,43.38,43.55,-0.17,0.27,3,hot
MOD11A2.A2018081.h18v07.061.2021328155337,2018-03-22,terra,Terra 10:30,1.0,1.0,37.5,38.65,-1.15,1.12,3,hot
MOD11A2.A2018081.h18v07.061.2021328155337,2018-03-22,terra,Terra 22:30,1.0,1.0,20.19,19.49,0.7,-1.64,3,hot
MYD11A2.A2018089.h18v07.061.2021329141058,2018-03-30,aqua,Aqua 01:30,1.0,1.0,18.63,17.61,1.02,-1.77,3,hot
MYD11A2.A2018089.h18v07.061.2021329141058,2018-03-30,aqua,Aqua 13:30,1.0,1.0,39.15,38.91,0.24,0.14,3,hot
MOD11A2.A2018089.h18v07.061.2021329142956,2018-03-30,terra,Terra 10:30,0.983,0.869,28.47,28.97,-0.5,-0.14,3,hot
MOD11A2.A2018089.h18v07.061.2021329142956,2018-03-30,terra,Terra 22:30,1.0,1.0,22.65,21.77,0.88,-0.77,3,hot
MYD11A2.A2018097.h18v07.061.2021329232930,2018-04-07,aqua,Aqua 01:30,1.0,0.989,17.4,15.49,1.91,-2.14,4,hot
MYD11A2.A2018097.h18v07.061.2021329232930,2018-04-07,aqua,Aqua 13:30,1.0,1.0,44.22,44.45,-0.23,1.05,4,hot
MOD11A2.A2018097.h18v07.061.2021329232554,2018-04-07,terra,Terra 10:30,1.0,1.0,38.79,39.03,-0.24,0.11,4,hot
MOD11A2.A2018097.h18v07.061.2021329232554,2018-04-07,terra,Terra 22:30,1.0,1.0,20.61,19.13,1.48,-1.37,4,hot
MYD11A2.A2018105.h18v07.061.2021330180903,2018-04-15,aqua,Aqua 01:30,1.0,1.0,20.68,19.45,1.23,-2.03,4,hot
MYD11A2.A2018105.h18v07.061.2021330180903,2018-04-15,aqua,Aqua 13:30,1.0,1.0,39.21,40.07,-0.86,0.0,4,hot
MOD11A2.A2018105.h18v07.061.2021330180945,2018-04-15,terra,Terra 10:30,1.0,1.0,40.47,40.91,-0.44,0.3,4,hot
MOD11A2.A2018105.h18v07.061.2021330180945,2018-04-15,terra,Terra 22:30,1.0,1.0,22.15,20.69,1.46,-2.36,4,hot
MYD11A2.A2018113.h18v07.061.2021331170448,2018-04-23,aqua,Aqua 01:30,1.0,1.0,20.72,19.27,1.45,-1.72,4,hot
MYD11A2.A2018113.h18v07.061.2021331170448,2018-04-23,aqua,Aqua 13:30,1.0,0.999,42.84,43.33,-0.49,0.59,4,hot
MOD11A2.A2018113.h18v07.061.2021331170603,2018-04-23,terra,Terra 10:30,1.0,1.0,38.11,38.41,-0.3,0.37,4,hot
MOD11A2.A2018113.h18v07.061.2021331170603,2018-04-23,terra,Terra 22:30,1.0,1.0,23.7,22.29,1.41,-1.24,4,hot
MYD11A2.A2018121.h18v07.061.2021332003530,2018-05-01,aqua,Aqua 01:30,1.0,1.0,23.21,23.27,-0.06,-1.76,5,hot
MYD11A2.A2018121.h18v07.061.2021332003530,2018-05-01,aqua,Aqua 13:30,1.0,0.999,42.45,41.65,0.8,-0.71,5,hot
MOD11A2.A2018121.h18v07.061.2021332003545,2018-05-01,terra,Terra 10:30,1.0,1.0,39.13,39.55,-0.42,-1.11,5,hot
MOD11A2.A2018121.h18v07.061.2021332003545,2018-05-01,terra,Terra 22:30,1.0,0.9,23.82,23.45,0.37,-1.27,5,hot
MYD11A2.A2018129.h18v07.061.2021334055922,2018-05-09,aqua,Aqua 01:30,0.998,0.94,14.43,14.49,-0.06,-0.3,5,hot
MYD11A2.A2018129.h18v07.061.2021334055922,2018-05-09,aqua,Aqua 13:30,1.0,0.998,43.87,44.69,-0.82,0.88,5,hot
MOD11A2.A2018129.h18v07.061.2021334061923,2018-05-09,terra,Terra 10:30,1.0,1.0,35.73,37.25,-1.52,0.85,5,hot
MOD11A2.A2018129.h18v07.061.2021334061923,2018-05-09,terra,Terra 22:30,1.0,1.0,20.75,20.83,-0.08,-0.23,5,hot
MYD11A2.A2018137.h18v07.061.2021334071829,2018-05-17,aqua,Aqua 01:30,1.0,1.0,20.67,21.69,-1.02,-0.91,5,hot
MYD11A2.A2018137.h18v07.061.2021334071829,2018-05-17,aqua,Aqua 13:30,1.0,1.0,36.39,36.49,-0.1,-0.76,5,hot
MOD11A2.A2018137.h18v07.061.2021334082756,2018-05-17,terra,Terra 10:30,1.0,1.0,32.14,31.13,1.01,-1.37,5,hot
MOD11A2.A2018137.h18v07.061.2021334082756,2018-05-17,terra,Terra 22:30,1.0,1.0,23.07,22.91,0.16,-0.6,5,hot
MYD11A2.A2018145.h18v07.061.2021336180147,2018-05-25,aqua,Aqua 01:30,1.0,0.999,21.01,20.73,0.28,-0.78,5,hot
MYD11A2.A2018145.h18v07.061.2021336180147,2018-05-25,aqua,Aqua 13:30,1.0,0.998,39.33,38.05,1.28,-0.93,5,hot
MOD11A2.A2018145.h18v07.061.2021336135205,2018-05-25,terra,Terra 10:30,1.0,0.999,35.61,35.43,0.18,-1.3,5,hot
MOD11A2.A2018145.h18v07.061.2021336135205,2018-05-25,terra,Terra 22:30,1.0,1.0,25.11,24.67,0.44,0.04,5,hot
MYD11A2.A2018153.h18v07.061.2021337004748,2018-06-02,aqua,Aqua 01:30,1.0,1.0,22.31,22.17,0.14,-1.01,6,wet
MYD11A2.A2018153.h18v07.061.2021337004748,2018-06-02,aqua,Aqua 13:30,1.0,1.0,41.17,41.91,-0.74,0.77,6,wet
MOD11A2.A2018153.h18v07.061.2021336215110,2018-06-02,terra,Terra 10:30,1.0,1.0,35.48,35.69,-0.21,0.16,6,wet
MOD11A2.A2018153.h18v07.061.2021336215110,2018-06-02,terra,Terra 22:30,1.0,1.0,26.09,26.05,0.04,-0.83,6,wet
MYD11A2.A2018161.h18v07.061.2021338102907,2018-06-10,aqua,Aqua 01:30,1.0,1.0,23.43,22.91,0.52,-0.49,6,wet
MYD11A2.A2018161.h18v07.061.2021338102907,2018-06-10,aqua,Aqua 13:30,1.0,0.986,38.09,37.45,0.64,-0.53,6,wet
MOD11A2.A2018161.h18v07.061.2021338103035,2018-06-10,terra,Terra 10:30,0.997,0.983,32.37,31.97,0.4,-0.38,6,wet
MOD11A2.A2018161.h18v07.061.2021338103035,2018-06-10,terra,Terra 22:30,1.0,1.0,23.45,23.55,-0.1,-0.49,6,wet
MYD11A2.A2018169.h18v07.061.2021338184220,2018-06-18,aqua,Aqua 01:30,0.908,0.865,18.17,17.83,0.34,0.06,6,wet
MYD11A2.A2018169.h18v07.061.2021338184220,2018-06-18,aqua,Aqua 13:30,1.0,0.973,29.35,28.63,0.72,-1.77,6,wet
MOD11A2.A2018169.h18v07.061.2021338151106,2018-06-18,terra,Terra 10:30,0.218,0.504,,,,,6,wet
MOD11A2.A2018169.h18v07.061.2021338151106,2018-06-18,terra,Terra 22:30,1.0,1.0,21.81,21.75,0.06,-0.1,6,wet
MYD11A2.A2018177.h18v07.061.2021340072358,2018-06-26,aqua,Aqua 01:30,1.0,1.0,21.49,21.35,0.14,-0.19,6,wet
MYD11A2.A2018177.h18v07.061.2021340072358,2018-06-26,aqua,Aqua 13:30,0.449,0.648,,,,,6,wet
MOD11A2.A2018177.h18v07.061.2021340072536,2018-06-26,terra,Terra 10:30,0.981,0.958,27.87,26.59,1.28,-2.34,6,wet
MOD11A2.A2018177.h18v07.061.2021340072536,2018-06-26,terra,Terra 22:30,1.0,0.973,19.37,19.71,-0.34,0.21,6,wet
MYD11A2.A2018185.h18v07.061.2021340134920,2018-07-04,aqua,Aqua 01:30,0.429,0.51,,,,,7,wet
MYD11A2.A2018185.h18v07.061.2021340134920,2018-07-04,aqua,Aqua 13:30,0.537,0.612,,,,,7,wet
MOD11A2.A2018185.h18v07.061.2021340135015,2018-07-04,terra,Terra 10:30,0.746,0.891,,,,,7,wet
MOD11A2.A2018185.h18v07.061.2021340135015,2018-07-04,terra,Terra 22:30,0.0,0.027,,,,,7,wet
MYD11A2.A2018193.h18v07.061.2021341055515,2018-07-12,aqua,Aqua 01:30,0.002,0.152,,,,,7,wet
MYD11A2.A2018193.h18v07.061.2021341055515,2018-07-12,aqua,Aqua 13:30,0.436,0.436,,,,,7,wet
MOD11A2.A2018193.h18v07.061.2021341055603,2018-07-12,terra,Terra 10:30,0.521,0.845,,,,,7,wet
MOD11A2.A2018193.h18v07.061.2021341055603,2018-07-12,terra,Terra 22:30,0.0,0.0,,,,,7,wet
MYD11A2.A2018201.h18v07.061.2021341094410,2018-07-20,aqua,Aqua 01:30,0.031,0.251,,,,,7,wet
MYD11A2.A2018201.h18v07.061.2021341094410,2018-07-20,aqua,Aqua 13:30,0.97,0.989,37.85,36.9,0.95,-3.07,7,wet
MOD11A2.A2018201.h18v07.061.2021341094456,2018-07-20,terra,Terra 10:30,0.998,0.998,34.65,34.03,0.62,-2.94,7,wet
MOD11A2.A2018201.h18v07.061.2021341094456,2018-07-20,terra,Terra 22:30,1.0,1.0,23.33,22.89,0.44,-0.56,7,wet
MYD11A2.A2018209.h18v07.061.2021350141201,2018-07-28,aqua,Aqua 01:30,0.141,0.33,,,,,7,wet
MYD11A2.A2018209.h18v07.061.2021350141201,2018-07-28,aqua,Aqua 13:30,0.152,0.309,,,,,7,wet
MOD11A2.A2018209.h18v07.061.2021351063812,2018-07-28,terra,Terra 10:30,0.094,0.116,,,,,7,wet
MOD11A2.A2018209.h18v07.061.2021351063812,2018-07-28,terra,Terra 22:30,0.057,0.182,,,,,7,wet
MYD11A2.A2018217.h18v07.061.2021350141241,2018-08-05,aqua,Aqua 01:30,0.261,0.382,,,,,8,wet
MYD11A2.A2018217.h18v07.061.2021350141241,2018-08-05,aqua,Aqua 13:30,0.652,0.82,,,,,8,wet
MOD11A2.A2018217.h18v07.061.2021351064002,2018-08-05,terra,Terra 10:30,0.747,0.899,,,,,8,wet
MOD11A2.A2018217.h18v07.061.2021351064002,2018-08-05,terra,Terra 22:30,0.239,0.609,,,,,8,wet
MYD11A2.A2018225.h18v07.061.2021350141357,2018-08-13,aqua,Aqua 01:30,0.082,0.149,,,,,8,wet
MYD11A2.A2018225.h18v07.061.2021350141357,2018-08-13,aqua,Aqua 13:30,0.247,0.667,,,,,8,wet
MOD11A2.A2018225.h18v07.061.2021351064038,2018-08-13,terra,Terra 10:30,0.803,0.993,28.93,28.45,0.48,-5.13,8,wet
MOD11A2.A2018225.h18v07.061.2021351064038,2018-08-13,terra,Terra 22:30,0.922,0.5,,,,,8,wet
MYD11A2.A2018233.h18v07.061.2021350141435,2018-08-21,aqua,Aqua 01:30,0.453,0.098,,,,,8,wet
MYD11A2.A2018233.h18v07.061.2021350141435,2018-08-21,aqua,Aqua 13:30,0.247,0.637,,,,,8,wet
MOD11A2.A2018233.h18v07.061.2021351064112,2018-08-21,terra,Terra 10:30,0.0,0.0,,,,,8,wet
MOD11A2.A2018233.h18v07.061.2021351064112,2018-08-21,terra,Terra 22:30,0.976,0.828,22.39,22.21,0.18,-0.57,8,wet
MYD11A2.A2018241.h18v07.061.2021351063429,2018-08-29,aqua,Aqua 01:30,0.0,0.086,,,,,8,wet
MYD11A2.A2018241.h18v07.061.2021351063429,2018-08-29,aqua,Aqua 13:30,0.371,0.614,,,,,8,wet
MOD11A2.A2018241.h18v07.061.2021351064200,2018-08-29,terra,Terra 10:30,0.967,0.88,31.49,30.11,1.38,-4.03,8,wet
MOD11A2.A2018241.h18v07.061.2021351064200,2018-08-29,terra,Terra 22:30,1.0,1.0,22.69,22.89,-0.2,0.23,8,wet
MYD11A2.A2018249.h18v07.061.2021351063518,2018-09-06,aqua,Aqua 01:30,0.185,0.549,,,,,9,wet
MYD11A2.A2018249.h18v07.061.2021351063518,2018-09-06,aqua,Aqua 13:30,0.786,0.998,,,,,9,wet
MOD11A2.A2018249.h18v07.061.2021351064241,2018-09-06,terra,Terra 10:30,0.944,1.0,30.71,27.87,2.84,-3.97,9,wet
MOD11A2.A2018249.h18v07.061.2021351064241,2018-09-06,terra,Terra 22:30,1.0,1.0,22.09,22.33,-0.24,0.02,9,wet
MYD11A2.A2018257.h18v07.061.2021351063621,2018-09-14,aqua,Aqua 01:30,0.991,0.864,20.55,20.85,-0.3,0.07,9,wet
MYD11A2.A2018257.h18v07.061.2021351063621,2018-09-14,aqua,Aqua 13:30,0.822,0.994,33.11,30.31,2.8,-5.05,9,wet
MOD11A2.A2018257.h18v07.061.2021351064402,2018-09-14,terra,Terra 10:30,1.0,1.0,31.25,28.09,3.16,-3.77,9,wet
MOD11A2.A2018257.h18v07.061.2021351064402,2018-09-14,terra,Terra 22:30,1.0,1.0,22.65,22.55,0.1,-0.62,9,wet
MYD11A2.A2018265.h18v07.061.2021351063653,2018-09-22,aqua,Aqua 01:30,1.0,1.0,23.01,23.01,0.0,-0.43,9,wet
MYD11A2.A2018265.h18v07.061.2021351063653,2018-09-22,aqua,Aqua 13:30,0.61,0.925,,,,,9,wet
MOD11A2.A2018265.h18v07.061.2021351064442,2018-09-22,terra,Terra 10:30,0.986,1.0,31.28,29.15,2.13,-4.53,9,wet
MOD11A2.A2018265.h18v07.061.2021351064442,2018-09-22,terra,Terra 22:30,1.0,1.0,23.82,23.57,0.25,-0.79,9,wet
MYD11A2.A2018273.h18v07.061.2021351063738,2018-09-30,aqua,Aqua 01:30,1.0,1.0,22.75,22.27,0.48,-0.79,9,wet
MYD11A2.A2018273.h18v07.061.2021351063738,2018-09-30,aqua,Aqua 13:30,0.805,0.939,33.45,31.63,1.82,-4.05,9,wet
MOD11A2.A2018273.h18v07.061.2021351064516,2018-09-30,terra,Terra 10:30,1.0,1.0,33.79,31.25,2.54,-3.87,9,wet
MOD11A2.A2018273.h18v07.061.2021351064516,2018-09-30,terra,Terra 22:30,1.0,1.0,21.49,21.29,0.2,-0.59,9,wet
MYD11A2.A2018281.h18v07.061.2021351063844,2018-10-08,aqua,Aqua 01:30,1.0,0.759,,,,,10,transition
MYD11A2.A2018281.h18v07.061.2021351063844,2018-10-08,aqua,Aqua 13:30,1.0,1.0,38.2,36.21,1.99,-3.74,10,transition
MOD11A2.A2018281.h18v07.061.2021351064602,2018-10-08,terra,Terra 10:30,1.0,1.0,35.54,33.35,2.19,-4.16,10,transition
MOD11A2.A2018281.h18v07.061.2021351064602,2018-10-08,terra,Terra 22:30,1.0,0.988,23.12,22.59,0.53,-0.56,10,transition
MYD11A2.A2018289.h18v07.061.2021351063927,2018-10-16,aqua,Aqua 01:30,1.0,1.0,19.05,18.09,0.96,-2.71,10,transition
MYD11A2.A2018289.h18v07.061.2021351063927,2018-10-16,aqua,Aqua 13:30,1.0,1.0,40.17,38.27,1.9,-2.98,10,transition
MOD11A2.A2018289.h18v07.061.2021351064714,2018-10-16,terra,Terra 10:30,1.0,1.0,36.69,34.91,1.78,-3.18,10,transition
MOD11A2.A2018289.h18v07.061.2021351064714,2018-10-16,terra,Terra 22:30,1.0,1.0,21.11,20.03,1.08,-2.05,10,transition
MYD11A2.A2018297.h18v07.061.2021351102711,2018-10-24,aqua,Aqua 01:30,1.0,1.0,19.33,17.69,1.64,-2.18,10,transition
MYD11A2.A2018297.h18v07.061.2021351102711,2018-10-24,aqua,Aqua 13:30,1.0,1.0,39.84,38.31,1.53,-2.23,10,transition
MOD11A2.A2018297.h18v07.061.2021351105414,2018-10-24,terra,Terra 10:30,1.0,1.0,38.31,37.39,0.92,-1.85,10,transition
MOD11A2.A2018297.h18v07.061.2021351105414,2018-10-24,terra,Terra 22:30,1.0,1.0,21.95,21.03,0.92,-2.03,10,transition
MYD11A2.A2018305.h18v07.061.2021354205337,2018-11-01,aqua,Aqua 01:30,1.0,1.0,16.3,15.01,1.29,-3.06,11,harmattan
MYD11A2.A2018305.h18v07.061.2021354205337,2018-11-01,aqua,Aqua 13:30,1.0,1.0,40.32,38.77,1.55,-1.97,11,harmattan
MOD11A2.A2018305.h18v07.061.2021354210604,2018-11-01,terra,Terra 10:30,1.0,1.0,37.97,36.37,1.6,-2.51,11,harmattan
MOD11A2.A2018305.h18v07.061.2021354210604,2018-11-01,terra,Terra 22:30,1.0,1.0,18.5,17.03,1.47,-1.93,11,harmattan
MYD11A2.A2018313.h18v07.061.2021355011433,2018-11-09,aqua,Aqua 01:30,1.0,1.0,15.5,13.87,1.63,-2.83,11,harmattan
MYD11A2.A2018313.h18v07.061.2021355011433,2018-11-09,aqua,Aqua 13:30,1.0,1.0,41.01,40.19,0.82,-1.0,11,harmattan
MOD11A2.A2018313.h18v07.061.2021355013434,2018-11-09,terra,Terra 10:30,1.0,1.0,37.19,36.55,0.64,-1.36,11,harmattan
MOD11A2.A2018313.h18v07.061.2021355013434,2018-11-09,terra,Terra 22:30,1.0,1.0,17.81,15.95,1.86,-2.67,11,harmattan
MYD11A2.A2018321.h18v07.061.2021361222303,2018-11-17,aqua,Aqua 01:30,0.974,1.0,13.87,12.89,0.98,-2.31,11,harmattan
MYD11A2.A2018321.h18v07.061.2021361222303,2018-11-17,aqua,Aqua 13:30,1.0,1.0,38.77,39.13,-0.36,-0.29,11,harmattan
MOD11A2.A2018321.h18v07.061.2021361224452,2018-11-17,terra,Terra 10:30,1.0,1.0,36.71,36.23,0.48,-0.53,11,harmattan
MOD11A2.A2018321.h18v07.061.2021361224452,2018-11-17,terra,Terra 22:30,1.0,1.0,16.88,15.05,1.83,-2.6,11,harmattan
MYD11A2.A2018329.h18v07.061.2021362041236,2018-11-25,aqua,Aqua 01:30,0.998,1.0,15.01,12.99,2.02,-2.52,11,harmattan
MYD11A2.A2018329.h18v07.061.2021362041236,2018-11-25,aqua,Aqua 13:30,1.0,1.0,36.87,36.69,0.18,-0.36,11,harmattan
MOD11A2.A2018329.h18v07.061.2021362050340,2018-11-25,terra,Terra 10:30,1.0,1.0,34.54,34.13,0.41,-0.58,11,harmattan
MOD11A2.A2018329.h18v07.061.2021362050340,2018-11-25,terra,Terra 22:30,1.0,1.0,16.67,14.97,1.7,-2.25,11,harmattan
MYD11A2.A2018337.h18v07.061.2021365063930,2018-12-03,aqua,Aqua 01:30,0.974,0.999,14.67,13.11,1.56,-1.73,12,harmattan
MYD11A2.A2018337.h18v07.061.2021365063930,2018-12-03,aqua,Aqua 13:30,1.0,1.0,35.17,35.19,-0.02,0.07,12,harmattan
MOD11A2.A2018337.h18v07.061.2021365064812,2018-12-03,terra,Terra 10:30,1.0,1.0,31.01,30.93,0.08,-0.42,12,harmattan
MOD11A2.A2018337.h18v07.061.2021365064812,2018-12-03,terra,Terra 22:30,0.998,1.0,15.65,14.17,1.48,-1.77,12,harmattan
MYD11A2.A2018345.h18v07.061.2021365110627,2018-12-11,aqua,Aqua 01:30,0.997,1.0,14.47,12.83,1.64,-2.11,12,harmattan
MYD11A2.A2018345.h18v07.061.2021365110627,2018-12-11,aqua,Aqua 13:30,1.0,1.0,37.81,38.29,-0.48,0.63,12,harmattan
MOD11A2.A2018345.h18v07.061.2021365113923,2018-12-11,terra,Terra 10:30,1.0,1.0,32.89,32.99,-0.1,0.13,12,harmattan
MOD11A2.A2018345.h18v07.061.2021365113923,2018-12-11,terra,Terra 22:30,1.0,1.0,15.94,14.29,1.65,-2.03,12,harmattan
MYD11A2.A2018353.h18v07.061.2021365160048,2018-12-19,aqua,Aqua 01:30,0.969,0.985,12.3,10.91,1.39,-1.99,12,harmattan
MYD11A2.A2018353.h18v07.061.2021365160048,2018-12-19,aqua,Aqua 13:30,1.0,0.998,30.21,30.23,-0.02,-0.49,12,harmattan
MOD11A2.A2018353.h18v07.061.2021365162852,2018-12-19,terra,Terra 10:30,1.0,1.0,27.09,27.05,0.04,-0.06,12,harmattan
MOD11A2.A2018353.h18v07.061.2021365162852,2018-12-19,terra,Terra 22:30,1.0,0.995,14.22,12.71,1.51,-1.81,12,harmattan
MYD11A2.A2018361.h18v07.061.2021365204403,2018-12-27,aqua,Aqua 01:30,0.812,0.908,12.4,11.15,1.25,-2.25,12,harmattan
MYD11A2.A2018361.h18v07.061.2021365204403,2018-12-27,aqua,Aqua 13:30,1.0,1.0,30.07,30.55,-0.48,1.74,12,harmattan
MOD11A2.A2018361.h18v07.061.2021365212500,2018-12-27,terra,Terra 10:30,1.0,1.0,27.85,27.69,0.16,0.05,12,harmattan
MOD11A2.A2018361.h18v07.061.2021365212500,2018-12-27,terra,Terra 22:30,0.981,0.979,14.37,13.21,1.16,-1.39,12,harmattan
MYD11A2.A2019001.h18v07.061.2022018132031,2019-01-01,aqua,Aqua 01:30,0.998,0.996,10.11,9.09,1.02,-1.6,1,harmattan
MYD11A2.A2019001.h18v07.061.2020352184015,2019-01-01,aqua,Aqua 01:30,0.998,0.996,10.11,9.09,1.02,-1.6,1,harmattan
MYD11A2.A2019001.h18v07.061.2022018132031,2019-01-01,aqua,Aqua 13:30,1.0,0.999,32.57,33.01,-0.44,0.68,1,harmattan
MYD11A2.A2019001.h18v07.061.2020352184015,2019-01-01,aqua,Aqua 13:30,1.0,0.999,32.57,33.01,-0.44,0.68,1,harmattan
MOD11A2.A2019001.h18v07.061.2022018132915,2019-01-01,terra,Terra 10:30,1.0,1.0,30.01,29.69,0.32,-0.38,1,harmattan
MOD11A2.A2019001.h18v07.061.2020352184103,2019-01-01,terra,Terra 10:30,1.0,1.0,30.01,29.69,0.32,-0.38,1,harmattan
MOD11A2.A2019001.h18v07.061.2022018132915,2019-01-01,terra,Terra 22:30,1.0,1.0,13.35,12.41,0.94,-1.59,1,harmattan
MOD11A2.A2019001.h18v07.061.2020352184103,2019-01-01,terra,Terra 22:30,1.0,1.0,13.35,12.41,0.94,-1.59,1,harmattan
MYD11A2.A2019009.h18v07.061.2022018132111,2019-01-09,aqua,Aqua 01:30,0.88,0.878,13.01,11.23,1.78,-2.38,1,harmattan
MYD11A2.A2019009.h18v07.061.2020352190210,2019-01-09,aqua,Aqua 01:30,0.88,0.878,13.01,11.23,1.78,-2.38,1,harmattan
MYD11A2.A2019009.h18v07.061.2022018132111,2019-01-09,aqua,Aqua 13:30,1.0,1.0,37.79,38.29,-0.5,0.07,1,harmattan
MYD11A2.A2019009.h18v07.061.2020352190210,2019-01-09,aqua,Aqua 13:30,1.0,1.0,37.79,38.29,-0.5,0.07,1,harmattan
MOD11A2.A2019009.h18v07.061.2022018132953,2019-01-09,terra,Terra 10:30,1.0,1.0,31.17,30.99,0.18,-0.46,1,harmattan
MOD11A2.A2019009.h18v07.061.2020352190430,2019-01-09,terra,Terra 10:30,1.0,1.0,31.17,30.99,0.18,-0.46,1,harmattan
MOD11A2.A2019009.h18v07.061.2022018132953,2019-01-09,terra,Terra 22:30,0.988,0.995,14.53,12.83,1.7,-2.4,1,harmattan
MOD11A2.A2019009.h18v07.061.2020352190430,2019-01-09,terra,Terra 22:30,0.988,0.995,14.53,12.83,1.7,-2.4,1,harmattan
MYD11A2.A2019017.h18v07.061.2022018132810,2019-01-17,aqua,Aqua 01:30,0.845,0.973,12.81,10.59,2.22,-4.6,1,harmattan
MYD11A2.A2019017.h18v07.061.2020352192207,2019-01-17,aqua,Aqua 01:30,0.845,0.973,12.81,10.59,2.22,-4.6,1,harmattan
MYD11A2.A2019017.h18v07.061.2022018132810,2019-01-17,aqua,Aqua 13:30,1.0,1.0,42.39,43.17,-0.78,0.41,1,harmattan
MYD11A2.A2019017.h18v07.061.2020352192207,2019-01-17,aqua,Aqua 13:30,1.0,1.0,42.39,43.17,-0.78,0.41,1,harmattan
MOD11A2.A2019017.h18v07.061.2022018133038,2019-01-17,terra,Terra 10:30,1.0,1.0,35.23,35.31,-0.08,0.05,1,harmattan
MOD11A2.A2019017.h18v07.061.2020352193156,2019-01-17,terra,Terra 10:30,1.0,1.0,35.23,35.31,-0.08,0.05,1,harmattan
MOD11A2.A2019017.h18v07.061.2022018133038,2019-01-17,terra,Terra 22:30,0.993,0.979,18.25,15.83,2.42,-2.15,1,harmattan
MOD11A2.A2019017.h18v07.061.2020352193156,2019-01-17,terra,Terra 22:30,0.993,0.979,18.25,15.83,2.42,-2.15,1,harmattan
MYD11A2.A2019025.h18v07.061.2022018132847,2019-01-25,aqua,Aqua 01:30,0.624,0.61,,,,,1,harmattan
MYD11A2.A2019025.h18v07.061.2020352194023,2019-01-25,aqua,Aqua 01:30,0.624,0.61,,,,,1,harmattan
MYD11A2.A2019025.h18v07.061.2022018132847,2019-01-25,aqua,Aqua 13:30,1.0,1.0,42.43,42.99,-0.56,0.28,1,harmattan
MYD11A2.A2019025.h18v07.061.2020352194023,2019-01-25,aqua,Aqua 13:30,1.0,1.0,42.43,42.99,-0.56,0.28,1,harmattan
MOD11A2.A2019025.h18v07.061.2022018133119,2019-01-25,terra,Terra 10:30,1.0,1.0,34.8,35.01,-0.21,-0.18,1,harmattan
MOD11A2.A2019025.h18v07.061.2020352195344,2019-01-25,terra,Terra 10:30,1.0,1.0,34.8,35.01,-0.21,-0.18,1,harmattan
MOD11A2.A2019025.h18v07.061.2022018133119,2019-01-25,terra,Terra 22:30,0.967,0.818,16.05,13.49,2.56,-3.31,1,harmattan
MOD11A2.A2019025.h18v07.061.2020352195344,2019-01-25,terra,Terra 22:30,0.967,0.818,16.05,13.49,2.56,-3.31,1,harmattan
MYD11A2.A2019033.h18v07.061.2020352200024,2019-02-02,aqua,Aqua 01:30,0.89,0.965,8.75,9.31,-0.56,-4.28,2,harmattan
MYD11A2.A2019033.h18v07.061.2020352200024,2019-02-02,aqua,Aqua 13:30,1.0,1.0,39.8,40.23,-0.43,0.21,2,harmattan
MOD11A2.A2019033.h18v07.061.2020352201911,2019-02-02,terra,Terra 10:30,1.0,1.0,33.11,32.75,0.36,-0.46,2,harmattan
MOD11A2.A2019033.h18v07.061.2020352201911,2019-02-02,terra,Terra 22:30,1.0,0.994,14.92,13.11,1.81,-2.29,2,harmattan
MYD11A2.A2019041.h18v07.061.2020352201835,2019-02-10,aqua,Aqua 01:30,0.949,0.757,,,,,2,harmattan
MYD11A2.A2019041.h18v07.061.2020352201835,2019-02-10,aqua,Aqua 13:30,1.0,1.0,33.53,34.17,-0.64,0.23,2,harmattan
MOD11A2.A2019041.h18v07.061.2020352203423,2019-02-10,terra,Terra 10:30,1.0,1.0,27.67,27.89,-0.22,-0.32,2,harmattan
MOD11A2.A2019041.h18v07.061.2020352203423,2019-02-10,terra,Terra 22:30,0.979,0.914,15.88,14.55,1.33,-1.66,2,harmattan
MYD11A2.A2019049.h18v07.061.2020352204233,2019-02-18,aqua,Aqua 01:30,0.444,0.352,,,,,2,harmattan
MYD11A2.A2019049.h18v07.061.2020352204233,2019-02-18,aqua,Aqua 13:30,1.0,1.0,41.75,41.79,-0.04,0.39,2,harmattan
MOD11A2.A2019049.h18v07.061.2020352205848,2019-02-18,terra,Terra 10:30,1.0,1.0,34.35,34.23,0.12,-0.38,2,harmattan
MOD11A2.A2019049.h18v07.061.2020352205848,2019-02-18,terra,Terra 22:30,0.974,0.862,19.53,18.25,1.28,-1.75,2,harmattan
MYD11A2.A2019057.h18v07.061.2020352205850,2019-02-26,aqua,Aqua 01:30,0.89,0.68,,,,,2,harmattan
MYD11A2.A2019057.h18v07.061.2020352205850,2019-02-26,aqua,Aqua 13:30,1.0,1.0,43.46,43.45,0.01,0.25,2,harmattan
MOD11A2.A2019057.h18v07.061.2020352211533,2019-02-26,terra,Terra 10:30,1.0,1.0,38.87,39.53,-0.66,0.64,2,harmattan
MOD11A2.A2019057.h18v07.061.2020352211533,2019-02-26,terra,Terra 22:30,0.519,0.426,,,,,2,harmattan
MYD11A2.A2019065.h18v07.061.2020352211514,2019-03-06,aqua,Aqua 01:30,0.92,0.787,,,,,3,hot
MYD11A2.A2019065.h18v07.061.2020352211514,2019-03-06,aqua,Aqua 13:30,1.0,1.0,45.03,45.33,-0.3,0.6,3,hot
MOD11A2.A2019065.h18v07.061.2020352213515,2019-03-06,terra,Terra 10:30,1.0,1.0,38.23,38.39,-0.16,0.07,3,hot
MOD11A2.A2019065.h18v07.061.2020352213515,2019-03-06,terra,Terra 22:30,1.0,1.0,20.95,18.73,2.22,-2.87,3,hot
MYD11A2.A2019073.h18v07.061.2020352214624,2019-03-14,aqua,Aqua 01:30,1.0,0.989,19.99,18.75,1.24,-2.59,3,hot
MYD11A2.A2019073.h18v07.061.2020352214624,2019-03-14,aqua,Aqua 13:30,1.0,1.0,39.68,40.33,-0.65,0.21,3,hot
MOD11A2.A2019073.h18v07.061.2020352215743,2019-03-14,terra,Terra 10:30,1.0,1.0,38.04,37.99,0.05,-0.14,3,hot
MOD11A2.A2019073.h18v07.061.2020352215743,2019-03-14,terra,Terra 22:30,1.0,1.0,22.05,20.95,1.1,-1.51,3,hot
MYD11A2.A2019081.h18v07.061.2020352220732,2019-03-22,aqua,Aqua 01:30,0.99,0.929,18.73,16.93,1.8,-3.44,3,hot
MYD11A2.A2019081.h18v07.061.2020352220732,2019-03-22,aqua,Aqua 13:30,1.0,1.0,44.97,45.21,-0.24,0.81,3,hot
MOD11A2.A2019081.h18v07.061.2020352222332,2019-03-22,terra,Terra 10:30,1.0,1.0,39.9,40.37,-0.47,-0.41,3,hot
MOD11A2.A2019081.h18v07.061.2020352222332,2019-03-22,terra,Terra 22:30,1.0,1.0,22.26,21.25,1.01,-1.83,3,hot
MYD11A2.A2019089.h18v07.061.2020352222334,2019-03-30,aqua,Aqua 01:30,1.0,1.0,21.34,19.91,1.43,-1.92,3,hot
MYD11A2.A2019089.h18v07.061.2020352222334,2019-03-30,aqua,Aqua 13:30,1.0,1.0,46.69,47.41,-0.72,0.76,3,hot
MOD11A2.A2019089.h18v07.061.2020352224508,2019-03-30,terra,Terra 10:30,1.0,1.0,45.67,45.73,-0.06,0.31,3,hot
MOD11A2.A2019089.h18v07.061.2020352224508,2019-03-30,terra,Terra 22:30,1.0,1.0,24.23,22.41,1.82,-1.82,3,hot
MYD11A2.A2019097.h18v07.061.2020352224431,2019-04-07,aqua,Aqua 01:30,1.0,1.0,22.31,20.67,1.64,-2.28,4,hot
MYD11A2.A2019097.h18v07.061.2020352224431,2019-04-07,aqua,Aqua 13:30,1.0,0.999,46.15,45.87,0.28,1.11,4,hot
MOD11A2.A2019097.h18v07.061.2020352230556,2019-04-07,terra,Terra 10:30,1.0,0.998,41.84,43.47,-1.63,0.96,4,hot
MOD11A2.A2019097.h18v07.061.2020352230556,2019-04-07,terra,Terra 22:30,1.0,1.0,25.25,23.29,1.96,-2.27,4,hot
MYD11A2.A2019105.h18v07.061.2020352230511,2019-04-15,aqua,Aqua 01:30,1.0,0.999,21.05,19.93,1.12,-1.85,4,hot
MYD11A2.A2019105.h18v07.061.2020352230511,2019-04-15,aqua,Aqua 13:30,1.0,1.0,40.77,39.83,0.94,-0.83,4,hot
MOD11A2.A2019105.h18v07.061.2020352233419,2019-04-15,terra,Terra 10:30,1.0,1.0,37.57,38.21,-0.64,1.78,4,hot
MOD11A2.A2019105.h18v07.061.2020352233419,2019-04-15,terra,Terra 22:30,1.0,1.0,20.88,20.01,0.87,-2.26,4,hot
MYD11A2.A2019113.h18v07.061.2020352233349,2019-04-23,aqua,Aqua 01:30,1.0,1.0,19.6,18.57,1.03,-1.72,4,hot
MYD11A2.A2019113.h18v07.061.2020352233349,2019-04-23,aqua,Aqua 13:30,1.0,1.0,46.09,45.19,0.9,0.6,4,hot
MOD11A2.A2019113.h18v07.061.2020352235748,2019-04-23,terra,Terra 10:30,1.0,1.0,40.93,41.61,-0.68,0.56,4,hot
MOD11A2.A2019113.h18v07.061.2020352235748,2019-04-23,terra,Terra 22:30,1.0,1.0,22.44,20.77,1.67,-1.86,4,hot
MYD11A2.A2019121.h18v07.061.2020352235607,2019-05-01,aqua,Aqua 01:30,1.0,0.973,23.72,24.87,-1.15,-0.83,5,hot
MYD11A2.A2019121.h18v07.061.2020352235607,2019-05-01,aqua,Aqua 13:30,1.0,0.978,46.98,46.25,0.73,-0.22,5,hot
MOD11A2.A2019121.h18v07.061.2020353002426,2019-05-01,terra,Terra 10:30,0.679,0.885,,,,,5,hot
MOD11A2.A2019121.h18v07.061.2020353002426,2019-05-01,terra,Terra 22:30,1.0,0.971,25.93,24.45,1.48,-1.43,5,hot
MYD11A2.A2019129.h18v07.061.2020353002817,2019-05-09,aqua,Aqua 01:30,0.347,0.613,,,,,5,hot
MYD11A2.A2019129.h18v07.061.2020353002817,2019-05-09,aqua,Aqua 13:30,1.0,1.0,44.21,45.15,-0.94,0.65,5,hot
MOD11A2.A2019129.h18v07.061.2020353004509,2019-05-09,terra,Terra 10:30,1.0,1.0,39.17,39.51,-0.34,-0.67,5,hot
MOD11A2.A2019129.h18v07.061.2020353004509,2019-05-09,terra,Terra 22:30,1.0,0.95,24.67,24.49,0.18,-0.62,5,hot
MYD11A2.A2019137.h18v07.061.2020353084459,2019-05-17,aqua,Aqua 01:30,1.0,1.0,22.65,22.03,0.62,-0.68,5,hot
MYD11A2.A2019137.h18v07.061.2020353084459,2019-05-17,aqua,Aqua 13:30,1.0,0.927,38.15,39.23,-1.08,0.58,5,hot
MOD11A2.A2019137.h18v07.061.2020353081142,2019-05-17,terra,Terra 10:30,0.972,0.999,33.35,32.21,1.14,-3.58,5,hot
MOD11A2.A2019137.h18v07.061.2020353081142,2019-05-17,terra,Terra 22:30,1.0,1.0,21.43,21.03,0.4,-0.89,5,hot
MYD11A2.A2019145.h18v07.061.2020354020503,2019-05-25,aqua,Aqua 01:30,0.141,0.285,,,,,5,hot
MYD11A2.A2019145.h18v07.061.2020354020503,2019-05-25,aqua,Aqua 13:30,1.0,0.989,40.13,37.93,2.2,-2.78,5,hot
MOD11A2.A2019145.h18v07.061.2020354014048,2019-05-25,terra,Terra 10:30,1.0,0.963,37.72,36.15,1.57,-1.5,5,hot
MOD11A2.A2019145.h18v07.061.2020354014048,2019-05-25,terra,Terra 22:30,1.0,0.953,23.82,23.39,0.43,-1.29,5,hot
MYD11A2.A2019153.h18v07.061.2020354132430,2019-06-02,aqua,Aqua 01:30,1.0,1.0,21.77,21.77,0.0,-0.64,6,wet
MYD11A2.A2019153.h18v07.061.2020354132430,2019-06-02,aqua,Aqua 13:30,0.993,0.992,36.98,35.03,1.95,-2.92,6,wet
MOD11A2.A2019153.h18v07.061.2020354125437,2019-06-02,terra,Terra 10:30,0.998,0.968,35.13,33.63,1.5,-2.06,6,wet
MOD11A2.A2019153.h18v07.061.2020354125437,2019-06-02,terra,Terra 22:30,1.0,1.0,23.53,23.39,0.14,-0.82,6,wet
MYD11A2.A2019161.h18v07.061.2020354210209,2019-06-10,aqua,Aqua 01:30,0.798,0.696,,,,,6,wet
MYD11A2.A2019161.h18v07.061.2020354210209,2019-06-10,aqua,Aqua 13:30,1.0,1.0,41.19,39.99,1.2,-1.27,6,wet
MOD11A2.A2019161.h18v07.061.2020354195835,2019-06-10,terra,Terra 10:30,1.0,1.0,35.92,35.87,0.05,-1.26,6,wet
MOD11A2.A2019161.h18v07.061.2020354195835,2019-06-10,terra,Terra 22:30,1.0,1.0,25.71,25.27,0.44,-0.82,6,wet
MYD11A2.A2019169.h18v07.061.2020355045446,2019-06-18,aqua,Aqua 01:30,1.0,1.0,23.35,23.11,0.24,-0.49,6,wet
MYD11A2.A2019169.h18v07.061.2020355045446,2019-06-18,aqua,Aqua 13:30,1.0,0.985,38.35,40.03,-1.68,0.22,6,wet
MOD11A2.A2019169.h18v07.061.2020355044437,2019-06-18,terra,Terra 10:30,1.0,1.0,37.21,36.33,0.88,-0.75,6,wet
MOD11A2.A2019169.h18v07.061.2020355044437,2019-06-18,terra,Terra 22:30,1.0,1.0,24.21,24.03,0.18,-0.38,6,wet
MYD11A2.A2019177.h18v07.061.2020355123921,2019-06-26,aqua,Aqua 01:30,0.179,0.025,,,,,6,wet
MYD11A2.A2019177.h18v07.061.2020355123921,2019-06-26,aqua,Aqua 13:30,0.967,0.98,35.63,34.27,1.36,-0.92,6,wet
MOD11A2.A2019177.h18v07.061.2020355121950,2019-06-26,terra,Terra 10:30,1.0,0.999,34.32,32.13,2.19,-0.81,6,wet
MOD11A2.A2019177.h18v07.061.2020355121950,2019-06-26,terra,Terra 22:30,1.0,1.0,24.21,24.15,0.06,-0.69,6,wet
MYD11A2.A2019185.h18v07.061.2020355210117,2019-07-04,aqua,Aqua 01:30,0.115,0.283,,,,,7,wet
MYD11A2.A2019185.h18v07.061.2020355210117,2019-07-04,aqua,Aqua 13:30,0.268,0.568,,,,,7,wet
MOD11A2.A2019185.h18v07.061.2020355204634,2019-07-04,terra,Terra 10:30,0.016,0.279,,,,,7,wet
MOD11A2.A2019185.h18v07.061.2020355204634,2019-07-04,terra,Terra 22:30,0.0,0.024,,,,,7,wet
MYD11A2.A2019193.h18v07.061.2020356103120,2019-07-12,aqua,Aqua 01:30,1.0,1.0,20.99,20.99,0.0,-0.42,7,wet
MYD11A2.A2019193.h18v07.061.2020356103120,2019-07-12,aqua,Aqua 13:30,0.981,1.0,30.47,29.27,1.2,-2.97,7,wet
MOD11A2.A2019193.h18v07.061.2020356091601,2019-07-12,terra,Terra 10:30,1.0,1.0,31.73,30.39,1.34,-3.17,7,wet
MOD11A2.A2019193.h18v07.061.2020356091601,2019-07-12,terra,Terra 22:30,1.0,1.0,24.31,24.11,0.2,-0.69,7,wet
MYD11A2.A2019201.h18v07.061.2020356225521,2019-07-20,aqua,Aqua 01:30,0.923,0.983,21.67,21.81,-0.14,-0.31,7,wet
MYD11A2.A2019201.h18v07.061.2020356225521,2019-07-20,aqua,Aqua 13:30,0.958,0.996,33.24,31.85,1.39,-3.59,7,wet
MOD11A2.A2019201.h18v07.061.2020356191103,2019-07-20,terra,Terra 10:30,0.997,1.0,30.65,28.97,1.68,-3.18,7,wet
MOD11A2.A2019201.h18v07.061.2020356191103,2019-07-20,terra,Terra 22:30,0.232,0.253,,,,,7,wet
MYD11A2.A2019209.h18v07.061.2020357150356,2019-07-28,aqua,Aqua 01:30,0.193,0.041,,,,,7,wet
MYD11A2.A2019209.h18v07.061.2020357150356,2019-07-28,aqua,Aqua 13:30,0.634,0.811,,,,,7,wet
MOD11A2.A2019209.h18v07.061.2020357111448,2019-07-28,terra,Terra 10:30,0.657,0.835,,,,,7,wet
MOD11A2.A2019209.h18v07.061.2020357111448,2019-07-28,terra,Terra 22:30,1.0,0.993,23.31,23.49,-0.18,-0.01,7,wet
MYD11A2.A2019217.h18v07.061.2020358004059,2019-08-05,aqua,Aqua 01:30,0.988,0.739,,,,,8,wet
MYD11A2.A2019217.h18v07.061.2020358004059,2019-08-05,aqua,Aqua 13:30,0.603,0.765,,,,,8,wet
MOD11A2.A2019217.h18v07.061.2020357205541,2019-08-05,terra,Terra 10:30,0.099,0.442,,,,,8,wet
MOD11A2.A2019217.h18v07.061.2020357205541,2019-08-05,terra,Terra 22:30,0.625,0.585,,,,,8,wet
MYD11A2.A2019225.h18v07.061.2020358135443,2019-08-13,aqua,Aqua 01:30,0.0,0.0,,,,,8,wet
MYD11A2.A2019225.h18v07.061.2020358135443,2019-08-13,aqua,Aqua 13:30,0.0,0.19,,,,,8,wet
MOD11A2.A2019225.h18v07.061.2020358075316,2019-08-13,terra,Terra 10:30,0.941,0.726,,,,,8,wet
MOD11A2.A2019225.h18v07.061.2020358075316,2019-08-13,terra,Terra 22:30,0.0,0.012,,,,,8,wet
MYD11A2.A2019233.h18v07.061.2020359025914,2019-08-21,aqua,Aqua 01:30,0.0,0.022,,,,,8,wet
MYD11A2.A2019233.h18v07.061.2020359025914,2019-08-21,aqua,Aqua 13:30,0.051,0.201,,,,,8,wet
MOD11A2.A2019233.h18v07.061.2020358225737,2019-08-21,terra,Terra 10:30,0.0,0.0,,,,,8,wet
MOD11A2.A2019233.h18v07.061.2020358225737,2019-08-21,terra,Terra 22:30,0.0,0.0,,,,,8,wet
MYD11A2.A2019241.h18v07.061.2020360170115,2019-08-29,aqua,Aqua 01:30,0.535,0.738,,,,,8,wet
MYD11A2.A2019241.h18v07.061.2020360170115,2019-08-29,aqua,Aqua 13:30,0.894,0.981,34.73,33.69,1.04,-3.72,8,wet
MOD11A2.A2019241.h18v07.061.2020359104004,2019-08-29,terra,Terra 10:30,0.11,0.431,,,,,8,wet
MOD11A2.A2019241.h18v07.061.2020359104004,2019-08-29,terra,Terra 22:30,0.967,0.979,22.65,22.93,-0.28,-1.21,8,wet
MYD11A2.A2019249.h18v07.061.2020361052833,2019-09-06,aqua,Aqua 01:30,0.948,0.962,21.69,22.19,-0.5,0.39,9,wet
MYD11A2.A2019249.h18v07.061.2020361052833,2019-09-06,aqua,Aqua 13:30,0.958,0.973,35.61,33.35,2.26,-4.3,9,wet
MOD11A2.A2019249.h18v07.061.2020360030208,2019-09-06,terra,Terra 10:30,0.601,0.934,,,,,9,wet
MOD11A2.A2019249.h18v07.061.2020360030208,2019-09-06,terra,Terra 22:30,0.927,0.786,,,,,9,wet
MYD11A2.A2019257.h18v07.061.2020362182652,2019-09-14,aqua,Aqua 01:30,0.007,0.234,,,,,9,wet
MYD11A2.A2019257.h18v07.061.2020362182652,2019-09-14,aqua,Aqua 13:30,0.922,1.0,37.47,35.13,2.34,-4.23,9,wet
MOD11A2.A2019257.h18v07.061.2020360152405,2019-09-14,terra,Terra 10:30,0.972,1.0,33.39,31.27,2.12,-3.72,9,wet
MOD11A2.A2019257.h18v07.061.2020360152405,2019-09-14,terra,Terra 22:30,0.998,0.824,23.29,23.05,0.24,-0.83,9,wet
MYD11A2.A2019265.h18v07.061.2020363062632,2019-09-22,aqua,Aqua 01:30,0.709,0.987,,,,,9,wet
MYD11A2.A2019265.h18v07.061.2020363062632,2019-09-22,aqua,Aqua 13:30,0.976,1.0,36.93,35.11,1.82,-1.99,9,wet
MOD11A2.A2019265.h18v07.061.2020361213939,2019-09-22,terra,Terra 10:30,0.953,1.0,32.19,30.69,1.5,-3.29,9,wet
MOD11A2.A2019265.h18v07.061.2020361213939,2019-09-22,terra,Terra 22:30,1.0,1.0,23.17,22.65,0.52,-0.98,9,wet
MYD11A2.A2019273.h18v07.061.2020363203219,2019-09-30,aqua,Aqua 01:30,0.0,0.0,,,,,9,wet
MYD11A2.A2019273.h18v07.061.2020363203219,2019-09-30,aqua,Aqua 13:30,0.923,0.944,38.8,37.25,1.55,-2.44,9,wet
MOD11A2.A2019273.h18v07.061.2020362083445,2019-09-30,terra,Terra 10:30,0.941,0.95,35.74,34.19,1.55,-2.97,9,wet
MOD11A2.A2019273.h18v07.061.2020362083445,2019-09-30,terra,Terra 22:30,1.0,0.999,22.49,22.77,-0.28,0.02,9,wet
MYD11A2.A2019281.h18v07.061.2020364111815,2019-10-08,aqua,Aqua 01:30,1.0,1.0,21.25,20.97,0.28,-0.52,10,transition
MYD11A2.A2019281.h18v07.061.2020364111815,2019-10-08,aqua,Aqua 13:30,0.92,0.99,33.73,31.81,1.92,-3.45,10,transition
MOD11A2.A2019281.h18v07.061.2020364113225,2019-10-08,terra,Terra 10:30,1.0,1.0,34.08,31.51,2.57,-4.06,10,transition
MOD11A2.A2019281.h18v07.061.2020364113225,2019-10-08,terra,Terra 22:30,1.0,1.0,22.71,22.09,0.62,-1.2,10,transition
MYD11A2.A2019289.h18v07.061.2020365021710,2019-10-16,aqua,Aqua 01:30,0.091,0.149,,,,,10,transition
MYD11A2.A2019289.h18v07.061.2020365021710,2019-10-16,aqua,Aqua 13:30,0.995,1.0,37.33,35.37,1.96,-3.0,10,transition
MOD11A2.A2019289.h18v07.061.2020365025255,2019-10-16,terra,Terra 10:30,1.0,1.0,35.53,32.21,3.32,-2.89,10,transition
MOD11A2.A2019289.h18v07.061.2020365025255,2019-10-16,terra,Terra 22:30,1.0,1.0,21.61,20.91,0.7,-1.47,10,transition
MYD11A2.A2019297.h18v07.061.2020365203903,2019-10-24,aqua,Aqua 01:30,0.479,0.426,,,,,10,transition
MYD11A2.A2019297.h18v07.061.2020365203903,2019-10-24,aqua,Aqua 13:30,1.0,0.95,41.85,37.89,3.96,-2.27,10,transition
MOD11A2.A2019297.h18v07.061.2020365223854,2019-10-24,terra,Terra 10:30,0.969,0.953,35.29,34.17,1.12,-1.78,10,transition
MOD11A2.A2019297.h18v07.061.2020365223854,2019-10-24,terra,Terra 22:30,0.643,0.745,,,,,10,transition
MYD11A2.A2019305.h18v07.061.2020366080735,2019-11-01,aqua,Aqua 01:30,1.0,1.0,16.88,16.05,0.83,-2.29,11,harmattan
MYD11A2.A2019305.h18v07.061.2020366080735,2019-11-01,aqua,Aqua 13:30,1.0,1.0,41.58,39.51,2.07,-1.62,11,harmattan
MOD11A2.A2019305.h18v07.061.2020366080007,2019-11-01,terra,Terra 10:30,1.0,1.0,37.33,35.57,1.76,-1.0,11,harmattan
MOD11A2.A2019305.h18v07.061.2020366080007,2019-11-01,terra,Terra 22:30,1.0,1.0,19.24,18.11,1.13,-2.2,11,harmattan
MYD11A2.A2019313.h18v07.061.2020366201658,2019-11-09,aqua,Aqua 01:30,1.0,1.0,17.64,16.57,1.07,-2.48,11,harmattan
MYD11A2.A2019313.h18v07.061.2020366201658,2019-11-09,aqua,Aqua 13:30,1.0,1.0,40.02,39.01,1.01,-1.36,11,harmattan
MOD11A2.A2019313.h18v07.061.2020366184628,2019-11-09,terra,Terra 10:30,1.0,1.0,39.0,37.93,1.07,-0.93,11,harmattan
MOD11A2.A2019313.h18v07.061.2020366184628,2019-11-09,terra,Terra 22:30,1.0,1.0,18.93,17.17,1.76,-2.09,11,harmattan
MYD11A2.A2019321.h18v07.061.2021001050002,2019-11-17,aqua,Aqua 01:30,1.0,1.0,16.02,14.55,1.47,-3.51,11,harmattan
MYD11A2.A2019321.h18v07.061.2021001050002,2019-11-17,aqua,Aqua 13:30,1.0,1.0,40.09,40.57,-0.48,0.15,11,harmattan
MOD11A2.A2019321.h18v07.061.2021001041856,2019-11-17,terra,Terra 10:30,1.0,1.0,39.22,38.95,0.27,-0.03,11,harmattan
MOD11A2.A2019321.h18v07.061.2021001041856,2019-11-17,terra,Terra 22:30,1.0,1.0,18.47,17.13,1.34,-1.78,11,harmattan
MYD11A2.A2019329.h18v07.061.2021001131203,2019-11-25,aqua,Aqua 01:30,1.0,1.0,15.93,14.07,1.86,-3.2,11,harmattan
MYD11A2.A2019329.h18v07.061.2021001131203,2019-11-25,aqua,Aqua 13:30,1.0,1.0,41.91,41.97,-0.06,-0.05,11,harmattan
MOD11A2.A2019329.h18v07.061.2021001124341,2019-11-25,terra,Terra 10:30,1.0,1.0,37.63,37.65,-0.02,0.07,11,harmattan
MOD11A2.A2019329.h18v07.061.2021001124341,2019-11-25,terra,Terra 22:30,1.0,1.0,18.33,16.47,1.86,-2.43,11,harmattan
MYD11A2.A2019337.h18v07.061.2021002001017,2019-12-03,aqua,Aqua 01:30,1.0,1.0,13.69,11.55,2.14,-2.95,12,harmattan
MYD11A2.A2019337.h18v07.061.2021002001017,2019-12-03,aqua,Aqua 13:30,1.0,1.0,39.5,39.69,-0.19,0.29,12,harmattan
MOD11A2.A2019337.h18v07.061.2021001223526,2019-12-03,terra,Terra 10:30,1.0,1.0,34.18,34.45,-0.27,-0.19,12,harmattan
MOD11A2.A2019337.h18v07.061.2021001223526,2019-12-03,terra,Terra 22:30,0.997,0.993,16.08,13.89,2.19,-2.22,12,harmattan
MYD11A2.A2019345.h18v07.061.2021002202130,2019-12-11,aqua,Aqua 01:30,0.997,1.0,13.93,11.87,2.06,-2.37,12,harmattan
MYD11A2.A2019345.h18v07.061.2021002202130,2019-12-11,aqua,Aqua 13:30,1.0,1.0,37.14,37.77,-0.63,0.34,12,harmattan
MOD11A2.A2019345.h18v07.061.2021002170056,2019-12-11,terra,Terra 10:30,1.0,1.0,33.79,34.09,-0.3,0.21,12,harmattan
MOD11A2.A2019345.h18v07.061.2021002170056,2019-12-11,terra,Terra 22:30,1.0,1.0,15.99,14.07,1.92,-1.98,12,harmattan
MYD11A2.A2019353.h18v07.061.2021003054202,2019-12-19,aqua,Aqua 01:30,0.986,0.989,12.89,10.77,2.12,-2.57,12,harmattan
MYD11A2.A2019353.h18v07.061.2021003054202,2019-12-19,aqua,Aqua 13:30,1.0,1.0,37.99,38.55,-0.56,0.62,12,harmattan
MOD11A2.A2019353.h18v07.061.2021003015334,2019-12-19,terra,Terra 10:30,1.0,1.0,33.43,33.71,-0.28,0.21,12,harmattan
MOD11A2.A2019353.h18v07.061.2021003015334,2019-12-19,terra,Terra 22:30,0.953,0.933,15.01,12.73,2.28,-2.29,12,harmattan
MYD11A2.A2019361.h18v07.061.2021003134404,2019-12-27,aqua,Aqua 01:30,0.998,1.0,11.69,9.03,2.66,-3.05,12,harmattan
MYD11A2.A2019361.h18v07.061.2021003134404,2019-12-27,aqua,Aqua 13:30,1.0,1.0,36.79,37.59,-0.8,0.53,12,harmattan
MOD11A2.A2019361.h18v07.061.2021003112427,2019-12-27,terra,Terra 10:30,1.0,1.0,31.07,31.21,-0.14,-0.05,12,harmattan
MOD11A2.A2019361.h18v07.061.2021003112427,2019-12-27,terra,Terra 22:30,0.997,0.988,13.58,11.47,2.11,-2.24,12,harmattan
MYD11A2.A2020001.h18v07.061.2021005131822,2020-01-01,aqua,Aqua 01:30,1.0,1.0,11.1,9.35,1.75,-1.3,1,harmattan
MYD11A2.A2020001.h18v07.061.2021005131822,2020-01-01,aqua,Aqua 13:30,1.0,1.0,32.62,33.61,-0.99,0.7,1,harmattan
MOD11A2.A2020001.h18v07.061.2021005131830,2020-01-01,terra,Terra 10:30,1.0,1.0,28.23,28.43,-0.2,0.17,1,harmattan
MOD11A2.A2020001.h18v07.061.2021005131830,2020-01-01,terra,Terra 22:30,1.0,1.0,12.54,11.21,1.33,-1.5,1,harmattan
MYD11A2.A2020009.h18v07.061.2021005132621,2020-01-09,aqua,Aqua 01:30,0.901,0.746,,,,,1,harmattan
MYD11A2.A2020009.h18v07.061.2021005132621,2020-01-09,aqua,Aqua 13:30,1.0,1.0,37.77,38.39,-0.62,0.39,1,harmattan
MOD11A2.A2020009.h18v07.061.2021005132609,2020-01-09,terra,Terra 10:30,1.0,1.0,32.15,32.69,-0.54,0.22,1,harmattan
MOD11A2.A2020009.h18v07.061.2021005132609,2020-01-09,terra,Terra 22:30,1.0,0.99,17.74,16.09,1.65,-1.67,1,harmattan
MYD11A2.A2020017.h18v07.061.2021005133417,2020-01-17,aqua,Aqua 01:30,0.479,0.357,,,,,1,harmattan
MYD11A2.A2020017.h18v07.061.2021005133417,2020-01-17,aqua,Aqua 13:30,1.0,1.0,32.89,33.29,-0.4,0.42,1,harmattan
MOD11A2.A2020017.h18v07.061.2021005133419,2020-01-17,terra,Terra 10:30,1.0,1.0,29.39,29.73,-0.34,0.25,1,harmattan
MOD11A2.A2020017.h18v07.061.2021005133419,2020-01-17,terra,Terra 22:30,0.972,0.918,13.91,12.01,1.9,-2.32,1,harmattan
MYD11A2.A2020025.h18v07.061.2021005134152,2020-01-25,aqua,Aqua 01:30,0.951,0.805,12.07,10.21,1.86,-2.32,1,harmattan
MYD11A2.A2020025.h18v07.061.2021005134152,2020-01-25,aqua,Aqua 13:30,1.0,1.0,35.17,34.83,0.34,-0.11,1,harmattan
MOD11A2.A2020025.h18v07.061.2021005134224,2020-01-25,terra,Terra 10:30,1.0,1.0,30.35,30.43,-0.08,0.07,1,harmattan
MOD11A2.A2020025.h18v07.061.2021005134224,2020-01-25,terra,Terra 22:30,0.976,0.937,14.85,12.81,2.04,-2.33,1,harmattan
MYD11A2.A2020033.h18v07.061.2021005140459,2020-02-02,aqua,Aqua 01:30,0.918,0.804,12.59,9.87,2.72,-3.35,2,harmattan
MYD11A2.A2020033.h18v07.061.2021005140459,2020-02-02,aqua,Aqua 13:30,1.0,1.0,38.52,39.37,-0.85,0.48,2,harmattan
MOD11A2.A2020033.h18v07.061.2021005135310,2020-02-02,terra,Terra 10:30,1.0,1.0,32.47,32.85,-0.38,0.05,2,harmattan
MOD11A2.A2020033.h18v07.061.2021005135310,2020-02-02,terra,Terra 22:30,1.0,0.987,14.52,12.65,1.87,-2.8,2,harmattan
MYD11A2.A2020041.h18v07.061.2021006000040,2020-02-10,aqua,Aqua 01:30,0.962,0.994,10.05,8.85,1.2,-3.17,2,harmattan
MYD11A2.A2020041.h18v07.061.2021006000040,2020-02-10,aqua,Aqua 13:30,1.0,1.0,37.49,38.17,-0.68,0.58,2,harmattan
MOD11A2.A2020041.h18v07.061.2021005215058,2020-02-10,terra,Terra 10:30,1.0,1.0,31.61,31.23,0.38,-0.13,2,harmattan
MOD11A2.A2020041.h18v07.061.2021005215058,2020-02-10,terra,Terra 22:30,1.0,0.996,13.77,12.03,1.74,-2.14,2,harmattan
MYD11A2.A2020049.h18v07.061.2021006162449,2020-02-18,aqua,Aqua 01:30,0.707,0.42,,,,,2,harmattan
MYD11A2.A2020049.h18v07.061.2021006162449,2020-02-18,aqua,Aqua 13:30,1.0,1.0,36.72,37.33,-0.61,0.18,2,harmattan
MOD11A2.A2020049.h18v07.061.2021006143008,2020-02-18,terra,Terra 10:30,1.0,1.0,31.39,31.31,0.08,-0.48,2,harmattan
MOD11A2.A2020049.h18v07.061.2021006143008,2020-02-18,terra,Terra 22:30,0.998,0.919,18.89,17.87,1.02,-1.32,2,harmattan
MYD11A2.A2020057.h18v07.061.2021011155759,2020-02-26,aqua,Aqua 01:30,0.732,0.49,,,,,2,harmattan
MYD11A2.A2020057.h18v07.061.2021011155759,2020-02-26,aqua,Aqua 13:30,1.0,1.0,38.39,37.91,0.48,-0.08,2,harmattan
MOD11A2.A2020057.h18v07.061.2021011155811,2020-02-26,terra,Terra 10:30,1.0,1.0,32.71,33.19,-0.48,-0.24,2,harmattan
MOD11A2.A2020057.h18v07.061.2021011155811,2020-02-26,terra,Terra 22:30,0.993,0.974,18.06,15.93,2.13,-1.7,2,harmattan
MYD11A2.A2020065.h18v07.061.2021011160903,2020-03-05,aqua,Aqua 01:30,0.897,0.761,,,,,3,hot
MYD11A2.A2020065.h18v07.061.2021011160903,2020-03-05,aqua,Aqua 13:30,1.0,1.0,43.37,43.95,-0.58,0.69,3,hot
MOD11A2.A2020065.h18v07.061.2021011160920,2020-03-05,terra,Terra 10:30,1.0,1.0,38.64,38.97,-0.33,0.39,3,hot
MOD11A2.A2020065.h18v07.061.2021011160920,2020-03-05,terra,Terra 22:30,0.997,0.99,20.29,18.75,1.54,-1.96,3,hot
MYD11A2.A2020073.h18v07.061.2021011162101,2020-03-13,aqua,Aqua 01:30,0.868,0.574,,,,,3,hot
MYD11A2.A2020073.h18v07.061.2021011162101,2020-03-13,aqua,Aqua 13:30,1.0,1.0,46.41,47.17,-0.76,0.25,3,hot
MOD11A2.A2020073.h18v07.061.2021011162104,2020-03-13,terra,Terra 10:30,1.0,1.0,38.37,38.49,-0.12,-0.11,3,hot
MOD11A2.A2020073.h18v07.061.2021011162104,2020-03-13,terra,Terra 22:30,0.998,0.969,16.99,14.64,2.35,-2.53,3,hot
MYD11A2.A2020081.h18v07.061.2021011163056,2020-03-21,aqua,Aqua 01:30,1.0,1.0,21.09,19.73,1.36,-2.02,3,hot
MYD11A2.A2020081.h18v07.061.2021011163056,2020-03-21,aqua,Aqua 13:30,1.0,1.0,44.93,45.59,-0.66,0.11,3,hot
MOD11A2.A2020081.h18v07.061.2021011163057,2020-03-21,terra,Terra 10:30,1.0,1.0,41.01,41.49,-0.48,0.86,3,hot
MOD11A2.A2020081.h18v07.061.2021011163057,2020-03-21,terra,Terra 22:30,1.0,1.0,21.78,20.53,1.25,-1.7,3,hot
MYD11A2.A2020089.h18v07.061.2021011164026,2020-03-29,aqua,Aqua 01:30,1.0,0.955,17.97,16.49,1.48,-1.51,3,hot
MYD11A2.A2020089.h18v07.061.2021011164026,2020-03-29,aqua,Aqua 13:30,1.0,1.0,46.55,46.65,-0.1,-0.2,3,hot
MOD11A2.A2020089.h18v07.061.2021011164050,2020-03-29,terra,Terra 10:30,1.0,1.0,39.4,38.99,0.41,0.27,3,hot
MOD11A2.A2020089.h18v07.061.2021011164050,2020-03-29,terra,Terra 22:30,1.0,1.0,23.57,21.95,1.62,-2.77,3,hot
MYD11A2.A2020097.h18v07.061.2021011165020,2020-04-06,aqua,Aqua 01:30,0.923,0.821,21.85,19.85,2.0,-2.61,4,hot
MYD11A2.A2020097.h18v07.061.2021011165020,2020-04-06,aqua,Aqua 13:30,0.868,0.909,40.09,41.39,-1.3,1.27,4,hot
MOD11A2.A2020097.h18v07.061.2021011165033,2020-04-06,terra,Terra 10:30,1.0,1.0,37.45,37.21,0.24,0.08,4,hot
MOD11A2.A2020097.h18v07.061.2021011165033,2020-04-06,terra,Terra 22:30,1.0,1.0,24.13,23.35,0.78,-1.03,4,hot
MYD11A2.A2020105.h18v07.061.2021011165937,2020-04-14,aqua,Aqua 01:30,1.0,1.0,20.91,19.23,1.68,-1.89,4,hot
MYD11A2.A2020105.h18v07.061.2021011165937,2020-04-14,aqua,Aqua 13:30,1.0,1.0,44.02,44.43,-0.41,0.34,4,hot
MOD11A2.A2020105.h18v07.061.2021011170031,2020-04-14,terra,Terra 10:30,1.0,1.0,39.9,40.13,-0.23,-0.62,4,hot
MOD11A2.A2020105.h18v07.061.2021011170031,2020-04-14,terra,Terra 22:30,1.0,1.0,22.47,21.19,1.28,-1.75,4,hot
MYD11A2.A2020113.h18v07.061.2021011170957,2020-04-22,aqua,Aqua 01:30,1.0,1.0,21.77,21.17,0.6,-2.15,4,hot
MYD11A2.A2020113.h18v07.061.2021011170957,2020-04-22,aqua,Aqua 13:30,1.0,1.0,44.11,43.75,0.36,-0.14,4,hot
MOD11A2.A2020113.h18v07.061.2021011171032,2020-04-22,terra,Terra 10:30,1.0,1.0,38.99,39.55,-0.56,0.93,4,hot
MOD11A2.A2020113.h18v07.061.2021011171032,2020-04-22,terra,Terra 22:30,1.0,1.0,23.59,22.21,1.38,-1.55,4,hot
MYD11A2.A2020121.h18v07.061.2021011172316,2020-04-30,aqua,Aqua 01:30,1.0,1.0,21.67,20.65,1.02,-1.61,4,hot
MYD11A2.A2020121.h18v07.061.2021011172316,2020-04-30,aqua,Aqua 13:30,1.0,1.0,44.69,44.87,-0.18,0.31,4,hot
MOD11A2.A2020121.h18v07.061.2021011172053,2020-04-30,terra,Terra 10:30,1.0,1.0,38.77,41.37,-2.6,0.83,4,hot
MOD11A2.A2020121.h18v07.061.2021011172053,2020-04-30,terra,Terra 22:30,1.0,1.0,24.75,23.97,0.78,-1.81,4,hot
MYD11A2.A2020129.h18v07.061.2021011173305,2020-05-08,aqua,Aqua 01:30,1.0,1.0,24.93,24.59,0.34,-0.69,5,hot
MYD11A2.A2020129.h18v07.061.2021011173305,2020-05-08,aqua,Aqua 13:30,1.0,1.0,48.08,48.77,-0.69,2.07,5,hot
MOD11A2.A2020129.h18v07.061.2021011173251,2020-05-08,terra,Terra 10:30,1.0,1.0,44.55,45.13,-0.58,0.59,5,hot
MOD11A2.A2020129.h18v07.061.2021011173251,2020-05-08,terra,Terra 22:30,1.0,1.0,26.19,25.77,0.42,-0.88,5,hot
MYD11A2.A2020137.h18v07.061.2021011174325,2020-05-16,aqua,Aqua 01:30,1.0,1.0,22.73,22.39,0.34,-0.6,5,hot
MYD11A2.A2020137.h18v07.061.2021011174325,2020-05-16,aqua,Aqua 13:30,1.0,0.999,43.44,44.98,-1.54,1.35,5,hot
MOD11A2.A2020137.h18v07.061.2021011174342,2020-05-16,terra,Terra 10:30,1.0,0.999,38.94,38.97,-0.03,-0.26,5,hot
MOD11A2.A2020137.h18v07.061.2021011174342,2020-05-16,terra,Terra 22:30,1.0,1.0,24.93,24.95,-0.02,-0.75,5,hot
MYD11A2.A2020145.h18v07.061.2021011175406,2020-05-24,aqua,Aqua 01:30,1.0,0.954,21.14,20.43,0.71,-0.92,5,hot
MYD11A2.A2020145.h18v07.061.2021011175406,2020-05-24,aqua,Aqua 13:30,1.0,0.996,43.18,43.31,-0.13,0.17,5,hot
MOD11A2.A2020145.h18v07.061.2021011175354,2020-05-24,terra,Terra 10:30,0.993,0.995,36.54,38.05,-1.51,0.39,5,hot
MOD11A2.A2020145.h18v07.061.2021011175354,2020-05-24,terra,Terra 22:30,0.814,0.623,,,,,5,hot
MYD11A2.A2020153.h18v07.061.2021011180506,2020-06-01,aqua,Aqua 01:30,1.0,1.0,23.29,22.53,0.76,-1.59,6,wet
MYD11A2.A2020153.h18v07.061.2021011180506,2020-06-01,aqua,Aqua 13:30,1.0,1.0,40.71,40.81,-0.1,0.19,6,wet
MOD11A2.A2020153.h18v07.061.2021011180550,2020-06-01,terra,Terra 10:30,1.0,0.998,36.69,36.01,0.68,-0.41,6,wet
MOD11A2.A2020153.h18v07.061.2021011180550,2020-06-01,terra,Terra 22:30,1.0,1.0,25.36,25.31,0.05,-1.26,6,wet
MYD11A2.A2020161.h18v07.061.2021011192224,2020-06-09,aqua,Aqua 01:30,1.0,1.0,21.51,20.17,1.34,-0.6,6,wet
MYD11A2.A2020161.h18v07.061.2021011192224,2020-06-09,aqua,Aqua 13:30,0.965,0.97,39.9,39.97,-0.07,-1.56,6,wet
MOD11A2.A2020161.h18v07.061.2021011181715,2020-06-09,terra,Terra 10:30,0.998,0.999,35.65,34.65,1.0,-2.08,6,wet
MOD11A2.A2020161.h18v07.061.2021011181715,2020-06-09,terra,Terra 22:30,1.0,1.0,23.55,23.49,0.06,-1.12,6,wet
MYD11A2.A2020169.h18v07.061.2021012040743,2020-06-17,aqua,Aqua 01:30,1.0,1.0,21.97,21.73,0.24,-0.65,6,wet
MYD11A2.A2020169.h18v07.061.2021012040743,2020-06-17,aqua,Aqua 13:30,0.991,0.999,34.97,35.15,-0.18,-0.33,6,wet
MOD11A2.A2020169.h18v07.061.2021012031506,2020-06-17,terra,Terra 10:30,1.0,0.999,33.38,31.75,1.63,-1.41,6,wet
MOD11A2.A2020169.h18v07.061.2021012031506,2020-06-17,terra,Terra 22:30,1.0,1.0,22.79,22.19,0.6,-0.77,6,wet
MYD11A2.A2020177.h18v07.061.2021012124353,2020-06-25,aqua,Aqua 01:30,0.629,0.946,,,,,6,wet
MYD11A2.A2020177.h18v07.061.2021012124353,2020-06-25,aqua,Aqua 13:30,0.728,0.33,,,,,6,wet
MOD11A2.A2020177.h18v07.061.2021012123746,2020-06-25,terra,Terra 10:30,0.93,0.775,,,,,6,wet
MOD11A2.A2020177.h18v07.061.2021012123746,2020-06-25,terra,Terra 22:30,1.0,1.0,21.23,20.93,0.3,-0.22,6,wet
MYD11A2.A2020185.h18v07.061.2021012191737,2020-07-03,aqua,Aqua 01:30,0.984,0.99,23.29,23.07,0.22,-0.59,7,wet
MYD11A2.A2020185.h18v07.061.2021012191737,2020-07-03,aqua,Aqua 13:30,0.997,0.963,37.89,35.83,2.06,-2.35,7,wet
MOD11A2.A2020185.h18v07.061.2021012190327,2020-07-03,terra,Terra 10:30,1.0,1.0,32.68,30.33,2.35,-2.27,7,wet
MOD11A2.A2020185.h18v07.061.2021012190327,2020-07-03,terra,Terra 22:30,0.0,0.0,,,,,7,wet
MYD11A2.A2020193.h18v07.061.2021013012148,2020-07-11,aqua,Aqua 01:30,0.225,0.458,,,,,7,wet
MYD11A2.A2020193.h18v07.061.2021013012148,2020-07-11,aqua,Aqua 13:30,0.071,0.053,,,,,7,wet
MOD11A2.A2020193.h18v07.061.2021013005824,2020-07-11,terra,Terra 10:30,0.472,0.243,,,,,7,wet
MOD11A2.A2020193.h18v07.061.2021013005824,2020-07-11,terra,Terra 22:30,0.645,0.735,,,,,7,wet
MYD11A2.A2020201.h18v07.061.2021013150213,2020-07-19,aqua,Aqua 01:30,0.962,0.822,21.75,21.69,0.06,-0.37,7,wet
MYD11A2.A2020201.h18v07.061.2021013150213,2020-07-19,aqua,Aqua 13:30,0.946,0.829,36.11,35.23,0.88,-2.55,7,wet
MOD11A2.A2020201.h18v07.061.2021013150213,2020-07-19,terra,Terra 10:30,0.537,0.661,,,,,7,wet
MOD11A2.A2020201.h18v07.061.2021013150213,2020-07-19,terra,Terra 22:30,0.434,0.391,,,,,7,wet
MYD11A2.A2020209.h18v07.061.2021013152013,2020-07-27,aqua,Aqua 01:30,0.0,0.0,,,,,7,wet
MYD11A2.A2020209.h18v07.061.2021013152013,2020-07-27,aqua,Aqua 13:30,0.258,0.185,,,,,7,wet
MOD11A2.A2020209.h18v07.061.2021013152030,2020-07-27,terra,Terra 10:30,0.686,0.718,,,,,7,wet
MOD11A2.A2020209.h18v07.061.2021013152030,2020-07-27,terra,Terra 22:30,0.455,0.453,,,,,7,wet
MYD11A2.A2020217.h18v07.061.2021013233158,2020-08-04,aqua,Aqua 01:30,0.0,0.0,,,,,8,wet
MYD11A2.A2020217.h18v07.061.2021013233158,2020-08-04,aqua,Aqua 13:30,0.066,0.274,,,,,8,wet
MOD11A2.A2020217.h18v07.061.2021013224224,2020-08-04,terra,Terra 10:30,0.0,0.009,,,,,8,wet
MOD11A2.A2020217.h18v07.061.2021013224224,2020-08-04,terra,Terra 22:30,0.064,0.082,,,,,8,wet
MYD11A2.A2020225.h18v07.061.2021014061236,2020-08-12,aqua,Aqua 01:30,0.0,0.022,,,,,8,wet
MYD11A2.A2020225.h18v07.061.2021014061236,2020-08-12,aqua,Aqua 13:30,0.033,0.047,,,,,8,wet
MOD11A2.A2020225.h18v07.061.2021014054535,2020-08-12,terra,Terra 10:30,0.592,0.627,,,,,8,wet
MOD11A2.A2020225.h18v07.061.2021014054535,2020-08-12,terra,Terra 22:30,0.042,0.385,,,,,8,wet
MOD11A2.A2020233.h18v07.061.2021014122653,2020-08-20,terra,Terra 10:30,0.899,0.94,32.69,29.49,3.2,-4.68,8,wet
MOD11A2.A2020233.h18v07.061.2021014122653,2020-08-20,terra,Terra 22:30,0.923,0.8,,,,,8,wet
MYD11A2.A2020241.h18v07.061.2021014172329,2020-08-28,aqua,Aqua 01:30,0.0,0.0,,,,,8,wet
MYD11A2.A2020241.h18v07.061.2021014172329,2020-08-28,aqua,Aqua 13:30,0.0,0.0,,,,,8,wet
MOD11A2.A2020241.h18v07.061.2021014192002,2020-08-28,terra,Terra 10:30,0.918,0.812,31.33,29.77,1.56,-3.87,8,wet
MOD11A2.A2020241.h18v07.061.2021014192002,2020-08-28,terra,Terra 22:30,0.078,0.191,,,,,8,wet
MYD11A2.A2020249.h18v07.061.2021015003935,2020-09-05,aqua,Aqua 01:30,0.549,0.437,,,,,9,wet
MYD11A2.A2020249.h18v07.061.2021015003935,2020-09-05,aqua,Aqua 13:30,0.416,0.82,,,,,9,wet
MOD11A2.A2020249.h18v07.061.2021015025212,2020-09-05,terra,Terra 10:30,0.998,1.0,31.35,30.07,1.28,-3.77,9,wet
MOD11A2.A2020249.h18v07.061.2021015025212,2020-09-05,terra,Terra 22:30,1.0,1.0,20.99,21.47,-0.48,0.07,9,wet
MYD11A2.A2020257.h18v07.061.2021015070108,2020-09-13,aqua,Aqua 01:30,0.453,0.288,,,,,9,wet
MYD11A2.A2020257.h18v07.061.2021015070108,2020-09-13,aqua,Aqua 13:30,0.991,1.0,36.43,32.91,3.52,-5.67,9,wet
MOD11A2.A2020257.h18v07.061.2021015092018,2020-09-13,terra,Terra 10:30,1.0,1.0,34.05,32.47,1.58,-4.22,9,wet
MOD11A2.A2020257.h18v07.061.2021015092018,2020-09-13,terra,Terra 22:30,0.984,0.736,,,,,9,wet
MYD11A2.A2020265.h18v07.061.2021015140026,2020-09-21,aqua,Aqua 01:30,1.0,0.977,21.03,20.93,0.1,-0.35,9,wet
MYD11A2.A2020265.h18v07.061.2021015140026,2020-09-21,aqua,Aqua 13:30,0.892,0.993,31.8,29.79,2.01,-4.53,9,wet
MOD11A2.A2020265.h18v07.061.2021017030824,2020-09-21,terra,Terra 10:30,0.977,0.992,28.63,27.15,1.48,-3.76,9,wet
MOD11A2.A2020265.h18v07.061.2021017030824,2020-09-21,terra,Terra 22:30,1.0,1.0,22.63,22.53,0.1,-0.56,9,wet
MYD11A2.A2020273.h18v07.061.2021017075606,2020-09-29,aqua,Aqua 01:30,1.0,1.0,21.47,21.75,-0.28,-0.32,9,wet
MYD11A2.A2020273.h18v07.061.2021017075606,2020-09-29,aqua,Aqua 13:30,0.578,0.933,,,,,9,wet
MOD11A2.A2020273.h18v07.061.2021017092105,2020-09-29,terra,Terra 10:30,1.0,1.0,32.61,30.81,1.8,-4.0,9,wet
MOD11A2.A2020273.h18v07.061.2021017092105,2020-09-29,terra,Terra 22:30,1.0,1.0,23.37,23.17,0.2,-0.69,9,wet
MYD11A2.A2020281.h18v07.061.2021017140923,2020-10-07,aqua,Aqua 01:30,1.0,1.0,22.01,21.77,0.24,-0.87,10,transition
MYD11A2.A2020281.h18v07.061.2021017140923,2020-10-07,aqua,Aqua 13:30,1.0,1.0,34.38,32.77,1.61,-3.51,10,transition
MOD11A2.A2020281.h18v07.061.2021017152937,2020-10-07,terra,Terra 10:30,1.0,1.0,32.69,31.33,1.36,-3.69,10,transition
MOD11A2.A2020281.h18v07.061.2021017152937,2020-10-07,terra,Terra 22:30,1.0,1.0,23.57,23.31,0.26,-0.96,10,transition
MYD11A2.A2020289.h18v07.061.2021017210020,2020-10-15,aqua,Aqua 01:30,1.0,1.0,19.59,18.55,1.04,-1.63,10,transition
MYD11A2.A2020289.h18v07.061.2021017210020,2020-10-15,aqua,Aqua 13:30,1.0,1.0,38.3,36.57,1.73,-3.12,10,transition
MOD11A2.A2020289.h18v07.061.2021017213255,2020-10-15,terra,Terra 10:30,1.0,1.0,35.08,33.21,1.87,-3.37,10,transition
MOD11A2.A2020289.h18v07.061.2021017213255,2020-10-15,terra,Terra 22:30,1.0,1.0,19.65,18.55,1.1,-1.35,10,transition
MYD11A2.A2020297.h18v07.061.2021018030002,2020-10-23,aqua,Aqua 01:30,1.0,1.0,17.92,16.75,1.17,-2.0,10,transition
MYD11A2.A2020297.h18v07.061.2021018030002,2020-10-23,aqua,Aqua 13:30,1.0,1.0,36.84,35.83,1.01,-2.25,10,transition
MOD11A2.A2020297.h18v07.061.2021018033528,2020-10-23,terra,Terra 10:30,1.0,1.0,33.37,32.15,1.22,-2.92,10,transition
MOD11A2.A2020297.h18v07.061.2021018033528,2020-10-23,terra,Terra 22:30,1.0,1.0,19.81,18.61,1.2,-1.64,10,transition
MYD11A2.A2020305.h18v07.061.2021018090433,2020-10-31,aqua,Aqua 01:30,1.0,1.0,17.63,16.47,1.16,-1.82,10,transition
MYD11A2.A2020305.h18v07.061.2021018090433,2020-10-31,aqua,Aqua 13:30,1.0,1.0,35.67,35.55,0.12,-1.37,10,transition
MOD11A2.A2020305.h18v07.061.2021018100811,2020-10-31,terra,Terra 10:30,1.0,1.0,31.35,30.47,0.88,-1.45,10,transition
MOD11A2.A2020305.h18v07.061.2021018100811,2020-10-31,terra,Terra 22:30,1.0,1.0,19.04,17.71,1.33,-1.71,10,transition
MYD11A2.A2020313.h18v07.061.2021018153029,2020-11-08,aqua,Aqua 01:30,1.0,1.0,16.94,15.37,1.57,-2.04,11,harmattan
MYD11A2.A2020313.h18v07.061.2021018153029,2020-11-08,aqua,Aqua 13:30,1.0,1.0,37.05,36.53,0.52,-1.39,11,harmattan
MOD11A2.A2020313.h18v07.061.2021018161602,2020-11-08,terra,Terra 10:30,1.0,1.0,34.28,33.39,0.89,-1.26,11,harmattan
MOD11A2.A2020313.h18v07.061.2021018161602,2020-11-08,terra,Terra 22:30,1.0,1.0,18.52,17.21,1.31,-1.8,11,harmattan
MYD11A2.A2020321.h18v07.061.2021018211431,2020-11-16,aqua,Aqua 01:30,1.0,1.0,16.25,14.71,1.54,-1.83,11,harmattan
MYD11A2.A2020321.h18v07.061.2021018211431,2020-11-16,aqua,Aqua 13:30,1.0,1.0,37.99,37.83,0.16,-0.75,11,harmattan
MOD11A2.A2020321.h18v07.061.2021018222306,2020-11-16,terra,Terra 10:30,1.0,1.0,34.01,33.69,0.32,-0.72,11,harmattan
MOD11A2.A2020321.h18v07.061.2021018222306,2020-11-16,terra,Terra 22:30,1.0,1.0,18.31,16.69,1.62,-1.63,11,harmattan
MYD11A2.A2020329.h18v07.061.2021019034045,2020-11-24,aqua,Aqua 01:30,1.0,1.0,15.98,14.17,1.81,-2.31,11,harmattan
MYD11A2.A2020329.h18v07.061.2021019034045,2020-11-24,aqua,Aqua 13:30,1.0,1.0,40.59,40.61,-0.02,-0.29,11,harmattan
MOD11A2.A2020329.h18v07.061.2021019040844,2020-11-24,terra,Terra 10:30,1.0,1.0,36.65,36.53,0.12,-0.53,11,harmattan
MOD11A2.A2020329.h18v07.061.2021019040844,2020-11-24,terra,Terra 22:30,1.0,1.0,18.55,16.63,1.92,-2.15,11,harmattan
MYD11A2.A2020337.h18v07.061.2021019095542,2020-12-02,aqua,Aqua 01:30,1.0,1.0,16.16,14.23,1.93,-2.88,12,harmattan
MYD11A2.A2020337.h18v07.061.2021019095542,2020-12-02,aqua,Aqua 13:30,1.0,1.0,42.14,42.65,-0.51,-0.01,12,harmattan
MOD11A2.A2020337.h18v07.061.2021019101237,2020-12-02,terra,Terra 10:30,1.0,1.0,38.51,38.71,-0.2,-0.25,12,harmattan
MOD11A2.A2020337.h18v07.061.2021019101237,2020-12-02,terra,Terra 22:30,1.0,1.0,18.08,16.01,2.07,-2.4,12,harmattan
MYD11A2.A2020345.h18v07.061.2021019210347,2020-12-10,aqua,Aqua 01:30,1.0,1.0,16.16,14.21,1.95,-2.76,12,harmattan
MYD11A2.A2020345.h18v07.061.2021019210347,2020-12-10,aqua,Aqua 13:30,1.0,1.0,40.83,41.45,-0.62,0.08,12,harmattan
MOD11A2.A2020345.h18v07.061.2021026151131,2020-12-10,terra,Terra 10:30,1.0,1.0,36.38,36.59,-0.21,-0.19,12,harmattan
MOD11A2.A2020345.h18v07.061.2021026151131,2020-12-10,terra,Terra 22:30,1.0,1.0,18.07,16.53,1.54,-2.03,12,harmattan
MYD11A2.A2020353.h18v07.061.2021020063049,2020-12-18,aqua,Aqua 01:30,0.932,0.993,14.71,13.25,1.46,-2.31,12,harmattan
MYD11A2.A2020353.h18v07.061.2021020063049,2020-12-18,aqua,Aqua 13:30,1.0,1.0,37.53,37.37,0.16,0.21,12,harmattan
MOD11A2.A2020353.h18v07.061.2021027033228,2020-12-18,terra,Terra 10:30,1.0,1.0,31.97,32.37,-0.4,-0.22,12,harmattan
MOD11A2.A2020353.h18v07.061.2021027033228,2020-12-18,terra,Terra 22:30,1.0,1.0,16.01,14.53,1.48,-1.78,12,harmattan
MYD11A2.A2020361.h18v07.061.2021066190253,2020-12-26,aqua,Aqua 01:30,0.962,0.996,13.59,12.15,1.44,-2.24,12,harmattan
MYD11A2.A2020361.h18v07.061.2021066190253,2020-12-26,aqua,Aqua 13:30,1.0,1.0,36.45,36.15,0.3,0.19,12,harmattan
MOD11A2.A2020361.h18v07.061.2021066191021,2020-12-26,terra,Terra 10:30,1.0,1.0,29.35,29.69,-0.34,-0.12,12,harmattan
MOD11A2.A2020361.h18v07.061.2021066191021,2020-12-26,terra,Terra 22:30,0.993,0.993,16.16,14.55,1.61,-1.89,12,harmattan
MYD11A2.A2021001.h18v07.061.2021040211258,2021-01-01,aqua,Aqua 01:30,1.0,1.0,14.68,13.13,1.55,-2.82,1,harmattan
MYD11A2.A2021001.h18v07.061.2021040211258,2021-01-01,aqua,Aqua 13:30,1.0,1.0,40.91,41.95,-1.04,0.17,1,harmattan
MOD11A2.A2021001.h18v07.061.2021040211312,2021-01-01,terra,Terra 10:30,1.0,1.0,36.69,37.21,-0.52,-0.53,1,harmattan
MOD11A2.A2021001.h18v07.061.2021040211312,2021-01-01,terra,Terra 22:30,1.0,0.998,18.64,15.99,2.65,-2.27,1,harmattan
MYD11A2.A2021009.h18v07.061.2021041054236,2021-01-09,aqua,Aqua 01:30,1.0,0.996,14.39,12.13,2.26,-2.87,1,harmattan
MYD11A2.A2021009.h18v07.061.2021041054236,2021-01-09,aqua,Aqua 13:30,1.0,1.0,41.35,42.33,-0.98,0.29,1,harmattan
MOD11A2.A2021009.h18v07.061.2021041052905,2021-01-09,terra,Terra 10:30,1.0,1.0,35.29,36.75,-1.46,0.39,1,harmattan
MOD11A2.A2021009.h18v07.061.2021041052905,2021-01-09,terra,Terra 22:30,0.995,0.939,16.71,14.75,1.96,-2.3,1,harmattan
MYD11A2.A2021017.h18v07.061.2021041104132,2021-01-17,aqua,Aqua 01:30,0.986,1.0,13.5,11.59,1.91,-2.51,1,harmattan
MYD11A2.A2021017.h18v07.061.2021041104132,2021-01-17,aqua,Aqua 13:30,1.0,1.0,36.17,36.83,-0.66,0.11,1,harmattan
MOD11A2.A2021017.h18v07.061.2021041194723,2021-01-17,terra,Terra 10:30,1.0,0.999,29.53,30.0,-0.47,0.36,1,harmattan
MOD11A2.A2021017.h18v07.061.2021041194723,2021-01-17,terra,Terra 22:30,1.0,0.997,15.67,13.63,2.04,-1.94,1,harmattan
MYD11A2.A2021025.h18v07.061.2021042222624,2021-01-25,aqua,Aqua 01:30,0.986,0.999,13.17,11.69,1.48,-2.61,1,harmattan
MYD11A2.A2021025.h18v07.061.2021042222624,2021-01-25,aqua,Aqua 13:30,1.0,1.0,36.78,38.19,-1.41,0.0,1,harmattan
MOD11A2.A2021025.h18v07.061.2021042222224,2021-01-25,terra,Terra 10:30,1.0,1.0,31.47,31.71,-0.24,0.08,1,harmattan
MOD11A2.A2021025.h18v07.061.2021042222224,2021-01-25,terra,Terra 22:30,0.979,0.994,16.4,14.19,2.21,-2.51,1,harmattan
MYD11A2.A2021033.h18v07.061.2021042232354,2021-02-02,aqua,Aqua 01:30,0.993,0.991,14.14,12.25,1.89,-2.65,2,harmattan
MYD11A2.A2021033.h18v07.061.2021042232354,2021-02-02,aqua,Aqua 13:30,1.0,1.0,38.09,38.93,-0.84,0.31,2,harmattan
MOD11A2.A2021033.h18v07.061.2021042232119,2021-02-02,terra,Terra 10:30,1.0,1.0,31.73,31.11,0.62,-0.97,2,harmattan
MOD11A2.A2021033.h18v07.061.2021042232119,2021-02-02,terra,Terra 22:30,1.0,0.997,16.52,15.05,1.47,-2.24,2,harmattan
MYD11A2.A2021041.h18v07.061.2021061175247,2021-02-10,aqua,Aqua 01:30,0.956,0.962,14.83,12.63,2.2,-3.28,2,harmattan
MYD11A2.A2021041.h18v07.061.2021061175247,2021-02-10,aqua,Aqua 13:30,1.0,1.0,43.99,44.63,-0.64,0.08,2,harmattan
MOD11A2.A2021041.h18v07.061.2021050033551,2021-02-10,terra,Terra 10:30,1.0,1.0,36.89,37.31,-0.42,-0.14,2,harmattan
MOD11A2.A2021041.h18v07.061.2021050033551,2021-02-10,terra,Terra 22:30,1.0,1.0,18.59,15.93,2.66,-2.22,2,harmattan
MYD11A2.A2021049.h18v07.061.2021062081524,2021-02-18,aqua,Aqua 01:30,0.476,0.431,,,,,2,harmattan
MYD11A2.A2021049.h18v07.061.2021062081524,2021-02-18,aqua,Aqua 13:30,1.0,0.998,32.79,33.33,-0.54,-0.02,2,harmattan
MOD11A2.A2021049.h18v07.061.2021062064532,2021-02-18,terra,Terra 10:30,1.0,1.0,29.75,30.07,-0.32,-0.1,2,harmattan
MOD11A2.A2021049.h18v07.061.2021062064532,2021-02-18,terra,Terra 22:30,0.984,0.908,13.59,10.31,3.28,-3.05,2,harmattan
MYD11A2.A2021057.h18v07.061.2021068044726,2021-02-26,aqua,Aqua 01:30,0.943,0.716,,,,,2,harmattan
MYD11A2.A2021057.h18v07.061.2021068044726,2021-02-26,aqua,Aqua 13:30,1.0,1.0,38.91,39.47,-0.56,0.1,2,harmattan
MOD11A2.A2021057.h18v07.061.2021068150208,2021-02-26,terra,Terra 10:30,1.0,1.0,32.25,32.41,-0.16,-0.18,2,harmattan
MOD11A2.A2021057.h18v07.061.2021068150208,2021-02-26,terra,Terra 22:30,0.963,0.918,19.11,17.53,1.58,-1.64,2,harmattan
MYD11A2.A2021065.h18v07.061.2021075230123,2021-03-06,aqua,Aqua 01:30,0.991,0.859,16.41,12.83,3.58,-3.61,3,hot
MYD11A2.A2021065.h18v07.061.2021075230123,2021-03-06,aqua,Aqua 13:30,1.0,1.0,46.95,47.19,-0.24,0.31,3,hot
MOD11A2.A2021065.h18v07.061.2021075153411,2021-03-06,terra,Terra 10:30,1.0,1.0,42.95,43.41,-0.46,0.11,3,hot
MOD11A2.A2021065.h18v07.061.2021075153411,2021-03-06,terra,Terra 22:30,1.0,1.0,19.96,17.67,2.29,-2.47,3,hot
MYD11A2.A2021073.h18v07.061.2021082172912,2021-03-14,aqua,Aqua 01:30,0.997,0.991,22.01,20.89,1.12,-1.59,3,hot
MYD11A2.A2021073.h18v07.061.2021082172912,2021-03-14,aqua,Aqua 13:30,1.0,0.851,39.93,39.64,0.29,2.62,3,hot
MOD11A2.A2021073.h18v07.061.2021082171005,2021-03-14,terra,Terra 10:30,1.0,1.0,32.89,34.69,-1.8,0.52,3,hot
MOD11A2.A2021073.h18v07.061.2021082171005,2021-03-14,terra,Terra 22:30,1.0,0.988,18.51,16.65,1.86,-2.47,3,hot
MYD11A2.A2021081.h18v07.061.2021090065516,2021-03-22,aqua,Aqua 01:30,1.0,1.0,19.37,18.17,1.2,-1.81,3,hot
MYD11A2.A2021081.h18v07.061.2021090065516,2021-03-22,aqua,Aqua 13:30,1.0,0.999,35.0,35.51,-0.51,2.18,3,hot
MOD11A2.A2021081.h18v07.061.2021090055306,2021-03-22,terra,Terra 10:30,1.0,1.0,34.1,35.81,-1.71,-1.27,3,hot
MOD11A2.A2021081.h18v07.061.2021090055306,2021-03-22,terra,Terra 22:30,1.0,1.0,20.78,19.19,1.59,-1.61,3,hot
MYD11A2.A2021089.h18v07.061.2021098054221,2021-03-30,aqua,Aqua 01:30,0.944,0.747,,,,,3,hot
MYD11A2.A2021089.h18v07.061.2021098054221,2021-03-30,aqua,Aqua 13:30,1.0,1.0,43.47,43.69,-0.22,0.01,3,hot
MOD11A2.A2021089.h18v07.061.2021098044544,2021-03-30,terra,Terra 10:30,1.0,1.0,36.13,36.39,-0.26,0.11,3,hot
MOD11A2.A2021089.h18v07.061.2021098044544,2021-03-30,terra,Terra 22:30,1.0,1.0,20.67,19.33,1.34,-1.55,3,hot
MYD11A2.A2021097.h18v07.061.2021107103924,2021-04-07,aqua,Aqua 01:30,1.0,1.0,19.79,17.85,1.94,-2.7,4,hot
MYD11A2.A2021097.h18v07.061.2021107103924,2021-04-07,aqua,Aqua 13:30,1.0,1.0,47.77,47.85,-0.08,-0.21,4,hot
MOD11A2.A2021097.h18v07.061.2021107044112,2021-04-07,terra,Terra 10:30,1.0,1.0,44.65,45.67,-1.02,-0.12,4,hot
MOD11A2.A2021097.h18v07.061.2021107044112,2021-04-07,terra,Terra 22:30,1.0,1.0,22.19,20.19,2.0,-2.31,4,hot
MYD11A2.A2021105.h18v07.061.2021114055052,2021-04-15,aqua,Aqua 01:30,1.0,0.999,19.94,19.39,0.55,-2.09,4,hot
MYD11A2.A2021105.h18v07.061.2021114055052,2021-04-15,aqua,Aqua 13:30,1.0,1.0,49.36,49.25,0.11,0.81,4,hot
MOD11A2.A2021105.h18v07.061.2021114054644,2021-04-15,terra,Terra 10:30,1.0,1.0,43.61,43.67,-0.06,-0.1,4,hot
MOD11A2.A2021105.h18v07.061.2021114054644,2021-04-15,terra,Terra 22:30,1.0,1.0,22.17,20.29,1.88,-2.32,4,hot
MYD11A2.A2021113.h18v07.061.2021122110201,2021-04-23,aqua,Aqua 01:30,0.96,0.993,16.11,15.51,0.6,-1.59,4,hot
MYD11A2.A2021113.h18v07.061.2021122110201,2021-04-23,aqua,Aqua 13:30,1.0,1.0,44.87,45.35,-0.48,-0.41,4,hot
MOD11A2.A2021113.h18v07.061.2021122110340,2021-04-23,terra,Terra 10:30,1.0,1.0,43.85,43.65,0.2,0.72,4,hot
MOD11A2.A2021113.h18v07.061.2021122110340,2021-04-23,terra,Terra 22:30,1.0,1.0,23.34,21.81,1.53,-1.92,4,hot
MYD11A2.A2021121.h18v07.061.2021133184142,2021-05-01,aqua,Aqua 01:30,1.0,1.0,22.35,21.19,1.16,-1.91,5,hot
MYD11A2.A2021121.h18v07.061.2021133184142,2021-05-01,aqua,Aqua 13:30,1.0,1.0,47.94,49.29,-1.35,0.65,5,hot
MOD11A2.A2021121.h18v07.061.2021133165100,2021-05-01,terra,Terra 10:30,1.0,1.0,43.57,44.49,-0.92,0.51,5,hot
MOD11A2.A2021121.h18v07.061.2021133165100,2021-05-01,terra,Terra 22:30,1.0,1.0,22.14,20.41,1.73,-1.69,5,hot
MYD11A2.A2021129.h18v07.061.2021139015822,2021-05-09,aqua,Aqua 01:30,1.0,1.0,23.77,24.57,-0.8,-0.19,5,hot
MYD11A2.A2021129.h18v07.061.2021139015822,2021-05-09,aqua,Aqua 13:30,1.0,1.0,44.77,45.81,-1.04,0.99,5,hot
MOD11A2.A2021129.h18v07.061.2021138060022,2021-05-09,terra,Terra 10:30,1.0,1.0,38.01,39.73,-1.72,2.51,5,hot
MOD11A2.A2021129.h18v07.061.2021138060022,2021-05-09,terra,Terra 22:30,1.0,1.0,26.2,25.93,0.27,-0.86,5,hot
MYD11A2.A2021137.h18v07.061.2021146131502,2021-05-17,aqua,Aqua 01:30,1.0,1.0,23.14,22.47,0.67,-1.22,5,hot
MYD11A2.A2021137.h18v07.061.2021146131502,2021-05-17,aqua,Aqua 13:30,1.0,1.0,47.01,48.79,-1.78,0.49,5,hot
MOD11A2.A2021137.h18v07.061.2021146125214,2021-05-17,terra,Terra 10:30,1.0,1.0,41.13,42.21,-1.08,-0.56,5,hot
MOD11A2.A2021137.h18v07.061.2021146125214,2021-05-17,terra,Terra 22:30,0.395,0.52,,,,,5,hot
MYD11A2.A2021145.h18v07.061.2021154060832,2021-05-25,aqua,Aqua 01:30,1.0,1.0,24.25,23.71,0.54,-1.03,5,hot
MYD11A2.A2021145.h18v07.061.2021154060832,2021-05-25,aqua,Aqua 13:30,1.0,1.0,46.38,45.77,0.61,-0.03,5,hot
MOD11A2.A2021145.h18v07.061.2021154055131,2021-05-25,terra,Terra 10:30,1.0,1.0,40.66,41.29,-0.63,0.16,5,hot
MOD11A2.A2021145.h18v07.061.2021154055131,2021-05-25,terra,Terra 22:30,0.878,0.758,,,,,5,hot
MYD11A2.A2021153.h18v07.061.2021162060941,2021-06-02,aqua,Aqua 01:30,0.843,0.874,24.66,23.49,1.17,-1.25,6,wet
MYD11A2.A2021153.h18v07.061.2021162060941,2021-06-02,aqua,Aqua 13:30,1.0,0.999,43.04,43.27,-0.23,0.65,6,wet
MOD11A2.A2021153.h18v07.061.2021162062352,2021-06-02,terra,Terra 10:30,1.0,1.0,38.61,38.83,-0.22,0.31,6,wet
MOD11A2.A2021153.h18v07.061.2021162062352,2021-06-02,terra,Terra 22:30,1.0,1.0,22.67,22.13,0.54,-0.43,6,wet
MYD11A2.A2021161.h18v07.061.2021170061319,2021-06-10,aqua,Aqua 01:30,1.0,1.0,23.33,22.85,0.48,-0.83,6,wet
MYD11A2.A2021161.h18v07.061.2021170061319,2021-06-10,aqua,Aqua 13:30,0.967,0.968,41.99,41.37,0.62,-0.29,6,wet
MOD11A2.A2021161.h18v07.061.2021170043453,2021-06-10,terra,Terra 10:30,0.923,0.963,36.78,36.82,-0.04,-0.05,6,wet
MOD11A2.A2021161.h18v07.061.2021170043453,2021-06-10,terra,Terra 22:30,1.0,1.0,24.21,24.01,0.2,-0.56,6,wet
MYD11A2.A2021169.h18v07.061.2021178071850,2021-06-18,aqua,Aqua 01:30,0.967,0.918,21.43,20.95,0.48,-0.87,6,wet
MYD11A2.A2021169.h18v07.061.2021178071850,2021-06-18,aqua,Aqua 13:30,0.972,0.96,39.91,39.45,0.46,-0.14,6,wet
MOD11A2.A2021169.h18v07.061.2021178063253,2021-06-18,terra,Terra 10:30,0.997,0.98,35.41,33.43,1.98,-1.03,6,wet
MOD11A2.A2021169.h18v07.061.2021178063253,2021-06-18,terra,Terra 22:30,1.0,1.0,21.81,21.89,-0.08,-0.2,6,wet
MYD11A2.A2021177.h18v07.061.2021188140227,2021-06-26,aqua,Aqua 01:30,1.0,1.0,22.65,22.35,0.3,-0.52,6,wet
MYD11A2.A2021177.h18v07.061.2021188140227,2021-06-26,aqua,Aqua 13:30,0.557,0.558,,,,,6,wet
MOD11A2.A2021177.h18v07.061.2021188190127,2021-06-26,terra,Terra 10:30,0.443,0.517,,,,,6,wet
MOD11A2.A2021177.h18v07.061.2021188190127,2021-06-26,terra,Terra 22:30,1.0,1.0,22.81,22.57,0.24,-0.13,6,wet
MYD11A2.A2021185.h18v07.061.2021194060039,2021-07-04,aqua,Aqua 01:30,0.653,0.736,,,,,7,wet
MYD11A2.A2021185.h18v07.061.2021194060039,2021-07-04,aqua,Aqua 13:30,0.885,0.909,36.23,32.71,3.52,-3.12,7,wet
MOD11A2.A2021185.h18v07.061.2021194052353,2021-07-04,terra,Terra 10:30,1.0,1.0,31.32,30.23,1.09,-3.48,7,wet
MOD11A2.A2021185.h18v07.061.2021194052353,2021-07-04,terra,Terra 22:30,0.943,0.805,24.81,23.1,1.71,-1.21,7,wet
MYD11A2.A2021193.h18v07.061.2021203015349,2021-07-12,aqua,Aqua 01:30,0.446,0.499,,,,,7,wet
MYD11A2.A2021193.h18v07.061.2021203015349,2021-07-12,aqua,Aqua 13:30,0.291,0.263,,,,,7,wet
MOD11A2.A2021193.h18v07.061.2021202221747,2021-07-12,terra,Terra 10:30,0.145,0.007,,,,,7,wet
MOD11A2.A2021193.h18v07.061.2021202221747,2021-07-12,terra,Terra 22:30,0.645,0.585,,,,,7,wet
MYD11A2.A2021201.h18v07.061.2021210063739,2021-07-20,aqua,Aqua 01:30,0.024,0.277,,,,,7,wet
MYD11A2.A2021201.h18v07.061.2021210063739,2021-07-20,aqua,Aqua 13:30,0.085,0.178,,,,,7,wet
MOD11A2.A2021201.h18v07.061.2021214022510,2021-07-20,terra,Terra 10:30,0.688,0.58,,,,,7,wet
MOD11A2.A2021201.h18v07.061.2021214022510,2021-07-20,terra,Terra 22:30,0.0,0.0,,,,,7,wet
MYD11A2.A2021209.h18v07.061.2021218062412,2021-07-28,aqua,Aqua 01:30,0.784,0.667,,,,,7,wet
MYD11A2.A2021209.h18v07.061.2021218062412,2021-07-28,aqua,Aqua 13:30,0.005,0.101,,,,,7,wet
MOD11A2.A2021209.h18v07.061.2021218060153,2021-07-28,terra,Terra 10:30,0.157,0.264,,,,,7,wet
MOD11A2.A2021209.h18v07.061.2021218060153,2021-07-28,terra,Terra 22:30,1.0,0.974,21.23,21.37,-0.14,-0.33,7,wet
MYD11A2.A2021217.h18v07.061.2021226075134,2021-08-05,aqua,Aqua 01:30,0.265,0.098,,,,,8,wet
MYD11A2.A2021217.h18v07.061.2021226075134,2021-08-05,aqua,Aqua 13:30,0.0,0.03,,,,,8,wet
MOD11A2.A2021217.h18v07.061.2021226065504,2021-08-05,terra,Terra 10:30,0.012,0.107,,,,,8,wet
MOD11A2.A2021217.h18v07.061.2021226065504,2021-08-05,terra,Terra 22:30,0.789,0.603,,,,,8,wet
MYD11A2.A2021225.h18v07.061.2021234074540,2021-08-13,aqua,Aqua 01:30,0.0,0.0,,,,,8,wet
MYD11A2.A2021225.h18v07.061.2021234074540,2021-08-13,aqua,Aqua 13:30,0.303,0.259,,,,,8,wet
MOD11A2.A2021225.h18v07.061.2021234065617,2021-08-13,terra,Terra 10:30,0.744,0.785,,,,,8,wet
MOD11A2.A2021225.h18v07.061.2021234065617,2021-08-13,terra,Terra 22:30,0.11,0.336,,,,,8,wet
MYD11A2.A2021233.h18v07.061.2021243105345,2021-08-21,aqua,Aqua 01:30,0.0,0.0,,,,,8,wet
MYD11A2.A2021233.h18v07.061.2021243105345,2021-08-21,aqua,Aqua 13:30,0.826,0.988,35.38,33.57,1.81,-2.99,8,wet
MOD11A2.A2021233.h18v07.061.2021243222728,2021-08-21,terra,Terra 10:30,1.0,1.0,33.64,31.37,2.27,-3.85,8,wet
MOD11A2.A2021233.h18v07.061.2021243222728,2021-08-21,terra,Terra 22:30,0.023,0.014,,,,,8,wet
MYD11A2.A2021241.h18v07.061.2021251113947,2021-08-29,aqua,Aqua 01:30,0.026,0.121,,,,,8,wet
MYD11A2.A2021241.h18v07.061.2021251113947,2021-08-29,aqua,Aqua 13:30,0.833,0.996,31.68,30.15,1.53,-4.21,8,wet
MOD11A2.A2021241.h18v07.061.2021251172751,2021-08-29,terra,Terra 10:30,0.672,0.953,,,,,8,wet
MOD11A2.A2021241.h18v07.061.2021251172751,2021-08-29,terra,Terra 22:30,1.0,1.0,22.75,22.61,0.14,-0.22,8,wet
MYD11A2.A2021249.h18v07.061.2021258075139,2021-09-06,aqua,Aqua 01:30,1.0,0.994,21.77,22.05,-0.28,0.15,9,wet
MYD11A2.A2021249.h18v07.061.2021258075139,2021-09-06,aqua,Aqua 13:30,0.728,0.943,,,,,9,wet
MOD11A2.A2021249.h18v07.061.2021258070556,2021-09-06,terra,Terra 10:30,0.894,0.999,30.19,28.31,1.88,-4.2,9,wet
MOD11A2.A2021249.h18v07.061.2021258070556,2021-09-06,terra,Terra 22:30,0.66,0.707,,,,,9,wet
MYD11A2.A2021257.h18v07.061.2021266052327,2021-09-14,aqua,Aqua 01:30,1.0,0.968,20.71,20.73,-0.02,-0.41,9,wet
MYD11A2.A2021257.h18v07.061.2021266052327,2021-09-14,aqua,Aqua 13:30,0.974,0.992,33.81,32.21,1.6,-2.62,9,wet
MOD11A2.A2021257.h18v07.061.2021266040033,2021-09-14,terra,Terra 10:30,0.993,1.0,32.69,30.55,2.14,-3.89,9,wet
MOD11A2.A2021257.h18v07.061.2021266040033,2021-09-14,terra,Terra 22:30,1.0,1.0,21.29,20.97,0.32,-0.82,9,wet
MYD11A2.A2021265.h18v07.061.2021279160356,2021-09-22,aqua,Aqua 01:30,1.0,1.0,22.05,21.81,0.24,-0.86,9,wet
MYD11A2.A2021265.h18v07.061.2021279160356,2021-09-22,aqua,Aqua 13:30,0.99,1.0,36.05,33.75,2.3,-4.28,9,wet
MOD11A2.A2021265.h18v07.061.2021316132220,2021-09-22,terra,Terra 10:30,0.998,1.0,33.07,30.79,2.28,-4.06,9,wet
MOD11A2.A2021265.h18v07.061.2021280010509,2021-09-22,terra,Terra 10:30,0.998,1.0,33.07,30.79,2.28,-4.06,9,wet
MOD11A2.A2021265.h18v07.061.2021316132220,2021-09-22,terra,Terra 22:30,1.0,1.0,22.67,22.57,0.1,-0.45,9,wet
MOD11A2.A2021265.h18v07.061.2021280010509,2021-09-22,terra,Terra 22:30,1.0,1.0,22.67,22.57,0.1,-0.45,9,wet
MYD11A2.A2021273.h18v07.061.2021282052043,2021-09-30,aqua,Aqua 01:30,1.0,1.0,22.31,22.19,0.12,-0.95,9,wet
MYD11A2.A2021273.h18v07.061.2021282052043,2021-09-30,aqua,Aqua 13:30,1.0,1.0,36.31,33.35,2.96,-3.94,9,wet
MOD11A2.A2021273.h18v07.061.2021282050127,2021-09-30,terra,Terra 10:30,1.0,1.0,33.45,32.19,1.26,-3.91,9,wet
MOD11A2.A2021273.h18v07.061.2021282050127,2021-09-30,terra,Terra 22:30,1.0,1.0,23.03,22.31,0.72,-1.36,9,wet
MYD11A2.A2021281.h18v07.061.2021290045701,2021-10-08,aqua,Aqua 01:30,1.0,1.0,18.05,16.51,1.54,-3.05,10,transition
MYD11A2.A2021281.h18v07.061.2021290045701,2021-10-08,aqua,Aqua 13:30,1.0,1.0,41.97,39.63,2.34,-3.37,10,transition
MOD11A2.A2021281.h18v07.061.2021290051915,2021-10-08,terra,Terra 10:30,1.0,1.0,38.07,36.09,1.98,-3.18,10,transition
MOD11A2.A2021281.h18v07.061.2021290051915,2021-10-08,terra,Terra 22:30,1.0,1.0,20.58,18.99,1.59,-2.44,10,transition
MYD11A2.A2021289.h18v07.061.2021298202549,2021-10-16,aqua,Aqua 01:30,1.0,1.0,21.03,20.41,0.62,-1.35,10,transition
MYD11A2.A2021289.h18v07.061.2021298202549,2021-10-16,aqua,Aqua 13:30,0.998,1.0,37.09,35.81,1.28,-2.07,10,transition
MOD11A2.A2021289.h18v07.061.2021299100413,2021-10-16,terra,Terra 10:30,0.988,1.0,33.51,31.91,1.6,-2.04,10,transition
MOD11A2.A2021289.h18v07.061.2021299100413,2021-10-16,terra,Terra 22:30,1.0,1.0,23.74,22.89,0.85,-1.58,10,transition
MYD11A2.A2021297.h18v07.061.2021306215847,2021-10-24,aqua,Aqua 01:30,1.0,1.0,19.41,17.99,1.42,-1.95,10,transition
MYD11A2.A2021297.h18v07.061.2021306215847,2021-10-24,aqua,Aqua 13:30,1.0,1.0,40.43,39.89,0.54,-2.03,10,transition
MOD11A2.A2021297.h18v07.061.2021306212708,2021-10-24,terra,Terra 10:30,1.0,1.0,36.85,36.01,0.84,-1.46,10,transition
MOD11A2.A2021297.h18v07.061.2021306212708,2021-10-24,terra,Terra 22:30,1.0,1.0,21.47,20.05,1.42,-1.65,10,transition
MYD11A2.A2021305.h18v07.061.2021314075417,2021-11-01,aqua,Aqua 01:30,1.0,1.0,17.87,16.29,1.58,-2.42,11,harmattan
MYD11A2.A2021305.h18v07.061.2021314075417,2021-11-01,aqua,Aqua 13:30,1.0,1.0,40.26,39.85,0.41,-1.1,11,harmattan
MOD11A2.A2021305.h18v07.061.2021314073153,2021-11-01,terra,Terra 10:30,1.0,1.0,38.01,37.45,0.56,-1.19,11,harmattan
MOD11A2.A2021305.h18v07.061.2021314073153,2021-11-01,terra,Terra 22:30,1.0,1.0,20.77,19.15,1.62,-1.82,11,harmattan
MYD11A2.A2021313.h18v07.061.2021322060619,2021-11-09,aqua,Aqua 01:30,1.0,1.0,17.51,15.85,1.66,-2.77,11,harmattan
MYD11A2.A2021313.h18v07.061.2021322060619,2021-11-09,aqua,Aqua 13:30,1.0,1.0,43.11,42.97,0.14,-1.2,11,harmattan
MOD11A2.A2021313.h18v07.061.2021322051819,2021-11-09,terra,Terra 10:30,1.0,1.0,40.17,38.75,1.42,-1.15,11,harmattan
MOD11A2.A2021313.h18v07.061.2021322051819,2021-11-09,terra,Terra 22:30,1.0,1.0,19.64,17.51,2.13,-2.48,11,harmattan
MYD11A2.A2021321.h18v07.061.2021331061723,2021-11-17,aqua,Aqua 01:30,1.0,1.0,17.32,15.07,2.25,-3.16,11,harmattan
MYD11A2.A2021321.h18v07.061.2021331061723,2021-11-17,aqua,Aqua 13:30,1.0,1.0,42.45,42.19,0.26,-0.25,11,harmattan
MOD11A2.A2021321.h18v07.061.2021331193840,2021-11-17,terra,Terra 10:30,1.0,1.0,39.43,38.19,1.24,-0.71,11,harmattan
MOD11A2.A2021321.h18v07.061.2021331193840,2021-11-17,terra,Terra 22:30,1.0,1.0,19.9,17.75,2.15,-2.43,11,harmattan
MYD11A2.A2021329.h18v07.061.2021340235257,2021-11-25,aqua,Aqua 01:30,1.0,1.0,17.07,14.61,2.46,-2.84,11,harmattan
MYD11A2.A2021329.h18v07.061.2021340235257,2021-11-25,aqua,Aqua 13:30,1.0,1.0,41.85,42.49,-0.64,0.34,11,harmattan
MOD11A2.A2021329.h18v07.061.2021338210654,2021-11-25,terra,Terra 10:30,1.0,1.0,36.89,36.89,0.0,-0.2,11,harmattan
MOD11A2.A2021329.h18v07.061.2021338210654,2021-11-25,terra,Terra 22:30,1.0,1.0,18.75,16.45,2.3,-2.59,11,harmattan
MYD11A2.A2021337.h18v07.061.2021346054033,2021-12-03,aqua,Aqua 01:30,0.995,1.0,16.23,14.17,2.06,-2.21,12,harmattan
MYD11A2.A2021337.h18v07.061.2021346054033,2021-12-03,aqua,Aqua 13:30,1.0,1.0,34.06,34.65,-0.59,0.25,12,harmattan
MOD11A2.A2021337.h18v07.061.2021346054358,2021-12-03,terra,Terra 10:30,1.0,1.0,31.41,31.17,0.24,-0.07,12,harmattan
MOD11A2.A2021337.h18v07.061.2021346054358,2021-12-03,terra,Terra 22:30,1.0,1.0,16.94,15.27,1.67,-2.11,12,harmattan
MYD11A2.A2021345.h18v07.061.2021355052606,2021-12-11,aqua,Aqua 01:30,0.993,1.0,14.12,11.67,2.45,-2.18,12,harmattan
MYD11A2.A2021345.h18v07.061.2021355052606,2021-12-11,aqua,Aqua 13:30,1.0,1.0,37.19,37.35,-0.16,-0.0,12,harmattan
MOD11A2.A2021345.h18v07.061.2021355025847,2021-12-11,terra,Terra 10:30,1.0,1.0,32.47,32.53,-0.06,0.27,12,harmattan
MOD11A2.A2021345.h18v07.061.2021355025847,2021-12-11,terra,Terra 22:30,1.0,1.0,15.04,13.09,1.95,-1.92,12,harmattan
MYD11A2.A2021353.h18v07.061.2022003220602,2021-12-19,aqua,Aqua 01:30,0.902,0.908,14.75,13.11,1.64,-1.4,12,harmattan
MYD11A2.A2021353.h18v07.061.2022003220602,2021-12-19,aqua,Aqua 13:30,1.0,1.0,34.17,34.85,-0.68,0.4,12,harmattan
MOD11A2.A2021353.h18v07.061.2022003215613,2021-12-19,terra,Terra 10:30,1.0,1.0,29.47,29.59,-0.12,-0.14,12,harmattan
MOD11A2.A2021353.h18v07.061.2022003215613,2021-12-19,terra,Terra 22:30,0.995,0.956,16.39,14.83,1.56,-1.56,12,harmattan
MYD11A2.A2021361.h18v07.061.2022005045705,2021-12-27,aqua,Aqua 01:30,0.866,0.924,13.67,11.79,1.88,-1.98,12,harmattan
MYD11A2.A2021361.h18v07.061.2022005045705,2021-12-27,aqua,Aqua 13:30,1.0,1.0,37.01,37.95,-0.94,0.27,12,harmattan
MOD11A2.A2021361.h18v07.061.2022005044837,2021-12-27,terra,Terra 10:30,1.0,1.0,32.16,32.51,-0.35,0.28,12,harmattan
MOD11A2.A2021361.h18v07.061.2022005044837,2021-12-27,terra,Terra 22:30,0.995,0.993,15.03,12.89,2.14,-2.06,12,harmattan
MYD11A2.A2022001.h18v07.061.2022010050939,2022-01-01,aqua,Aqua 01:30,0.908,0.879,14.11,12.15,1.96,-1.91,1,harmattan
MYD11A2.A2022001.h18v07.061.2022010050939,2022-01-01,aqua,Aqua 13:30,1.0,1.0,36.17,37.29,-1.12,0.19,1,harmattan
MOD11A2.A2022001.h18v07.061.2022010050129,2022-01-01,terra,Terra 10:30,1.0,1.0,31.99,32.63,-0.64,0.36,1,harmattan
MOD11A2.A2022001.h18v07.061.2022010050129,2022-01-01,terra,Terra 22:30,0.974,0.89,16.65,14.57,2.08,-1.68,1,harmattan
MYD11A2.A2022009.h18v07.061.2022018184211,2022-01-09,aqua,Aqua 01:30,0.824,0.741,,,,,1,harmattan
MYD11A2.A2022009.h18v07.061.2022018184211,2022-01-09,aqua,Aqua 13:30,1.0,1.0,36.93,37.89,-0.96,0.64,1,harmattan
MOD11A2.A2022009.h18v07.061.2022018234149,2022-01-09,terra,Terra 10:30,1.0,1.0,31.95,32.25,-0.3,0.23,1,harmattan
MOD11A2.A2022009.h18v07.061.2022018234149,2022-01-09,terra,Terra 22:30,0.958,0.867,16.31,14.25,2.06,-1.92,1,harmattan
MYD11A2.A2022017.h18v07.061.2022028085641,2022-01-17,aqua,Aqua 01:30,0.998,0.977,12.35,10.47,1.88,-2.05,1,harmattan
MYD11A2.A2022017.h18v07.061.2022028085641,2022-01-17,aqua,Aqua 13:30,1.0,1.0,35.34,36.07,-0.73,0.44,1,harmattan
MOD11A2.A2022017.h18v07.061.2022028022840,2022-01-17,terra,Terra 10:30,1.0,1.0,29.49,29.71,-0.22,-0.0,1,harmattan
MOD11A2.A2022017.h18v07.061.2022028022840,2022-01-17,terra,Terra 22:30,0.998,0.998,14.45,12.41,2.04,-1.91,1,harmattan
MYD11A2.A2022025.h18v07.061.2022035092315,2022-01-25,aqua,Aqua 01:30,0.915,0.879,13.39,10.68,2.71,-1.68,1,harmattan
MYD11A2.A2022025.h18v07.061.2022035092315,2022-01-25,aqua,Aqua 13:30,1.0,1.0,33.91,34.57,-0.66,0.26,1,harmattan
MOD11A2.A2022025.h18v07.061.2022035033409,2022-01-25,terra,Terra 10:30,1.0,1.0,29.61,28.93,0.68,-0.04,1,harmattan
MOD11A2.A2022025.h18v07.061.2022035033409,2022-01-25,terra,Terra 22:30,0.984,0.98,14.81,12.77,2.04,-1.64,1,harmattan
MYD11A2.A2022033.h18v07.061.2022060021215,2022-02-02,aqua,Aqua 01:30,0.328,0.298,,,,,2,harmattan
MYD11A2.A2022033.h18v07.061.2022049194328,2022-02-02,aqua,Aqua 01:30,0.328,0.298,,,,,2,harmattan
MYD11A2.A2022033.h18v07.061.2022060021215,2022-02-02,aqua,Aqua 13:30,1.0,1.0,37.69,38.45,-0.76,0.5,2,harmattan
MYD11A2.A2022033.h18v07.061.2022049194328,2022-02-02,aqua,Aqua 13:30,1.0,1.0,37.69,38.45,-0.76,0.5,2,harmattan
MOD11A2.A2022033.h18v07.061.2022042045627,2022-02-02,terra,Terra 10:30,1.0,1.0,30.35,30.15,0.2,-0.6,2,harmattan
MOD11A2.A2022033.h18v07.061.2022042045627,2022-02-02,terra,Terra 22:30,0.894,0.577,,,,,2,harmattan
MYD11A2.A2022041.h18v07.061.2022050121606,2022-02-10,aqua,Aqua 01:30,0.8,0.819,,,,,2,harmattan
MYD11A2.A2022041.h18v07.061.2022050121606,2022-02-10,aqua,Aqua 13:30,1.0,1.0,40.43,40.99,-0.56,0.35,2,harmattan
MOD11A2.A2022041.h18v07.061.2022051054536,2022-02-10,terra,Terra 10:30,1.0,1.0,34.15,34.41,-0.26,0.04,2,harmattan
MOD11A2.A2022041.h18v07.061.2022051054536,2022-02-10,terra,Terra 22:30,1.0,1.0,16.47,12.59,3.88,-3.25,2,harmattan
MYD11A2.A2022049.h18v07.061.2022058043037,2022-02-18,aqua,Aqua 01:30,0.88,0.678,,,,,2,harmattan
MYD11A2.A2022049.h18v07.061.2022058043037,2022-02-18,aqua,Aqua 13:30,1.0,0.998,39.55,40.13,-0.58,0.32,2,harmattan
MOD11A2.A2022049.h18v07.061.2022058043801,2022-02-18,terra,Terra 10:30,1.0,1.0,36.77,37.05,-0.28,0.54,2,harmattan
MOD11A2.A2022049.h18v07.061.2022058043801,2022-02-18,terra,Terra 22:30,0.997,0.978,18.68,15.35,3.33,-2.23,2,harmattan
MYD11A2.A2022057.h18v07.061.2022066052839,2022-02-26,aqua,Aqua 01:30,0.681,0.407,,,,,2,harmattan
MYD11A2.A2022057.h18v07.061.2022066052839,2022-02-26,aqua,Aqua 13:30,1.0,1.0,43.46,44.23,-0.77,0.23,2,harmattan
MOD11A2.A2022057.h18v07.061.2022066044321,2022-02-26,terra,Terra 10:30,1.0,1.0,36.97,37.01,-0.04,-0.05,2,harmattan
MOD11A2.A2022057.h18v07.061.2022066044321,2022-02-26,terra,Terra 22:30,1.0,1.0,20.21,19.03,1.18,-2.42,2,harmattan
MYD11A2.A2022065.h18v07.061.2022076090843,2022-03-06,aqua,Aqua 01:30,0.993,0.997,20.33,19.85,0.48,-0.71,3,hot
MYD11A2.A2022065.h18v07.061.2022076090843,2022-03-06,aqua,Aqua 13:30,1.0,0.994,41.74,41.62,0.12,0.09,3,hot
MOD11A2.A2022065.h18v07.061.2022097192646,2022-03-06,terra,Terra 10:30,1.0,0.995,32.85,34.07,-1.22,-0.03,3,hot
MOD11A2.A2022065.h18v07.061.2022074040735,2022-03-06,terra,Terra 10:30,1.0,0.995,32.85,34.07,-1.22,-0.03,3,hot
MOD11A2.A2022065.h18v07.061.2022097192646,2022-03-06,terra,Terra 22:30,1.0,1.0,21.69,20.19,1.5,-1.47,3,hot
MOD11A2.A2022065.h18v07.061.2022074040735,2022-03-06,terra,Terra 22:30,1.0,1.0,21.69,20.19,1.5,-1.47,3,hot
MYD11A2.A2022073.h18v07.061.2022082053451,2022-03-14,aqua,Aqua 01:30,1.0,1.0,18.59,15.27,3.32,-2.39,3,hot
MYD11A2.A2022073.h18v07.061.2022082053451,2022-03-14,aqua,Aqua 13:30,1.0,1.0,44.67,43.95,0.72,0.19,3,hot
MOD11A2.A2022073.h18v07.061.2022101233227,2022-03-14,terra,Terra 10:30,1.0,1.0,35.57,35.73,-0.16,-0.15,3,hot
MOD11A2.A2022073.h18v07.061.2022082050946,2022-03-14,terra,Terra 10:30,1.0,1.0,35.57,35.73,-0.16,-0.15,3,hot
MOD11A2.A2022073.h18v07.061.2022101233227,2022-03-14,terra,Terra 22:30,1.0,1.0,20.79,18.21,2.58,-2.24,3,hot
MOD11A2.A2022073.h18v07.061.2022082050946,2022-03-14,terra,Terra 22:30,1.0,1.0,20.79,18.21,2.58,-2.24,3,hot
MYD11A2.A2022081.h18v07.061.2022097050738,2022-03-22,aqua,Aqua 01:30,1.0,0.986,18.19,15.89,2.3,-2.87,3,hot
MYD11A2.A2022081.h18v07.061.2022097050738,2022-03-22,aqua,Aqua 13:30,1.0,0.996,38.65,39.65,-1.0,1.19,3,hot
MOD11A2.A2022081.h18v07.061.2022097045440,2022-03-22,terra,Terra 10:30,1.0,0.995,31.87,32.05,-0.18,-0.18,3,hot
MOD11A2.A2022081.h18v07.061.2022097045440,2022-03-22,terra,Terra 22:30,1.0,1.0,21.01,19.33,1.68,-1.77,3,hot
MYD11A2.A2022089.h18v07.061.2022101193139,2022-03-30,aqua,Aqua 01:30,0.477,0.144,,,,,3,hot
MYD11A2.A2022089.h18v07.061.2022101193139,2022-03-30,aqua,Aqua 13:30,1.0,0.999,44.97,45.21,-0.24,0.18,3,hot
MOD11A2.A2022089.h18v07.061.2022098040758,2022-03-30,terra,Terra 10:30,1.0,1.0,38.61,38.39,0.22,0.29,3,hot
MOD11A2.A2022089.h18v07.061.2022098040758,2022-03-30,terra,Terra 22:30,1.0,1.0,21.17,18.73,2.44,-2.81,3,hot
MOD11A2.A2022097.h18v07.061.2022121000236,2022-04-07,terra,Terra 10:30,1.0,1.0,41.39,42.97,-1.58,0.78,4,hot
MOD11A2.A2022097.h18v07.061.2022106042119,2022-04-07,terra,Terra 10:30,1.0,1.0,41.39,42.97,-1.58,0.78,4,hot
MOD11A2.A2022097.h18v07.061.2022121000236,2022-04-07,terra,Terra 22:30,1.0,1.0,22.85,21.49,1.36,-1.93,4,hot
MOD11A2.A2022097.h18v07.061.2022106042119,2022-04-07,terra,Terra 22:30,1.0,1.0,22.85,21.49,1.36,-1.93,4,hot
MYD11A2.A2022105.h18v07.061.2022118030417,2022-04-15,aqua,Aqua 01:30,0.19,0.45,,,,,4,hot
MYD11A2.A2022105.h18v07.061.2022118030417,2022-04-15,aqua,Aqua 13:30,1.0,0.997,46.36,48.61,-2.25,1.16,4,hot
MOD11A2.A2022105.h18v07.061.2022118025712,2022-04-15,terra,Terra 10:30,1.0,0.998,40.45,41.49,-1.04,0.55,4,hot
MOD11A2.A2022105.h18v07.061.2022118025712,2022-04-15,terra,Terra 22:30,1.0,1.0,26.28,25.13,1.15,-1.02,4,hot
MYD11A2.A2022113.h18v07.061.2022122193136,2022-04-23,aqua,Aqua 01:30,1.0,1.0,24.13,23.77,0.36,-1.01,4,hot
MYD11A2.A2022113.h18v07.061.2022122193136,2022-04-23,aqua,Aqua 13:30,1.0,1.0,45.28,47.03,-1.75,1.05,4,hot
MOD11A2.A2022113.h18v07.061.2022122191907,2022-04-23,terra,Terra 10:30,1.0,1.0,38.42,40.33,-1.91,0.79,4,hot
MOD11A2.A2022113.h18v07.061.2022122191907,2022-04-23,terra,Terra 22:30,1.0,1.0,26.17,25.23,0.94,-1.23,4,hot
MYD11A2.A2022121.h18v07.061.2022134203308,2022-05-01,aqua,Aqua 01:30,1.0,0.98,22.21,21.99,0.22,-1.8,5,hot
MYD11A2.A2022121.h18v07.061.2022134203308,2022-05-01,aqua,Aqua 13:30,1.0,1.0,43.05,43.15,-0.1,0.09,5,hot
MOD11A2.A2022121.h18v07.061.2022134044557,2022-05-01,terra,Terra 10:30,1.0,1.0,35.49,36.79,-1.3,0.36,5,hot
MOD11A2.A2022121.h18v07.061.2022134044557,2022-05-01,terra,Terra 22:30,1.0,1.0,25.41,24.63,0.78,-1.11,5,hot
MYD11A2.A2022129.h18v07.061.2022141163451,2022-05-09,aqua,Aqua 01:30,1.0,0.998,18.79,17.61,1.18,-2.24,5,hot
MYD11A2.A2022129.h18v07.061.2022141163451,2022-05-09,aqua,Aqua 13:30,1.0,1.0,43.01,41.45,1.56,-0.68,5,hot
MOD11A2.A2022129.h18v07.061.2022141153421,2022-05-09,terra,Terra 10:30,1.0,1.0,37.41,36.33,1.08,-0.85,5,hot
MOD11A2.A2022129.h18v07.061.2022141153421,2022-05-09,terra,Terra 22:30,1.0,1.0,22.45,22.03,0.42,-0.52,5,hot
MYD11A2.A2022137.h18v07.061.2022146044333,2022-05-17,aqua,Aqua 01:30,0.103,0.367,,,,,5,hot
MYD11A2.A2022137.h18v07.061.2022146044333,2022-05-17,aqua,Aqua 13:30,1.0,1.0,40.35,41.27,-0.92,-0.32,5,hot
MOD11A2.A2022137.h18v07.061.2022146050421,2022-05-17,terra,Terra 10:30,1.0,0.998,37.49,38.13,-0.64,-0.51,5,hot
MOD11A2.A2022137.h18v07.061.2022146050421,2022-05-17,terra,Terra 22:30,1.0,1.0,22.01,24.25,-2.24,-1.44,5,hot
MYD11A2.A2022145.h18v07.061.2022154071836,2022-05-25,aqua,Aqua 01:30,1.0,1.0,22.99,22.71,0.28,-0.85,5,hot
MYD11A2.A2022145.h18v07.061.2022154071836,2022-05-25,aqua,Aqua 13:30,1.0,0.999,44.49,45.89,-1.4,0.89,5,hot
MOD11A2.A2022145.h18v07.061.2022158003446,2022-05-25,terra,Terra 10:30,1.0,1.0,39.45,40.45,-1.0,0.65,5,hot
MOD11A2.A2022145.h18v07.061.2022154071720,2022-05-25,terra,Terra 10:30,1.0,1.0,39.45,40.45,-1.0,0.65,5,hot
MOD11A2.A2022145.h18v07.061.2022158003446,2022-05-25,terra,Terra 22:30,1.0,1.0,24.59,23.57,1.02,-1.62,5,hot
MOD11A2.A2022145.h18v07.061.2022154071720,2022-05-25,terra,Terra 22:30,1.0,1.0,24.59,23.57,1.02,-1.62,5,hot
MYD11A2.A2022153.h18v07.061.2022162064239,2022-06-02,aqua,Aqua 01:30,1.0,1.0,22.15,22.03,0.12,-0.81,6,wet
MYD11A2.A2022153.h18v07.061.2022162064239,2022-06-02,aqua,Aqua 13:30,1.0,0.998,40.14,41.81,-1.67,0.5,6,wet
MOD11A2.A2022153.h18v07.061.2022162063703,2022-06-02,terra,Terra 10:30,1.0,0.995,36.12,35.57,0.55,-0.41,6,wet
MOD11A2.A2022153.h18v07.061.2022162063703,2022-06-02,terra,Terra 22:30,0.786,0.915,,,,,6,wet
MYD11A2.A2022161.h18v07.061.2022170055430,2022-06-10,aqua,Aqua 01:30,0.822,0.977,20.61,21.33,-0.72,0.97,6,wet
MYD11A2.A2022161.h18v07.061.2022170055430,2022-06-10,aqua,Aqua 13:30,0.951,0.919,40.19,40.89,-0.7,0.23,6,wet
MOD11A2.A2022161.h18v07.061.2022170050450,2022-06-10,terra,Terra 10:30,0.559,0.776,,,,,6,wet
MOD11A2.A2022161.h18v07.061.2022170050450,2022-06-10,terra,Terra 22:30,1.0,0.982,24.03,22.39,1.64,-1.7,6,wet
MYD11A2.A2022169.h18v07.061.2022178040404,2022-06-18,aqua,Aqua 01:30,0.972,0.995,19.28,19.81,-0.53,1.07,6,wet
MYD11A2.A2022169.h18v07.061.2022178040404,2022-06-18,aqua,Aqua 13:30,0.974,0.971,36.61,35.51,1.1,-0.45,6,wet
MOD11A2.A2022169.h18v07.061.2022178214816,2022-06-18,terra,Terra 10:30,0.962,0.943,34.68,33.44,1.24,-1.6,6,wet
MOD11A2.A2022169.h18v07.061.2022178214816,2022-06-18,terra,Terra 22:30,1.0,1.0,23.23,23.15,0.08,-0.88,6,wet
MYD11A2.A2022177.h18v07.061.2022186044034,2022-06-26,aqua,Aqua 01:30,0.645,0.7,,,,,6,wet
MYD11A2.A2022177.h18v07.061.2022186044034,2022-06-26,aqua,Aqua 13:30,0.775,0.737,,,,,6,wet
MOD11A2.A2022177.h18v07.061.2022186043741,2022-06-26,terra,Terra 10:30,1.0,0.988,30.42,29.13,1.29,-3.15,6,wet
MOD11A2.A2022177.h18v07.061.2022186043741,2022-06-26,terra,Terra 22:30,0.998,1.0,22.71,23.09,-0.38,0.13,6,wet
MYD11A2.A2022185.h18v07.061.2022195020858,2022-07-04,aqua,Aqua 01:30,0.918,0.797,,,,,7,wet
MYD11A2.A2022185.h18v07.061.2022195020858,2022-07-04,aqua,Aqua 13:30,0.287,0.31,,,,,7,wet
MOD11A2.A2022185.h18v07.061.2022194193226,2022-07-04,terra,Terra 10:30,0.415,0.614,,,,,7,wet
MOD11A2.A2022185.h18v07.061.2022194193226,2022-07-04,terra,Terra 22:30,0.991,0.983,18.61,18.61,0.0,-0.56,7,wet
MYD11A2.A2022193.h18v07.061.2022202073305,2022-07-12,aqua,Aqua 01:30,0.003,0.037,,,,,7,wet
MYD11A2.A2022193.h18v07.061.2022202073305,2022-07-12,aqua,Aqua 13:30,0.066,0.045,,,,,7,wet
MOD11A2.A2022193.h18v07.061.2022202060902,2022-07-12,terra,Terra 10:30,0.538,0.277,,,,,7,wet
MOD11A2.A2022193.h18v07.061.2022202060902,2022-07-12,terra,Terra 22:30,0.749,0.493,,,,,7,wet
MYD11A2.A2022201.h18v07.061.2022215035549,2022-07-20,aqua,Aqua 01:30,0.286,0.334,,,,,7,wet
MYD11A2.A2022201.h18v07.061.2022215035549,2022-07-20,aqua,Aqua 13:30,0.26,0.401,,,,,7,wet
MOD11A2.A2022201.h18v07.061.2022215032139,2022-07-20,terra,Terra 10:30,0.885,0.818,32.51,32.34,0.17,-2.58,7,wet
MOD11A2.A2022201.h18v07.061.2022215032139,2022-07-20,terra,Terra 22:30,0.366,0.562,,,,,7,wet
MYD11A2.A2022209.h18v07.061.2022218041922,2022-07-28,aqua,Aqua 01:30,0.415,0.327,,,,,7,wet
MYD11A2.A2022209.h18v07.061.2022218041922,2022-07-28,aqua,Aqua 13:30,0.021,0.165,,,,,7,wet
MOD11A2.A2022209.h18v07.061.2022218040451,2022-07-28,terra,Terra 10:30,0.162,0.422,,,,,7,wet
MOD11A2.A2022209.h18v07.061.2022218040451,2022-07-28,terra,Terra 22:30,1.0,0.999,21.5,22.15,-0.65,0.12,7,wet
MYD11A2.A2022217.h18v07.061.2022232184450,2022-08-05,aqua,Aqua 01:30,1.0,1.0,21.83,21.83,0.0,-0.17,8,wet
MYD11A2.A2022217.h18v07.061.2022232184450,2022-08-05,aqua,Aqua 13:30,0.091,0.324,,,,,8,wet
MOD11A2.A2022217.h18v07.061.2022232185304,2022-08-05,terra,Terra 10:30,0.906,0.83,31.44,29.31,2.13,-3.94,8,wet
MOD11A2.A2022217.h18v07.061.2022232185304,2022-08-05,terra,Terra 22:30,1.0,1.0,23.79,23.71,0.08,-0.18,8,wet
MYD11A2.A2022225.h18v07.061.2022235000148,2022-08-13,aqua,Aqua 01:30,0.605,0.47,,,,,8,wet
MYD11A2.A2022225.h18v07.061.2022235000148,2022-08-13,aqua,Aqua 13:30,0.031,0.231,,,,,8,wet
MOD11A2.A2022225.h18v07.061.2022234232155,2022-08-13,terra,Terra 10:30,0.07,0.16,,,,,8,wet
MOD11A2.A2022225.h18v07.061.2022234232155,2022-08-13,terra,Terra 22:30,0.129,0.289,,,,,8,wet
MYD11A2.A2022233.h18v07.061.2022242035513,2022-08-21,aqua,Aqua 01:30,0.0,0.001,,,,,8,wet
MYD11A2.A2022233.h18v07.061.2022242035513,2022-08-21,aqua,Aqua 13:30,0.0,0.117,,,,,8,wet
MOD11A2.A2022233.h18v07.061.2022242035451,2022-08-21,terra,Terra 10:30,0.301,0.764,,,,,8,wet
MOD11A2.A2022233.h18v07.061.2022242035451,2022-08-21,terra,Terra 22:30,0.922,0.938,20.91,21.47,-0.56,0.28,8,wet
MYD11A2.A2022241.h18v07.061.2022250051116,2022-08-29,aqua,Aqua 01:30,0.99,0.767,,,,,8,wet
MYD11A2.A2022241.h18v07.061.2022250051116,2022-08-29,aqua,Aqua 13:30,0.411,0.779,,,,,8,wet
MOD11A2.A2022241.h18v07.061.2022251143416,2022-08-29,terra,Terra 10:30,0.188,0.438,,,,,8,wet
MOD11A2.A2022241.h18v07.061.2022251143416,2022-08-29,terra,Terra 22:30,0.216,0.244,,,,,8,wet
MYD11A2.A2022249.h18v07.061.2022258145648,2022-09-06,aqua,Aqua 01:30,0.0,0.0,,,,,9,wet
MYD11A2.A2022249.h18v07.061.2022258145648,2022-09-06,aqua,Aqua 13:30,0.983,0.999,34.11,31.94,2.17,-5.02,9,wet
MOD11A2.A2022249.h18v07.061.2022258144324,2022-09-06,terra,Terra 10:30,0.887,0.99,29.75,28.11,1.64,-4.17,9,wet
MOD11A2.A2022249.h18v07.061.2022258144324,2022-09-06,terra,Terra 22:30,0.15,0.415,,,,,9,wet
MYD11A2.A2022257.h18v07.061.2022266055712,2022-09-14,aqua,Aqua 01:30,0.685,0.803,,,,,9,wet
MYD11A2.A2022257.h18v07.061.2022266055712,2022-09-14,aqua,Aqua 13:30,0.171,0.568,,,,,9,wet
MOD11A2.A2022257.h18v07.061.2022266055132,2022-09-14,terra,Terra 10:30,0.951,0.993,31.51,29.19,2.32,-4.77,9,wet
MOD11A2.A2022257.h18v07.061.2022266055132,2022-09-14,terra,Terra 22:30,0.0,0.025,,,,,9,wet
MYD11A2.A2022265.h18v07.061.2022274054540,2022-09-22,aqua,Aqua 01:30,1.0,1.0,22.05,22.07,-0.02,-0.12,9,wet
MYD11A2.A2022265.h18v07.061.2022274054540,2022-09-22,aqua,Aqua 13:30,0.979,1.0,34.91,32.11,2.8,-4.07,9,wet
MYD11A2.A2022273.h18v07.061.2022284181950,2022-09-30,aqua,Aqua 01:30,1.0,1.0,22.53,22.43,0.1,-0.34,9,wet
MYD11A2.A2022273.h18v07.061.2022284181950,2022-09-30,aqua,Aqua 13:30,0.854,0.993,32.56,30.19,2.37,-3.08,9,wet
MOD11A2.A2022273.h18v07.061.2022282041753,2022-09-30,terra,Terra 10:30,0.988,1.0,33.85,28.83,5.02,-3.97,9,wet
MOD11A2.A2022273.h18v07.061.2022282041753,2022-09-30,terra,Terra 22:30,1.0,1.0,23.57,23.41,0.16,-0.58,9,wet
MYD11A2.A2022281.h18v07.061.2022290204158,2022-10-08,aqua,Aqua 01:30,1.0,1.0,20.41,19.95,0.46,-1.42,10,transition
MYD11A2.A2022281.h18v07.061.2022290204158,2022-10-08,aqua,Aqua 13:30,1.0,1.0,34.49,32.87,1.62,-2.91,10,transition
MYD11A2.A2022289.h18v07.061.2022300195645,2022-10-16,aqua,Aqua 01:30,1.0,1.0,18.12,16.85,1.27,-2.31,10,transition
MYD11A2.A2022289.h18v07.061.2022300195645,2022-10-16,aqua,Aqua 13:30,1.0,1.0,36.33,35.21,1.12,-2.85,10,transition
MYD11A2.A2022297.h18v07.061.2022306055519,2022-10-24,aqua,Aqua 01:30,1.0,1.0,18.12,16.65,1.47,-2.06,10,transition
MYD11A2.A2022297.h18v07.061.2022306055519,2022-10-24,aqua,Aqua 13:30,1.0,1.0,36.88,35.45,1.43,-1.8,10,transition
MYD11A2.A2022305.h18v07.061.2022315140515,2022-11-01,aqua,Aqua 01:30,0.949,1.0,16.77,15.49,1.28,-2.49,11,harmattan
MYD11A2.A2022305.h18v07.061.2022315140515,2022-11-01,aqua,Aqua 13:30,1.0,1.0,37.93,37.09,0.84,-0.93,11,harmattan
MOD11A2.A2022305.h18v07.061.2022315070535,2022-11-01,terra,Terra 10:30,1.0,1.0,34.01,33.33,0.68,-0.82,11,harmattan
MOD11A2.A2022305.h18v07.061.2022315070535,2022-11-01,terra,Terra 22:30,1.0,1.0,19.34,17.57,1.77,-1.77,11,harmattan
MYD11A2.A2022313.h18v07.061.2022322081952,2022-11-09,aqua,Aqua 01:30,1.0,1.0,17.26,15.43,1.83,-2.24,11,harmattan
MYD11A2.A2022313.h18v07.061.2022322081952,2022-11-09,aqua,Aqua 13:30,1.0,1.0,38.95,37.97,0.98,-0.89,11,harmattan
MOD11A2.A2022313.h18v07.061.2022322055345,2022-11-09,terra,Terra 10:30,1.0,1.0,34.31,34.01,0.3,-0.58,11,harmattan
MOD11A2.A2022313.h18v07.061.2022322055345,2022-11-09,terra,Terra 22:30,1.0,1.0,19.13,17.31,1.82,-1.84,11,harmattan
MYD11A2.A2022321.h18v07.061.2022330073114,2022-11-17,aqua,Aqua 01:30,1.0,1.0,15.21,13.37,1.84,-2.13,11,harmattan
MYD11A2.A2022321.h18v07.061.2022330073114,2022-11-17,aqua,Aqua 13:30,1.0,1.0,38.17,38.55,-0.38,0.13,11,harmattan
MOD11A2.A2022321.h18v07.061.2022330071729,2022-11-17,terra,Terra 10:30,1.0,1.0,35.9,35.97,-0.07,-0.33,11,harmattan
MOD11A2.A2022321.h18v07.061.2022330071729,2022-11-17,terra,Terra 22:30,1.0,1.0,17.85,16.03,1.82,-2.01,11,harmattan
MYD11A2.A2022329.h18v07.061.2022338055755,2022-11-25,aqua,Aqua 01:30,1.0,1.0,14.5,12.47,2.03,-2.51,11,harmattan
MYD11A2.A2022329.h18v07.061.2022338055755,2022-11-25,aqua,Aqua 13:30,1.0,1.0,36.85,37.15,-0.3,-0.53,11,harmattan
MOD11A2.A2022329.h18v07.061.2022351013837,2022-11-25,terra,Terra 10:30,1.0,1.0,33.27,33.61,-0.34,-0.19,11,harmattan
MOD11A2.A2022329.h18v07.061.2022351013837,2022-11-25,terra,Terra 22:30,1.0,1.0,16.95,15.07,1.88,-2.02,11,harmattan
MYD11A2.A2022337.h18v07.061.2022346190310,2022-12-03,aqua,Aqua 01:30,0.998,1.0,15.71,13.27,2.44,-2.49,12,harmattan
MYD11A2.A2022337.h18v07.061.2022346190310,2022-12-03,aqua,Aqua 13:30,1.0,1.0,36.59,37.07,-0.48,-0.01,12,harmattan
MYD11A2.A2022353.h18v07.061.2022363063328,2022-12-19,aqua,Aqua 01:30,0.97,0.996,13.23,10.89,2.34,-1.86,12,harmattan
MYD11A2.A2022353.h18v07.061.2022363063328,2022-12-19,aqua,Aqua 13:30,1.0,1.0,33.81,34.51,-0.7,0.76,12,harmattan
MOD11A2.A2022353.h18v07.061.2022363072606,2022-12-19,terra,Terra 10:30,1.0,1.0,28.77,28.49,0.28,-0.04,12,harmattan
MOD11A2.A2022353.h18v07.061.2022363072606,2022-12-19,terra,Terra 22:30,1.0,0.978,15.33,13.55,1.78,-1.64,12,harmattan
MYD11A2.A2022361.h18v07.061.2023006230640,2022-12-27,aqua,Aqua 01:30,0.998,0.993,13.05,11.25,1.8,-1.5,12,harmattan
MYD11A2.A2022361.h18v07.061.2023006230640,2022-12-27,aqua,Aqua 13:30,1.0,1.0,31.19,31.57,-0.38,0.18,12,harmattan
MOD11A2.A2022361.h18v07.061.2023006082354,2022-12-27,terra,Terra 10:30,1.0,1.0,26.27,26.59,-0.32,0.06,12,harmattan
MOD11A2.A2022361.h18v07.061.2023006082354,2022-12-27,terra,Terra 22:30,0.983,0.988,14.37,12.57,1.8,-1.69,12,harmattan
MYD11A2.A2023001.h18v07.061.2023010211057,2023-01-01,aqua,Aqua 01:30,1.0,0.999,12.53,10.77,1.76,-1.75,1,harmattan
MYD11A2.A2023001.h18v07.061.2023010211057,2023-01-01,aqua,Aqua 13:30,1.0,1.0,31.53,32.73,-1.2,0.1,1,harmattan
MYD11A2.A2023009.h18v07.061.2023020032256,2023-01-09,aqua,Aqua 01:30,0.998,0.996,12.77,10.37,2.4,-2.5,1,harmattan
MYD11A2.A2023009.h18v07.061.2023020032256,2023-01-09,aqua,Aqua 13:30,1.0,1.0,31.83,32.15,-0.32,0.32,1,harmattan
MOD11A2.A2023009.h18v07.061.2023020001502,2023-01-09,terra,Terra 10:30,1.0,1.0,27.53,26.01,1.52,-0.73,1,harmattan
MOD11A2.A2023009.h18v07.061.2023020001502,2023-01-09,terra,Terra 22:30,1.0,0.999,14.76,12.13,2.63,-2.08,1,harmattan
MYD11A2.A2023017.h18v07.061.2023027002607,2023-01-17,aqua,Aqua 01:30,1.0,1.0,13.76,11.47,2.29,-2.89,1,harmattan
MYD11A2.A2023017.h18v07.061.2023027002607,2023-01-17,aqua,Aqua 13:30,1.0,1.0,40.25,41.17,-0.92,0.27,1,harmattan
MOD11A2.A2023017.h18v07.061.2023027003707,2023-01-17,terra,Terra 10:30,1.0,1.0,30.93,31.17,-0.24,-0.07,1,harmattan
MOD11A2.A2023017.h18v07.061.2023027003707,2023-01-17,terra,Terra 22:30,1.0,1.0,16.41,14.21,2.2,-1.95,1,harmattan
MYD11A2.A2023025.h18v07.061.2023035003637,2023-01-25,aqua,Aqua 01:30,0.997,1.0,13.26,11.51,1.75,-3.22,1,harmattan
MYD11A2.A2023025.h18v07.061.2023035003637,2023-01-25,aqua,Aqua 13:30,1.0,1.0,42.38,43.23,-0.85,0.44,1,harmattan
MOD11A2.A2023025.h18v07.061.2023034222204,2023-01-25,terra,Terra 10:30,1.0,1.0,35.39,36.03,-0.64,-0.26,1,harmattan
MOD11A2.A2023025.h18v07.061.2023034222204,2023-01-25,terra,Terra 22:30,1.0,0.993,18.75,16.27,2.48,-2.46,1,harmattan
MYD11A2.A2023033.h18v07.061.2023042045511,2023-02-02,aqua,Aqua 01:30,0.998,1.0,14.07,11.67,2.4,-3.22,2,harmattan
MYD11A2.A2023033.h18v07.061.2023042045511,2023-02-02,aqua,Aqua 13:30,1.0,0.999,39.22,39.86,-0.64,0.23,2,harmattan
MOD11A2.A2023033.h18v07.061.2023042051604,2023-02-02,terra,Terra 10:30,1.0,0.997,30.59,30.31,0.28,-0.17,2,harmattan
MOD11A2.A2023033.h18v07.061.2023042051604,2023-02-02,terra,Terra 22:30,0.983,0.973,19.31,16.95,2.36,-1.83,2,harmattan
MYD11A2.A2023041.h18v07.061.2023056074840,2023-02-10,aqua,Aqua 01:30,0.923,0.83,15.95,13.43,2.52,-2.09,2,harmattan
MYD11A2.A2023041.h18v07.061.2023056074840,2023-02-10,aqua,Aqua 13:30,1.0,1.0,38.13,38.39,-0.26,-0.06,2,harmattan
MOD11A2.A2023041.h18v07.061.2023053173839,2023-02-10,terra,Terra 10:30,1.0,1.0,33.05,33.21,-0.16,-0.29,2,harmattan
MOD11A2.A2023041.h18v07.061.2023053173839,2023-02-10,terra,Terra 22:30,1.0,1.0,17.12,15.03,2.09,-1.56,2,harmattan
MYD11A2.A2023049.h18v07.061.2023059153003,2023-02-18,aqua,Aqua 01:30,0.382,0.346,,,,,2,harmattan
MYD11A2.A2023049.h18v07.061.2023059153003,2023-02-18,aqua,Aqua 13:30,1.0,1.0,35.15,35.77,-0.62,-0.04,2,harmattan
MOD11A2.A2023049.h18v07.061.2023059151700,2023-02-18,terra,Terra 10:30,1.0,1.0,31.45,31.53,-0.08,-0.25,2,harmattan
MOD11A2.A2023049.h18v07.061.2023059151700,2023-02-18,terra,Terra 22:30,0.962,0.775,,,,,2,harmattan
MYD11A2.A2023065.h18v07.061.2023074105930,2023-03-06,aqua,Aqua 01:30,0.882,0.544,,,,,3,hot
MYD11A2.A2023065.h18v07.061.2023074105930,2023-03-06,aqua,Aqua 13:30,1.0,1.0,42.76,45.17,-2.41,0.49,3,hot
MOD11A2.A2023065.h18v07.061.2023074073742,2023-03-06,terra,Terra 10:30,1.0,1.0,38.44,39.11,-0.67,0.67,3,hot
MOD11A2.A2023065.h18v07.061.2023074073742,2023-03-06,terra,Terra 22:30,0.969,0.907,18.33,16.65,1.68,-3.44,3,hot
MYD11A2.A2023073.h18v07.061.2023082040628,2023-03-14,aqua,Aqua 01:30,0.894,0.783,,,,,3,hot
MYD11A2.A2023073.h18v07.061.2023082040628,2023-03-14,aqua,Aqua 13:30,1.0,1.0,47.87,48.11,-0.24,-0.22,3,hot
MOD11A2.A2023073.h18v07.061.2023082041806,2023-03-14,terra,Terra 10:30,1.0,1.0,40.03,40.23,-0.2,-0.03,3,hot
MOD11A2.A2023073.h18v07.061.2023082041806,2023-03-14,terra,Terra 22:30,1.0,1.0,20.1,17.77,2.33,-2.48,3,hot
MYD11A2.A2023081.h18v07.061.2023090073233,2023-03-22,aqua,Aqua 01:30,0.997,0.987,19.61,17.55,2.06,-1.49,3,hot
MYD11A2.A2023081.h18v07.061.2023090073233,2023-03-22,aqua,Aqua 13:30,1.0,1.0,43.65,44.55,-0.9,0.64,3,hot
MOD11A2.A2023081.h18v07.061.2023090065948,2023-03-22,terra,Terra 10:30,1.0,1.0,39.41,39.79,-0.38,0.59,3,hot
MOD11A2.A2023081.h18v07.061.2023090065948,2023-03-22,terra,Terra 22:30,1.0,1.0,21.57,20.11,1.46,-1.55,3,hot
MYD11A2.A2023089.h18v07.061.2023100042024,2023-03-30,aqua,Aqua 01:30,0.943,0.653,,,,,3,hot
MYD11A2.A2023089.h18v07.061.2023100042024,2023-03-30,aqua,Aqua 13:30,1.0,1.0,45.65,44.57,1.08,-0.59,3,hot
MOD11A2.A2023089.h18v07.061.2023100040548,2023-03-30,terra,Terra 10:30,1.0,1.0,35.79,36.25,-0.46,0.5,3,hot
MOD11A2.A2023089.h18v07.061.2023100040548,2023-03-30,terra,Terra 22:30,1.0,1.0,21.13,18.95,2.18,-1.92,3,hot
MYD11A2.A2023097.h18v07.061.2023115163007,2023-04-07,aqua,Aqua 01:30,0.998,0.961,18.73,16.99,1.74,-2.33,4,hot
MYD11A2.A2023097.h18v07.061.2023115163007,2023-04-07,aqua,Aqua 13:30,0.993,0.962,41.15,40.09,1.06,-1.2,4,hot
MOD11A2.A2023097.h18v07.061.2023115133028,2023-04-07,terra,Terra 10:30,1.0,1.0,34.09,33.75,0.34,-0.4,4,hot
MOD11A2.A2023097.h18v07.061.2023115133028,2023-04-07,terra,Terra 22:30,1.0,1.0,21.83,19.31,2.52,-2.04,4,hot
MYD11A2.A2023105.h18v07.061.2023114151907,2023-04-15,aqua,Aqua 01:30,0.988,0.978,19.43,18.71,0.72,-2.07,4,hot
MYD11A2.A2023105.h18v07.061.2023114151907,2023-04-15,aqua,Aqua 13:30,1.0,1.0,46.43,46.19,0.24,-0.53,4,hot
MOD11A2.A2023105.h18v07.061.2023114150658,2023-04-15,terra,Terra 10:30,1.0,1.0,41.7,40.69,1.01,-0.33,4,hot
MOD11A2.A2023105.h18v07.061.2023114150658,2023-04-15,terra,Terra 22:30,0.99,0.904,24.42,22.53,1.89,-1.89,4,hot
MYD11A2.A2023113.h18v07.061.2023122183834,2023-04-23,aqua,Aqua 01:30,1.0,0.993,23.91,23.95,-0.04,-0.55,4,hot
MYD11A2.A2023113.h18v07.061.2023122183834,2023-04-23,aqua,Aqua 13:30,0.885,0.855,41.63,43.31,-1.68,-0.38,4,hot
MOD11A2.A2023113.h18v07.061.2023122031250,2023-04-23,terra,Terra 10:30,1.0,1.0,35.0,35.35,-0.35,-0.98,4,hot
MOD11A2.A2023113.h18v07.061.2023122031250,2023-04-23,terra,Terra 22:30,1.0,1.0,19.49,18.79,0.7,-0.75,4,hot
MYD11A2.A2023121.h18v07.061.2023130034829,2023-05-01,aqua,Aqua 01:30,1.0,1.0,20.97,20.09,0.88,-1.01,5,hot
MYD11A2.A2023121.h18v07.061.2023130034829,2023-05-01,aqua,Aqua 13:30,1.0,1.0,44.81,45.63,-0.82,-1.46,5,hot
MOD11A2.A2023121.h18v07.061.2023130040116,2023-05-01,terra,Terra 10:30,1.0,1.0,41.77,42.05,-0.28,-0.58,5,hot
MOD11A2.A2023121.h18v07.061.2023130040116,2023-05-01,terra,Terra 22:30,1.0,1.0,23.22,20.87,2.35,-1.53,5,hot
MYD11A2.A2023129.h18v07.061.2023144021958,2023-05-09,aqua,Aqua 01:30,0.713,0.514,,,,,5,hot
MYD11A2.A2023129.h18v07.061.2023144021958,2023-05-09,aqua,Aqua 13:30,0.963,0.931,42.25,43.93,-1.68,0.32,5,hot
MOD11A2.A2023129.h18v07.061.2023138044240,2023-05-09,terra,Terra 10:30,1.0,1.0,39.08,39.81,-0.73,-0.3,5,hot
MOD11A2.A2023129.h18v07.061.2023138044240,2023-05-09,terra,Terra 22:30,1.0,0.96,25.43,23.97,1.46,-0.75,5,hot
MYD11A2.A2023137.h18v07.061.2023146171858,2023-05-17,aqua,Aqua 01:30,0.969,0.872,24.47,24.03,0.44,-0.64,5,hot
MYD11A2.A2023137.h18v07.061.2023146171858,2023-05-17,aqua,Aqua 13:30,0.618,0.761,,,,,5,hot
MOD11A2.A2023137.h18v07.061.2023146170728,2023-05-17,terra,Terra 10:30,1.0,0.978,37.01,36.77,0.24,-0.08,5,hot
MOD11A2.A2023137.h18v07.061.2023146170728,2023-05-17,terra,Terra 22:30,0.033,0.214,,,,,5,hot
MYD11A2.A2023145.h18v07.061.2023154050339,2023-05-25,aqua,Aqua 01:30,0.819,0.716,,,,,5,hot
MYD11A2.A2023145.h18v07.061.2023154050339,2023-05-25,aqua,Aqua 13:30,1.0,0.998,41.61,42.7,-1.09,-0.21,5,hot
MOD11A2.A2023145.h18v07.061.2023154045027,2023-05-25,terra,Terra 10:30,0.998,1.0,36.59,36.51,0.08,-0.11,5,hot
MOD11A2.A2023145.h18v07.061.2023154045027,2023-05-25,terra,Terra 22:30,0.998,0.963,25.45,25.25,0.2,-0.71,5,hot
MYD11A2.A2023153.h18v07.061.2023164032336,2023-06-02,aqua,Aqua 01:30,0.376,0.441,,,,,6,wet
MYD11A2.A2023153.h18v07.061.2023164032336,2023-06-02,aqua,Aqua 13:30,0.997,0.987,41.43,41.79,-0.36,0.15,6,wet
MOD11A2.A2023153.h18v07.061.2023164033822,2023-06-02,terra,Terra 10:30,1.0,0.997,36.97,37.71,-0.74,0.35,6,wet
MOD11A2.A2023153.h18v07.061.2023164033822,2023-06-02,terra,Terra 22:30,1.0,1.0,22.83,22.17,0.66,-0.62,6,wet
MYD11A2.A2023161.h18v07.061.2023170175248,2023-06-10,aqua,Aqua 01:30,0.364,0.326,,,,,6,wet
MYD11A2.A2023161.h18v07.061.2023170175248,2023-06-10,aqua,Aqua 13:30,0.977,0.97,38.37,37.03,1.34,-1.11,6,wet
MOD11A2.A2023161.h18v07.061.2023170174527,2023-06-10,terra,Terra 10:30,1.0,0.996,35.11,33.73,1.38,-1.9,6,wet
MOD11A2.A2023161.h18v07.061.2023170174527,2023-06-10,terra,Terra 22:30,1.0,0.996,24.87,24.31,0.56,-0.69,6,wet
MYD11A2.A2023169.h18v07.061.2023178044409,2023-06-18,aqua,Aqua 01:30,0.728,0.692,,,,,6,wet
MYD11A2.A2023169.h18v07.061.2023178044409,2023-06-18,aqua,Aqua 13:30,1.0,0.983,36.19,34.99,1.2,-1.35,6,wet
MOD11A2.A2023169.h18v07.061.2023178033235,2023-06-18,terra,Terra 10:30,0.969,0.929,33.47,33.57,-0.1,-0.12,6,wet
MOD11A2.A2023169.h18v07.061.2023178033235,2023-06-18,terra,Terra 22:30,1.0,1.0,23.09,23.03,0.06,-0.47,6,wet
MYD11A2.A2023177.h18v07.061.2023192021936,2023-06-26,aqua,Aqua 01:30,0.944,0.978,22.25,22.03,0.22,-0.75,6,wet
MYD11A2.A2023177.h18v07.061.2023192021936,2023-06-26,aqua,Aqua 13:30,0.88,0.84,43.77,40.57,3.2,-1.66,6,wet
MOD11A2.A2023177.h18v07.061.2023191230237,2023-06-26,terra,Terra 10:30,0.936,0.904,34.01,32.35,1.66,-1.86,6,wet
MOD11A2.A2023177.h18v07.061.2023191230237,2023-06-26,terra,Terra 22:30,0.711,0.742,,,,,6,wet
MYD11A2.A2023185.h18v07.061.2023200152652,2023-07-04,aqua,Aqua 01:30,0.967,0.989,21.89,21.87,0.02,-0.56,7,wet
MYD11A2.A2023185.h18v07.061.2023200152652,2023-07-04,aqua,Aqua 13:30,1.0,0.998,37.24,36.43,0.81,-2.34,7,wet
MOD11A2.A2023185.h18v07.061.2023201042341,2023-07-04,terra,Terra 10:30,0.995,1.0,32.15,30.91,1.24,-1.29,7,wet
MOD11A2.A2023185.h18v07.061.2023201042341,2023-07-04,terra,Terra 22:30,1.0,0.982,24.94,24.21,0.73,-0.74,7,wet
MYD11A2.A2023193.h18v07.061.2023214031557,2023-07-12,aqua,Aqua 01:30,0.07,0.304,,,,,7,wet
MYD11A2.A2023193.h18v07.061.2023214031557,2023-07-12,aqua,Aqua 13:30,0.171,0.152,,,,,7,wet
MOD11A2.A2023193.h18v07.061.2023214105039,2023-07-12,terra,Terra 10:30,0.995,0.875,33.19,31.39,1.8,-3.0,7,wet
MOD11A2.A2023193.h18v07.061.2023214105039,2023-07-12,terra,Terra 22:30,0.941,0.44,,,,,7,wet
MYD11A2.A2023201.h18v07.061.2023215111818,2023-07-20,aqua,Aqua 01:30,0.995,0.979,19.71,19.81,-0.1,-0.07,7,wet
MYD11A2.A2023201.h18v07.061.2023215111818,2023-07-20,aqua,Aqua 13:30,0.922,0.913,33.05,30.63,2.42,-2.76,7,wet
MOD11A2.A2023201.h18v07.061.2023215144204,2023-07-20,terra,Terra 10:30,0.998,1.0,31.11,28.75,2.36,-3.02,7,wet
MOD11A2.A2023201.h18v07.061.2023215144204,2023-07-20,terra,Terra 22:30,0.767,0.894,,,,,7,wet
MYD11A2.A2023209.h18v07.061.2023220013213,2023-07-28,aqua,Aqua 01:30,0.328,0.193,,,,,7,wet
MYD11A2.A2023209.h18v07.061.2023220013213,2023-07-28,aqua,Aqua 13:30,0.017,0.156,,,,,7,wet
MOD11A2.A2023209.h18v07.061.2023220023848,2023-07-28,terra,Terra 10:30,0.605,0.654,,,,,7,wet
MOD11A2.A2023209.h18v07.061.2023220023848,2023-07-28,terra,Terra 22:30,1.0,0.931,22.95,23.05,-0.1,-0.3,7,wet
MYD11A2.A2023217.h18v07.061.2023226200722,2023-08-05,aqua,Aqua 01:30,0.0,0.0,,,,,8,wet
MYD11A2.A2023217.h18v07.061.2023226200722,2023-08-05,aqua,Aqua 13:30,0.089,0.336,,,,,8,wet
MOD11A2.A2023217.h18v07.061.2023226040057,2023-08-05,terra,Terra 10:30,0.0,0.042,,,,,8,wet
MOD11A2.A2023217.h18v07.061.2023226040057,2023-08-05,terra,Terra 22:30,0.768,0.245,,,,,8,wet
MYD11A2.A2023225.h18v07.061.2023235043457,2023-08-13,aqua,Aqua 01:30,0.092,0.102,,,,,8,wet
MYD11A2.A2023225.h18v07.061.2023235043457,2023-08-13,aqua,Aqua 13:30,0.84,0.909,34.32,30.63,3.69,-4.12,8,wet
MOD11A2.A2023225.h18v07.061.2023235044544,2023-08-13,terra,Terra 10:30,0.733,0.921,,,,,8,wet
MOD11A2.A2023225.h18v07.061.2023235044544,2023-08-13,terra,Terra 22:30,0.981,0.869,22.79,22.91,-0.12,-0.07,8,wet
MYD11A2.A2023233.h18v07.061.2023242035713,2023-08-21,aqua,Aqua 01:30,0.057,0.059,,,,,8,wet
MYD11A2.A2023233.h18v07.061.2023242035713,2023-08-21,aqua,Aqua 13:30,0.962,1.0,37.33,32.27,5.06,-4.79,8,wet
MOD11A2.A2023233.h18v07.061.2023242040222,2023-08-21,terra,Terra 10:30,0.833,0.999,29.41,27.79,1.62,-5.01,8,wet
MOD11A2.A2023233.h18v07.061.2023242040222,2023-08-21,terra,Terra 22:30,1.0,1.0,22.37,22.45,-0.08,-0.39,8,wet
MYD11A2.A2023241.h18v07.061.2023251215758,2023-08-29,aqua,Aqua 01:30,0.733,0.622,,,,,8,wet
MYD11A2.A2023241.h18v07.061.2023251215758,2023-08-29,aqua,Aqua 13:30,0.556,0.875,,,,,8,wet
MOD11A2.A2023241.h18v07.061.2023251220225,2023-08-29,terra,Terra 10:30,0.72,0.961,,,,,8,wet
MOD11A2.A2023241.h18v07.061.2023251220225,2023-08-29,terra,Terra 22:30,0.993,0.993,23.41,23.53,-0.12,-1.0,8,wet
MYD11A2.A2023249.h18v07.061.2023258041258,2023-09-06,aqua,Aqua 01:30,1.0,1.0,22.15,22.21,-0.06,-0.37,9,wet
MYD11A2.A2023249.h18v07.061.2023258041258,2023-09-06,aqua,Aqua 13:30,0.737,0.894,,,,,9,wet
MOD11A2.A2023249.h18v07.061.2023258040623,2023-09-06,terra,Terra 10:30,0.997,1.0,31.39,29.11,2.28,-3.52,9,wet
MOD11A2.A2023249.h18v07.061.2023258040623,2023-09-06,terra,Terra 22:30,1.0,1.0,22.93,22.59,0.34,-0.66,9,wet
MYD11A2.A2023257.h18v07.061.2023266042045,2023-09-14,aqua,Aqua 01:30,0.486,0.603,,,,,9,wet
MYD11A2.A2023257.h18v07.061.2023266042045,2023-09-14,aqua,Aqua 13:30,0.707,0.992,,,,,9,wet
MOD11A2.A2023257.h18v07.061.2023266043130,2023-09-14,terra,Terra 10:30,0.861,0.86,34.74,30.85,3.89,-3.91,9,wet
MOD11A2.A2023257.h18v07.061.2023266043130,2023-09-14,terra,Terra 22:30,1.0,1.0,22.69,22.65,0.04,-0.72,9,wet
MYD11A2.A2023265.h18v07.061.2023274040836,2023-09-22,aqua,Aqua 01:30,0.998,0.971,23.63,23.63,0.0,-1.28,9,wet
MYD11A2.A2023265.h18v07.061.2023274040836,2023-09-22,aqua,Aqua 13:30,0.944,1.0,37.78,35.07,2.71,-4.14,9,wet
MOD11A2.A2023265.h18v07.061.2023274040437,2023-09-22,terra,Terra 10:30,0.988,1.0,35.39,32.49,2.9,-2.77,9,wet
MOD11A2.A2023265.h18v07.061.2023274040437,2023-09-22,terra,Terra 22:30,1.0,1.0,25.6,24.81,0.79,-1.05,9,wet
MYD11A2.A2023273.h18v07.061.2023283204810,2023-09-30,aqua,Aqua 01:30,0.0,0.0,,,,,9,wet
MYD11A2.A2023273.h18v07.061.2023283204810,2023-09-30,aqua,Aqua 13:30,0.07,0.054,,,,,9,wet
MOD11A2.A2023273.h18v07.061.2023282035349,2023-09-30,terra,Terra 10:30,0.369,0.262,,,,,9,wet
MOD11A2.A2023273.h18v07.061.2023282035349,2023-09-30,terra,Terra 22:30,0.132,0.316,,,,,9,wet
MYD11A2.A2023281.h18v07.061.2023290182335,2023-10-08,aqua,Aqua 01:30,1.0,1.0,19.68,18.71,0.97,-1.42,10,transition
MYD11A2.A2023281.h18v07.061.2023290182335,2023-10-08,aqua,Aqua 13:30,1.0,1.0,34.1,32.67,1.43,-3.14,10,transition
MOD11A2.A2023281.h18v07.061.2023290175818,2023-10-08,terra,Terra 10:30,1.0,1.0,31.23,29.69,1.54,-2.68,10,transition
MOD11A2.A2023281.h18v07.061.2023290175818,2023-10-08,terra,Terra 22:30,1.0,1.0,21.89,21.09,0.8,-1.43,10,transition
MYD11A2.A2023289.h18v07.061.2023299011600,2023-10-16,aqua,Aqua 01:30,1.0,1.0,18.71,17.33,1.38,-2.23,10,transition
MYD11A2.A2023289.h18v07.061.2023299011600,2023-10-16,aqua,Aqua 13:30,1.0,1.0,39.15,37.71,1.44,-1.93,10,transition
MOD11A2.A2023289.h18v07.061.2023299012346,2023-10-16,terra,Terra 10:30,1.0,1.0,36.54,34.53,2.01,-3.44,10,transition
MOD11A2.A2023289.h18v07.061.2023299012346,2023-10-16,terra,Terra 22:30,0.995,0.91,20.37,18.59,1.78,-1.96,10,transition
MYD11A2.A2023297.h18v07.061.2023306035309,2023-10-24,aqua,Aqua 01:30,1.0,1.0,19.03,17.47,1.56,-2.36,10,transition
MYD11A2.A2023297.h18v07.061.2023306035309,2023-10-24,aqua,Aqua 13:30,1.0,1.0,39.83,38.65,1.18,-2.01,10,transition
MOD11A2.A2023297.h18v07.061.2023306035248,2023-10-24,terra,Terra 10:30,1.0,1.0,35.81,34.33,1.48,-2.12,10,transition
MOD11A2.A2023297.h18v07.061.2023306035248,2023-10-24,terra,Terra 22:30,1.0,1.0,21.56,19.71,1.85,-2.09,10,transition
MOD11A2.A2023305.h18v07.061.2023314050917,2023-11-01,terra,Terra 10:30,1.0,1.0,35.69,34.63,1.06,-1.34,11,harmattan
MOD11A2.A2023305.h18v07.061.2023314050917,2023-11-01,terra,Terra 22:30,1.0,1.0,21.24,19.51,1.73,-2.11,11,harmattan
MYD11A2.A2023313.h18v07.061.2023323023919,2023-11-09,aqua,Aqua 01:30,1.0,1.0,18.42,15.97,2.45,-2.74,11,harmattan
MYD11A2.A2023313.h18v07.061.2023323023919,2023-11-09,aqua,Aqua 13:30,1.0,1.0,41.71,40.91,0.8,-0.72,11,harmattan
MOD11A2.A2023313.h18v07.061.2023323022744,2023-11-09,terra,Terra 10:30,1.0,1.0,36.39,35.15,1.24,-1.17,11,harmattan
MOD11A2.A2023313.h18v07.061.2023323022744,2023-11-09,terra,Terra 22:30,1.0,1.0,20.33,18.49,1.84,-2.32,11,harmattan
MYD11A2.A2023321.h18v07.061.2023332023542,2023-11-17,aqua,Aqua 01:30,0.993,0.998,16.67,15.07,1.6,-1.77,11,harmattan
MYD11A2.A2023321.h18v07.061.2023332023542,2023-11-17,aqua,Aqua 13:30,1.0,1.0,36.35,36.55,-0.2,0.33,11,harmattan
MOD11A2.A2023321.h18v07.061.2023332023312,2023-11-17,terra,Terra 10:30,1.0,1.0,32.24,31.65,0.59,-0.42,11,harmattan
MOD11A2.A2023321.h18v07.061.2023332023312,2023-11-17,terra,Terra 22:30,1.0,1.0,19.73,18.13,1.6,-1.62,11,harmattan
MYD11A2.A2023329.h18v07.061.2023340053312,2023-11-25,aqua,Aqua 01:30,1.0,1.0,18.99,16.91,2.08,-2.31,11,harmattan
MYD11A2.A2023329.h18v07.061.2023340053312,2023-11-25,aqua,Aqua 13:30,1.0,1.0,41.19,41.69,-0.5,0.46,11,harmattan
MOD11A2.A2023329.h18v07.061.2023340053101,2023-11-25,terra,Terra 10:30,1.0,1.0,37.44,37.61,-0.17,-0.02,11,harmattan
MOD11A2.A2023329.h18v07.061.2023340053101,2023-11-25,terra,Terra 22:30,1.0,1.0,21.23,19.03,2.2,-2.26,11,harmattan
MYD11A2.A2023337.h18v07.061.2023346034305,2023-12-03,aqua,Aqua 01:30,1.0,1.0,15.35,12.99,2.36,-2.97,12,harmattan
MYD11A2.A2023337.h18v07.061.2023346034305,2023-12-03,aqua,Aqua 13:30,1.0,1.0,40.49,40.83,-0.34,-0.14,12,harmattan
MOD11A2.A2023337.h18v07.061.2023346033852,2023-12-03,terra,Terra 10:30,1.0,1.0,35.15,35.63,-0.48,0.0,12,harmattan
MOD11A2.A2023337.h18v07.061.2023346033852,2023-12-03,terra,Terra 22:30,1.0,1.0,18.8,16.61,2.19,-1.88,12,harmattan
MYD11A2.A2023345.h18v07.061.2023354050636,2023-12-11,aqua,Aqua 01:30,0.998,1.0,14.97,12.83,2.14,-1.83,12,harmattan
MYD11A2.A2023345.h18v07.061.2023354050636,2023-12-11,aqua,Aqua 13:30,1.0,1.0,35.67,36.13,-0.46,0.05,12,harmattan
MOD11A2.A2023345.h18v07.061.2023354053407,2023-12-11,terra,Terra 10:30,1.0,1.0,29.7,29.97,-0.27,0.07,12,harmattan
MOD11A2.A2023345.h18v07.061.2023354053407,2023-12-11,terra,Terra 22:30,1.0,1.0,17.09,15.13,1.96,-1.8,12,harmattan
MYD11A2.A2023353.h18v07.061.2023365110930,2023-12-19,aqua,Aqua 01:30,0.998,1.0,14.79,12.05,2.74,-2.07,12,harmattan
MYD11A2.A2023353.h18v07.061.2023365110930,2023-12-19,aqua,Aqua 13:30,1.0,1.0,38.81,39.27,-0.46,0.15,12,harmattan
MOD11A2.A2023353.h18v07.061.2023365114054,2023-12-19,terra,Terra 10:30,1.0,1.0,29.31,29.43,-0.12,-0.29,12,harmattan
MOD11A2.A2023353.h18v07.061.2023365114054,2023-12-19,terra,Terra 22:30,0.995,0.995,17.77,15.37,2.4,-1.85,12,harmattan
MYD11A2.A2023361.h18v07.061.2024006211758,2023-12-27,aqua,Aqua 01:30,0.986,1.0,12.73,10.15,2.58,-3.0,12,harmattan
MYD11A2.A2023361.h18v07.061.2024006211758,2023-12-27,aqua,Aqua 13:30,1.0,1.0,36.41,36.95,-0.54,0.23,12,harmattan
MOD11A2.A2023361.h18v07.061.2024005181645,2023-12-27,terra,Terra 10:30,1.0,1.0,29.87,29.97,-0.1,-0.19,12,harmattan
MOD11A2.A2023361.h18v07.061.2024005181645,2023-12-27,terra,Terra 22:30,0.911,0.744,,,,,12,harmattan
MYD11A2.A2024001.h18v07.061.2024011200052,2024-01-01,aqua,Aqua 01:30,1.0,0.998,12.55,10.31,2.24,-2.82,1,harmattan
MYD11A2.A2024001.h18v07.061.2024011200052,2024-01-01,aqua,Aqua 13:30,1.0,1.0,41.66,42.65,-0.99,0.44,1,harmattan
MOD11A2.A2024001.h18v07.061.2024011194708,2024-01-01,terra,Terra 10:30,1.0,1.0,32.67,32.67,0.0,-0.12,1,harmattan
MOD11A2.A2024001.h18v07.061.2024011194708,2024-01-01,terra,Terra 22:30,1.0,0.998,16.78,14.31,2.47,-2.33,1,harmattan
MYD11A2.A2024009.h18v07.061.2024025231017,2024-01-09,aqua,Aqua 01:30,0.991,0.993,13.59,11.03,2.56,-2.85,1,harmattan
MYD11A2.A2024009.h18v07.061.2024025231017,2024-01-09,aqua,Aqua 13:30,1.0,1.0,38.13,38.45,-0.32,0.0,1,harmattan
MOD11A2.A2024009.h18v07.061.2024022174909,2024-01-09,terra,Terra 10:30,1.0,1.0,29.51,29.53,-0.02,-0.52,1,harmattan
MOD11A2.A2024009.h18v07.061.2024022174909,2024-01-09,terra,Terra 22:30,0.99,0.958,16.57,13.87,2.7,-2.34,1,harmattan
MYD11A2.A2024017.h18v07.061.2024027225446,2024-01-17,aqua,Aqua 01:30,0.995,0.999,12.65,10.17,2.48,-3.37,1,harmattan
MYD11A2.A2024017.h18v07.061.2024027225446,2024-01-17,aqua,Aqua 13:30,1.0,1.0,41.13,41.41,-0.28,0.09,1,harmattan
MOD11A2.A2024017.h18v07.061.2024027224719,2024-01-17,terra,Terra 10:30,1.0,1.0,31.2,31.37,-0.17,-0.21,1,harmattan
MOD11A2.A2024017.h18v07.061.2024027224719,2024-01-17,terra,Terra 22:30,1.0,1.0,16.33,13.75,2.58,-2.46,1,harmattan
MYD11A2.A2024025.h18v07.061.2024039185350,2024-01-25,aqua,Aqua 01:30,0.986,0.998,14.64,12.45,2.19,-1.54,1,harmattan
MYD11A2.A2024025.h18v07.061.2024039185350,2024-01-25,aqua,Aqua 13:30,1.0,0.998,33.23,33.49,-0.26,-0.01,1,harmattan
MOD11A2.A2024025.h18v07.061.2024038083528,2024-01-25,terra,Terra 10:30,1.0,1.0,26.54,26.71,-0.17,0.83,1,harmattan
MOD11A2.A2024025.h18v07.061.2024038083528,2024-01-25,terra,Terra 22:30,0.977,0.949,15.23,14.34,0.89,-1.76,1,harmattan
MYD11A2.A2024033.h18v07.061.2024043153634,2024-02-02,aqua,Aqua 01:30,0.638,0.42,,,,,2,harmattan
MYD11A2.A2024033.h18v07.061.2024043153634,2024-02-02,aqua,Aqua 13:30,1.0,1.0,34.05,33.83,0.22,0.17,2,harmattan
MOD11A2.A2024033.h18v07.061.2024044083842,2024-02-02,terra,Terra 10:30,1.0,1.0,26.57,26.63,-0.06,-0.35,2,harmattan
MOD11A2.A2024033.h18v07.061.2024044083842,2024-02-02,terra,Terra 22:30,0.85,0.643,,,,,2,harmattan
MYD11A2.A2024041.h18v07.061.2024051161228,2024-02-10,aqua,Aqua 01:30,0.862,0.894,16.49,12.95,3.54,-3.65,2,harmattan
MYD11A2.A2024041.h18v07.061.2024051161228,2024-02-10,aqua,Aqua 13:30,1.0,1.0,43.75,44.61,-0.86,0.17,2,harmattan
MOD11A2.A2024041.h18v07.061.2024051155511,2024-02-10,terra,Terra 10:30,1.0,1.0,33.95,34.37,-0.42,-0.2,2,harmattan
MOD11A2.A2024041.h18v07.061.2024051155511,2024-02-10,terra,Terra 22:30,1.0,1.0,19.14,17.63,1.51,-1.74,2,harmattan
MYD11A2.A2024049.h18v07.061.2024061083930,2024-02-18,aqua,Aqua 01:30,0.213,0.099,,,,,2,harmattan
MYD11A2.A2024049.h18v07.061.2024061083930,2024-02-18,aqua,Aqua 13:30,1.0,0.998,43.46,42.41,1.05,-0.49,2,harmattan
MOD11A2.A2024049.h18v07.061.2024061081821,2024-02-18,terra,Terra 10:30,1.0,1.0,32.59,32.39,0.2,-0.49,2,harmattan
MOD11A2.A2024049.h18v07.061.2024061081821,2024-02-18,terra,Terra 22:30,0.742,0.328,,,,,2,harmattan
MYD11A2.A2024057.h18v07.061.2024066120235,2024-02-26,aqua,Aqua 01:30,1.0,1.0,21.22,19.77,1.45,-1.96,2,harmattan
MYD11A2.A2024057.h18v07.061.2024066120235,2024-02-26,aqua,Aqua 13:30,1.0,1.0,46.67,47.95,-1.28,1.01,2,harmattan
MOD11A2.A2024057.h18v07.061.2024066120200,2024-02-26,terra,Terra 10:30,1.0,1.0,35.07,36.41,-1.34,0.58,2,harmattan
MOD11A2.A2024057.h18v07.061.2024066120200,2024-02-26,terra,Terra 22:30,1.0,1.0,22.98,20.53,2.45,-1.73,2,harmattan
MYD11A2.A2024065.h18v07.061.2024074034337,2024-03-05,aqua,Aqua 01:30,1.0,1.0,20.32,18.21,2.11,-1.31,3,hot
MYD11A2.A2024065.h18v07.061.2024074034337,2024-03-05,aqua,Aqua 13:30,1.0,1.0,47.86,48.67,-0.81,-0.26,3,hot
MOD11A2.A2024065.h18v07.061.2024074031301,2024-03-05,terra,Terra 10:30,1.0,1.0,38.61,39.11,-0.5,-0.18,3,hot
MOD11A2.A2024065.h18v07.061.2024074031301,2024-03-05,terra,Terra 22:30,1.0,1.0,23.51,21.49,2.02,-2.36,3,hot
MYD11A2.A2024073.h18v07.061.2024085214945,2024-03-13,aqua,Aqua 01:30,1.0,1.0,20.83,19.37,1.46,-0.45,3,hot
MYD11A2.A2024073.h18v07.061.2024085214945,2024-03-13,aqua,Aqua 13:30,1.0,1.0,41.0,41.31,-0.31,-0.47,3,hot
MOD11A2.A2024073.h18v07.061.2024085212942,2024-03-13,terra,Terra 10:30,1.0,1.0,32.97,33.39,-0.42,0.93,3,hot
MOD11A2.A2024073.h18v07.061.2024085212942,2024-03-13,terra,Terra 22:30,1.0,1.0,22.98,21.45,1.53,-1.51,3,hot
MYD11A2.A2024081.h18v07.061.2024094195104,2024-03-21,aqua,Aqua 01:30,0.998,0.911,19.11,16.19,2.92,-3.07,3,hot
MYD11A2.A2024081.h18v07.061.2024094195104,2024-03-21,aqua,Aqua 13:30,1.0,1.0,42.25,44.05,-1.8,0.86,3,hot
MOD11A2.A2024081.h18v07.061.2024094201151,2024-03-21,terra,Terra 10:30,1.0,1.0,37.53,37.85,-0.32,0.22,3,hot
MOD11A2.A2024081.h18v07.061.2024094201151,2024-03-21,terra,Terra 22:30,1.0,1.0,23.58,21.05,2.53,-1.81,3,hot
MYD11A2.A2024089.h18v07.061.2024099145540,2024-03-29,aqua,Aqua 01:30,1.0,1.0,19.69,18.49,1.2,-2.13,3,hot
MYD11A2.A2024089.h18v07.061.2024099145540,2024-03-29,aqua,Aqua 13:30,1.0,1.0,45.56,46.93,-1.37,0.65,3,hot
MOD11A2.A2024089.h18v07.061.2024099144253,2024-03-29,terra,Terra 10:30,1.0,1.0,39.45,39.61,-0.16,-0.55,3,hot
MOD11A2.A2024089.h18v07.061.2024099144253,2024-03-29,terra,Terra 22:30,1.0,1.0,24.22,20.87,3.35,-3.03,3,hot
MYD11A2.A2024097.h18v07.061.2024106140342,2024-04-06,aqua,Aqua 01:30,1.0,0.963,21.59,18.37,3.22,-2.64,4,hot
MYD11A2.A2024097.h18v07.061.2024106140342,2024-04-06,aqua,Aqua 13:30,1.0,1.0,42.23,42.85,-0.62,0.01,4,hot
MOD11A2.A2024097.h18v07.061.2024106140045,2024-04-06,terra,Terra 10:30,1.0,1.0,38.76,39.27,-0.51,0.43,4,hot
MOD11A2.A2024097.h18v07.061.2024106140045,2024-04-06,terra,Terra 22:30,1.0,0.993,23.36,21.51,1.85,-1.77,4,hot
MYD11A2.A2024105.h18v07.061.2024115214952,2024-04-14,aqua,Aqua 01:30,1.0,1.0,21.53,19.03,2.5,-3.33,4,hot
MYD11A2.A2024105.h18v07.061.2024115214952,2024-04-14,aqua,Aqua 13:30,1.0,1.0,44.87,46.25,-1.38,1.79,4,hot
MOD11A2.A2024105.h18v07.061.2024115215701,2024-04-14,terra,Terra 10:30,1.0,1.0,40.73,41.41,-0.68,0.35,4,hot
MOD11A2.A2024105.h18v07.061.2024115215701,2024-04-14,terra,Terra 22:30,1.0,1.0,23.79,21.85,1.94,-1.78,4,hot
MYD11A2.A2024113.h18v07.061.2024122065635,2024-04-22,aqua,Aqua 01:30,0.997,0.945,19.51,18.69,0.82,-1.49,4,hot
MYD11A2.A2024113.h18v07.061.2024122065635,2024-04-22,aqua,Aqua 13:30,1.0,1.0,41.09,44.21,-3.12,0.93,4,hot
MOD11A2.A2024113.h18v07.061.2024122121036,2024-04-22,terra,Terra 10:30,1.0,1.0,39.03,38.49,0.54,0.7,4,hot
MOD11A2.A2024113.h18v07.061.2024122121036,2024-04-22,terra,Terra 22:30,1.0,0.978,27.46,26.19,1.27,-2.26,4,hot
MYD11A2.A2024121.h18v07.061.2024132011951,2024-04-30,aqua,Aqua 01:30,1.0,1.0,22.99,22.07,0.92,-1.65,4,hot
MYD11A2.A2024121.h18v07.061.2024132011951,2024-04-30,aqua,Aqua 13:30,1.0,1.0,42.68,43.77,-1.09,0.6,4,hot
MOD11A2.A2024121.h18v07.061.2024132011345,2024-04-30,terra,Terra 10:30,1.0,0.999,36.87,36.95,-0.08,0.11,4,hot
MOD11A2.A2024121.h18v07.061.2024132011345,2024-04-30,terra,Terra 22:30,1.0,1.0,27.91,27.29,0.62,-0.78,4,hot
MYD11A2.A2024129.h18v07.061.2024142154712,2024-05-08,aqua,Aqua 01:30,1.0,0.966,19.69,19.27,0.42,-0.07,5,hot
MYD11A2.A2024129.h18v07.061.2024142154712,2024-05-08,aqua,Aqua 13:30,1.0,1.0,44.08,43.53,0.55,-1.12,5,hot
MOD11A2.A2024129.h18v07.061.2024154010808,2024-05-08,terra,Terra 10:30,0.96,0.9,31.79,32.29,-0.5,-0.35,5,hot
MOD11A2.A2024129.h18v07.061.2024142144515,2024-05-08,terra,Terra 10:30,0.96,0.9,31.79,32.29,-0.5,-0.35,5,hot
MOD11A2.A2024129.h18v07.061.2024154010808,2024-05-08,terra,Terra 22:30,1.0,1.0,23.11,22.13,0.98,-0.69,5,hot
MOD11A2.A2024129.h18v07.061.2024142144515,2024-05-08,terra,Terra 22:30,1.0,1.0,23.11,22.13,0.98,-0.69,5,hot
MYD11A2.A2024137.h18v07.061.2024148190755,2024-05-16,aqua,Aqua 01:30,1.0,1.0,24.27,23.57,0.7,-1.43,5,hot
MYD11A2.A2024137.h18v07.061.2024148190755,2024-05-16,aqua,Aqua 13:30,1.0,1.0,44.01,44.65,-0.64,0.96,5,hot
MOD11A2.A2024137.h18v07.061.2024148190339,2024-05-16,terra,Terra 10:30,1.0,1.0,38.73,37.71,1.02,-0.56,5,hot
MOD11A2.A2024137.h18v07.061.2024148190339,2024-05-16,terra,Terra 22:30,1.0,1.0,27.45,25.75,1.7,-1.37,5,hot
MYD11A2.A2024145.h18v07.061.2024157110358,2024-05-24,aqua,Aqua 01:30,1.0,1.0,23.06,22.65,0.41,-0.9,5,hot
MYD11A2.A2024145.h18v07.061.2024157110358,2024-05-24,aqua,Aqua 13:30,1.0,1.0,41.21,41.89,-0.68,0.63,5,hot
MOD11A2.A2024145.h18v07.061.2024157203709,2024-05-24,terra,Terra 10:30,1.0,0.999,36.77,37.29,-0.52,-0.73,5,hot
MOD11A2.A2024145.h18v07.061.2024157203709,2024-05-24,terra,Terra 22:30,1.0,1.0,25.63,25.61,0.02,-0.24,5,hot
MYD11A2.A2024153.h18v07.061.2024162203053,2024-06-01,aqua,Aqua 01:30,1.0,1.0,20.14,17.93,2.21,-1.24,6,wet
MYD11A2.A2024153.h18v07.061.2024162203053,2024-06-01,aqua,Aqua 13:30,1.0,0.994,34.41,33.93,0.48,-1.06,6,wet
MOD11A2.A2024153.h18v07.061.2024162202459,2024-06-01,terra,Terra 10:30,1.0,1.0,30.48,30.85,-0.37,-0.37,6,wet
MOD11A2.A2024153.h18v07.061.2024162202459,2024-06-01,terra,Terra 22:30,0.997,0.934,19.26,18.95,0.31,-2.1,6,wet
MYD11A2.A2024161.h18v07.061.2024175161333,2024-06-09,aqua,Aqua 01:30,1.0,1.0,23.36,20.07,3.29,0.29,6,wet
MYD11A2.A2024161.h18v07.061.2024175161333,2024-06-09,aqua,Aqua 13:30,1.0,0.983,34.35,34.06,0.29,-1.51,6,wet
MOD11A2.A2024161.h18v07.061.2024175161906,2024-06-09,terra,Terra 10:30,0.934,0.958,31.23,30.75,0.48,-1.33,6,wet
MOD11A2.A2024161.h18v07.061.2024175161906,2024-06-09,terra,Terra 22:30,1.0,1.0,23.41,23.41,0.0,-0.43,6,wet
MYD11A2.A2024169.h18v07.061.2024180081037,2024-06-17,aqua,Aqua 01:30,1.0,1.0,21.47,21.29,0.18,-0.39,6,wet
MYD11A2.A2024169.h18v07.061.2024180081037,2024-06-17,aqua,Aqua 13:30,1.0,0.978,32.97,32.75,0.22,-1.71,6,wet
MOD11A2.A2024169.h18v07.061.2024181135544,2024-06-17,terra,Terra 10:30,0.998,0.981,26.83,26.11,0.72,-1.76,6,wet
MOD11A2.A2024169.h18v07.061.2024181135544,2024-06-17,terra,Terra 22:30,1.0,1.0,24.03,24.03,0.0,-0.64,6,wet
MYD11A2.A2024177.h18v07.061.2024186042322,2024-06-25,aqua,Aqua 01:30,0.272,0.346,,,,,6,wet
MYD11A2.A2024177.h18v07.061.2024186042322,2024-06-25,aqua,Aqua 13:30,0.808,0.744,,,,,6,wet
MOD11A2.A2024177.h18v07.061.2024186041049,2024-06-25,terra,Terra 10:30,0.059,0.35,,,,,6,wet
MOD11A2.A2024177.h18v07.061.2024186041049,2024-06-25,terra,Terra 22:30,1.0,1.0,23.35,22.81,0.54,-1.03,6,wet
MYD11A2.A2024185.h18v07.061.2024195055618,2024-07-03,aqua,Aqua 01:30,0.092,0.504,,,,,7,wet
MYD11A2.A2024185.h18v07.061.2024195055618,2024-07-03,aqua,Aqua 13:30,0.594,0.625,,,,,7,wet
MOD11A2.A2024185.h18v07.061.2024195062020,2024-07-03,terra,Terra 10:30,0.779,0.41,,,,,7,wet
MOD11A2.A2024185.h18v07.061.2024195062020,2024-07-03,terra,Terra 22:30,1.0,1.0,24.83,24.73,0.1,-0.36,7,wet
MYD11A2.A2024193.h18v07.061.2024202040427,2024-07-11,aqua,Aqua 01:30,0.0,0.0,,,,,7,wet
MYD11A2.A2024193.h18v07.061.2024202040427,2024-07-11,aqua,Aqua 13:30,0.333,0.523,,,,,7,wet
MOD11A2.A2024193.h18v07.061.2024202041220,2024-07-11,terra,Terra 10:30,0.099,0.491,,,,,7,wet
MOD11A2.A2024193.h18v07.061.2024202041220,2024-07-11,terra,Terra 22:30,0.538,0.54,,,,,7,wet
MYD11A2.A2024201.h18v07.061.2024211133455,2024-07-19,aqua,Aqua 01:30,0.159,0.0,,,,,7,wet
MYD11A2.A2024201.h18v07.061.2024211133455,2024-07-19,aqua,Aqua 13:30,0.225,0.153,,,,,7,wet
MOD11A2.A2024201.h18v07.061.2024211132959,2024-07-19,terra,Terra 10:30,0.192,0.399,,,,,7,wet
MOD11A2.A2024201.h18v07.061.2024211132959,2024-07-19,terra,Terra 22:30,0.0,0.0,,,,,7,wet
MYD11A2.A2024209.h18v07.061.2024222043455,2024-07-27,aqua,Aqua 01:30,0.984,0.738,,,,,7,wet
MYD11A2.A2024209.h18v07.061.2024222043455,2024-07-27,aqua,Aqua 13:30,0.0,0.0,,,,,7,wet
MOD11A2.A2024209.h18v07.061.2024222024551,2024-07-27,terra,Terra 10:30,0.078,0.061,,,,,7,wet
MOD11A2.A2024209.h18v07.061.2024222024551,2024-07-27,terra,Terra 22:30,1.0,1.0,22.85,23.01,-0.16,-0.31,7,wet
MYD11A2.A2024217.h18v07.061.2024228053147,2024-08-04,aqua,Aqua 01:30,0.0,0.0,,,,,8,wet
MYD11A2.A2024217.h18v07.061.2024228053147,2024-08-04,aqua,Aqua 13:30,0.078,0.451,,,,,8,wet
MOD11A2.A2024217.h18v07.061.2024228063339,2024-08-04,terra,Terra 10:30,0.152,0.522,,,,,8,wet
MOD11A2.A2024217.h18v07.061.2024228063339,2024-08-04,terra,Terra 22:30,1.0,1.0,22.67,22.79,-0.12,-0.35,8,wet
MYD11A2.A2024225.h18v07.061.2024240012603,2024-08-12,aqua,Aqua 01:30,0.0,0.0,,,,,8,wet
MYD11A2.A2024225.h18v07.061.2024240012603,2024-08-12,aqua,Aqua 13:30,0.162,0.441,,,,,8,wet
MOD11A2.A2024225.h18v07.061.2024240011755,2024-08-12,terra,Terra 10:30,0.019,0.141,,,,,8,wet
MOD11A2.A2024225.h18v07.061.2024240011755,2024-08-12,terra,Terra 22:30,0.125,0.159,,,,,8,wet
MOD11A2.A2024233.h18v07.061.2024247153659,2024-08-20,terra,Terra 10:30,0.0,0.052,,,,,8,wet
MOD11A2.A2024233.h18v07.061.2024247153659,2024-08-20,terra,Terra 22:30,0.531,0.719,,,,,8,wet
MYD11A2.A2024241.h18v07.061.2024250060622,2024-08-28,aqua,Aqua 01:30,0.003,0.113,,,,,8,wet
MYD11A2.A2024241.h18v07.061.2024250060622,2024-08-28,aqua,Aqua 13:30,0.648,0.826,,,,,8,wet
MOD11A2.A2024241.h18v07.061.2024250053334,2024-08-28,terra,Terra 10:30,0.0,0.002,,,,,8,wet
MOD11A2.A2024241.h18v07.061.2024250053334,2024-08-28,terra,Terra 22:30,0.0,0.0,,,,,8,wet
MYD11A2.A2024249.h18v07.061.2024258083447,2024-09-05,aqua,Aqua 01:30,0.479,0.333,,,,,9,wet
MYD11A2.A2024249.h18v07.061.2024258083447,2024-09-05,aqua,Aqua 13:30,0.463,0.909,,,,,9,wet
MOD11A2.A2024249.h18v07.061.2024258083223,2024-09-05,terra,Terra 10:30,0.561,0.672,,,,,9,wet
MOD11A2.A2024249.h18v07.061.2024258083223,2024-09-05,terra,Terra 22:30,1.0,1.0,23.81,24.39,-0.58,0.01,9,wet
MYD11A2.A2024257.h18v07.061.2024268161631,2024-09-13,aqua,Aqua 01:30,0.016,0.196,,,,,9,wet
MYD11A2.A2024257.h18v07.061.2024268161631,2024-09-13,aqua,Aqua 13:30,0.956,0.993,33.53,31.17,2.36,-3.81,9,wet
MOD11A2.A2024257.h18v07.061.2024268161529,2024-09-13,terra,Terra 10:30,0.838,0.968,30.85,28.43,2.42,-3.71,9,wet
MOD11A2.A2024257.h18v07.061.2024268161529,2024-09-13,terra,Terra 22:30,0.993,0.99,21.8,22.11,-0.31,-0.93,9,wet
MYD11A2.A2024265.h18v07.061.2024274192510,2024-09-21,aqua,Aqua 01:30,1.0,1.0,21.77,21.45,0.32,-0.55,9,wet
MYD11A2.A2024265.h18v07.061.2024274192510,2024-09-21,aqua,Aqua 13:30,0.925,1.0,31.37,30.27,1.1,-3.44,9,wet
MOD11A2.A2024265.h18v07.061.2024275154924,2024-09-21,terra,Terra 10:30,1.0,1.0,30.97,28.29,2.68,-3.52,9,wet
MOD11A2.A2024265.h18v07.061.2024275154924,2024-09-21,terra,Terra 22:30,0.495,0.557,,,,,9,wet
MYD11A2.A2024273.h18v07.061.2024284131912,2024-09-29,aqua,Aqua 01:30,1.0,1.0,22.71,22.43,0.28,-0.75,9,wet
MYD11A2.A2024273.h18v07.061.2024284131912,2024-09-29,aqua,Aqua 13:30,0.636,0.948,,,,,9,wet
MOD11A2.A2024273.h18v07.061.2024283223439,2024-09-29,terra,Terra 10:30,0.995,1.0,32.41,29.41,3.0,-3.13,9,wet
MOD11A2.A2024273.h18v07.061.2024283223439,2024-09-29,terra,Terra 22:30,1.0,1.0,23.37,22.91,0.46,-0.66,9,wet
MYD11A2.A2024281.h18v07.061.2024290063708,2024-10-07,aqua,Aqua 01:30,1.0,0.929,23.59,23.17,0.42,-0.83,10,transition
MYD11A2.A2024281.h18v07.061.2024290063708,2024-10-07,aqua,Aqua 13:30,0.972,0.999,36.27,33.64,2.63,-2.96,10,transition
MOD11A2.A2024281.h18v07.061.2024290063425,2024-10-07,terra,Terra 10:30,0.998,1.0,32.71,30.25,2.46,-3.24,10,transition
MOD11A2.A2024281.h18v07.061.2024290063425,2024-10-07,terra,Terra 22:30,1.0,1.0,24.67,24.03,0.64,-0.87,10,transition
MYD11A2.A2024289.h18v07.061.2024298151042,2024-10-15,aqua,Aqua 01:30,0.62,0.637,,,,,10,transition
MYD11A2.A2024289.h18v07.061.2024298151042,2024-10-15,aqua,Aqua 13:30,1.0,1.0,38.51,35.61,2.9,-3.58,10,transition
MOD11A2.A2024289.h18v07.061.2024298145332,2024-10-15,terra,Terra 10:30,1.0,1.0,35.44,33.13,2.31,-3.39,10,transition
MOD11A2.A2024289.h18v07.061.2024298145332,2024-10-15,terra,Terra 22:30,0.991,0.994,23.99,22.99,1.0,-0.77,10,transition
MYD11A2.A2024297.h18v07.061.2024306213639,2024-10-23,aqua,Aqua 01:30,1.0,1.0,18.51,16.97,1.54,-1.82,10,transition
MYD11A2.A2024297.h18v07.061.2024306213639,2024-10-23,aqua,Aqua 13:30,1.0,1.0,35.49,33.57,1.92,-2.28,10,transition
MOD11A2.A2024297.h18v07.061.2024306220030,2024-10-23,terra,Terra 10:30,1.0,1.0,30.87,29.67,1.2,-1.91,10,transition
MOD11A2.A2024297.h18v07.061.2024306220030,2024-10-23,terra,Terra 22:30,1.0,1.0,20.94,19.29,1.65,-1.94,10,transition
MYD11A2.A2024305.h18v07.061.2024317192837,2024-10-31,aqua,Aqua 01:30,1.0,1.0,16.6,14.91,1.69,-1.77,10,transition
MYD11A2.A2024305.h18v07.061.2024317192837,2024-10-31,aqua,Aqua 13:30,1.0,1.0,35.04,33.69,1.35,-1.7,10,transition
MOD11A2.A2024305.h18v07.061.2024317192832,2024-10-31,terra,Terra 10:30,1.0,1.0,30.88,29.59,1.29,-1.94,10,transition
MOD11A2.A2024305.h18v07.061.2024317192832,2024-10-31,terra,Terra 22:30,1.0,1.0,19.5,17.59,1.91,-1.97,10,transition
MYD11A2.A2024313.h18v07.061.2024327021042,2024-11-08,aqua,Aqua 01:30,1.0,1.0,17.4,15.33,2.07,-2.23,11,harmattan
MYD11A2.A2024313.h18v07.061.2024327021042,2024-11-08,aqua,Aqua 13:30,1.0,1.0,36.21,35.31,0.9,-0.92,11,harmattan
MOD11A2.A2024313.h18v07.061.2024327015511,2024-11-08,terra,Terra 10:30,1.0,1.0,32.79,31.97,0.82,-1.07,11,harmattan
MOD11A2.A2024313.h18v07.061.2024327015511,2024-11-08,terra,Terra 22:30,1.0,1.0,19.75,17.77,1.98,-2.08,11,harmattan
MYD11A2.A2024321.h18v07.061.2024337171820,2024-11-16,aqua,Aqua 01:30,1.0,1.0,14.85,12.65,2.2,-2.36,11,harmattan
MYD11A2.A2024321.h18v07.061.2024337171820,2024-11-16,aqua,Aqua 13:30,1.0,1.0,36.55,35.81,0.74,-0.85,11,harmattan
MOD11A2.A2024321.h18v07.061.2024337172551,2024-11-16,terra,Terra 10:30,1.0,1.0,30.94,30.59,0.35,-0.76,11,harmattan
MOD11A2.A2024321.h18v07.061.2024337172551,2024-11-16,terra,Terra 22:30,1.0,1.0,17.61,15.51,2.1,-2.09,11,harmattan
MYD11A2.A2024329.h18v07.061.2024338041803,2024-11-24,aqua,Aqua 01:30,1.0,1.0,14.63,12.05,2.58,-2.4,11,harmattan
MYD11A2.A2024329.h18v07.061.2024338041803,2024-11-24,aqua,Aqua 13:30,1.0,1.0,33.52,33.51,0.01,-0.25,11,harmattan
MOD11A2.A2024329.h18v07.061.2024338045021,2024-11-24,terra,Terra 10:30,1.0,1.0,28.21,28.33,-0.12,-0.23,11,harmattan
MOD11A2.A2024329.h18v07.061.2024338045021,2024-11-24,terra,Terra 22:30,1.0,1.0,16.86,14.89,1.97,-1.94,11,harmattan
MYD11A2.A2024337.h18v07.061.2024347151321,2024-12-02,aqua,Aqua 01:30,1.0,1.0,12.91,10.45,2.46,-2.37,12,harmattan
MYD11A2.A2024337.h18v07.061.2024347151321,2024-12-02,aqua,Aqua 13:30,1.0,1.0,34.23,34.43,-0.2,-0.07,12,harmattan
MOD11A2.A2024337.h18v07.061.2024347150506,2024-12-02,terra,Terra 10:30,1.0,1.0,28.2,27.79,0.41,-0.56,12,harmattan
MOD11A2.A2024337.h18v07.061.2024347150506,2024-12-02,terra,Terra 22:30,1.0,1.0,16.03,14.09,1.94,-1.78,12,harmattan
MYD11A2.A2024345.h18v07.061.2024359030234,2024-12-10,aqua,Aqua 01:30,1.0,1.0,14.67,11.93,2.74,-2.44,12,harmattan
MYD11A2.A2024345.h18v07.061.2024359030234,2024-12-10,aqua,Aqua 13:30,1.0,1.0,36.55,36.59,-0.04,-0.01,12,harmattan
MOD11A2.A2024345.h18v07.061.2024359025519,2024-12-10,terra,Terra 10:30,1.0,1.0,29.13,28.21,0.92,-0.01,12,harmattan
MOD11A2.A2024345.h18v07.061.2024359025519,2024-12-10,terra,Terra 22:30,1.0,1.0,16.37,14.15,2.22,-1.9,12,harmattan
MYD11A2.A2024353.h18v07.061.2025001035206,2024-12-18,aqua,Aqua 01:30,0.998,1.0,12.97,10.83,2.14,-2.03,12,harmattan
MYD11A2.A2024353.h18v07.061.2025001035206,2024-12-18,aqua,Aqua 13:30,1.0,1.0,33.57,33.83,-0.26,-0.51,12,harmattan
MOD11A2.A2024353.h18v07.061.2024366031643,2024-12-18,terra,Terra 10:30,1.0,1.0,26.99,26.79,0.2,0.28,12,harmattan
MOD11A2.A2024353.h18v07.061.2024366031643,2024-12-18,terra,Terra 22:30,1.0,1.0,15.27,13.31,1.96,-1.76,12,harmattan
MYD11A2.A2024361.h18v07.061.2025004044003,2024-12-26,aqua,Aqua 01:30,0.995,0.999,12.49,9.97,2.52,-2.08,12,harmattan
MYD11A2.A2024361.h18v07.061.2025004044003,2024-12-26,aqua,Aqua 13:30,1.0,1.0,34.91,35.31,-0.4,-0.1,12,harmattan
MYD11A2.A2025001.h18v07.061.2025011015313,2025-01-01,aqua,Aqua 01:30,0.993,0.985,13.03,11.47,1.56,-2.78,1,harmattan
MYD11A2.A2025001.h18v07.061.2025011015313,2025-01-01,aqua,Aqua 13:30,1.0,1.0,36.17,36.59,-0.42,0.08,1,harmattan
MOD11A2.A2025001.h18v07.061.2025011011324,2025-01-01,terra,Terra 10:30,1.0,1.0,26.63,26.63,0.0,-0.73,1,harmattan
MOD11A2.A2025001.h18v07.061.2025011011324,2025-01-01,terra,Terra 22:30,1.0,0.997,17.01,14.51,2.5,-1.99,1,harmattan
MYD11A2.A2025009.h18v07.061.2025021212808,2025-01-09,aqua,Aqua 01:30,0.995,1.0,12.79,10.57,2.22,-2.37,1,harmattan
MYD11A2.A2025009.h18v07.061.2025021212808,2025-01-09,aqua,Aqua 13:30,1.0,1.0,35.01,35.81,-0.8,0.27,1,harmattan
MOD11A2.A2025009.h18v07.061.2025022174229,2025-01-09,terra,Terra 10:30,1.0,1.0,26.41,25.89,0.52,-0.6,1,harmattan
MOD11A2.A2025009.h18v07.061.2025022174229,2025-01-09,terra,Terra 22:30,1.0,1.0,16.19,13.95,2.24,-1.89,1,harmattan
MYD11A2.A2025017.h18v07.061.2025030194256,2025-01-17,aqua,Aqua 01:30,1.0,1.0,12.85,11.05,1.8,-3.6,1,harmattan
MYD11A2.A2025017.h18v07.061.2025030194256,2025-01-17,aqua,Aqua 13:30,1.0,1.0,37.51,38.45,-0.94,0.24,1,harmattan
MOD11A2.A2025017.h18v07.061.2025030194909,2025-01-17,terra,Terra 10:30,1.0,1.0,29.47,29.27,0.2,-0.29,1,harmattan
MOD11A2.A2025017.h18v07.061.2025030194909,2025-01-17,terra,Terra 22:30,1.0,0.999,19.55,17.35,2.2,-1.94,1,harmattan
MYD11A2.A2025025.h18v07.061.2025035183832,2025-01-25,aqua,Aqua 01:30,0.998,1.0,12.31,10.03,2.28,-2.53,1,harmattan
MYD11A2.A2025025.h18v07.061.2025035183832,2025-01-25,aqua,Aqua 13:30,1.0,1.0,36.5,36.43,0.07,-0.05,1,harmattan
MOD11A2.A2025025.h18v07.061.2025035210823,2025-01-25,terra,Terra 10:30,1.0,1.0,27.75,27.95,-0.2,-0.42,1,harmattan
MOD11A2.A2025025.h18v07.061.2025035210823,2025-01-25,terra,Terra 22:30,1.0,1.0,16.98,14.43,2.55,-2.25,1,harmattan
MYD11A2.A2025033.h18v07.061.2025044063813,2025-02-02,aqua,Aqua 01:30,0.963,0.996,13.69,11.44,2.25,-2.81,2,harmattan
MYD11A2.A2025033.h18v07.061.2025044063813,2025-02-02,aqua,Aqua 13:30,1.0,1.0,36.47,37.03,-0.56,0.46,2,harmattan
MOD11A2.A2025033.h18v07.061.2025043080304,2025-02-02,terra,Terra 10:30,1.0,1.0,29.29,29.01,0.28,-0.96,2,harmattan
MOD11A2.A2025033.h18v07.061.2025043080304,2025-02-02,terra,Terra 22:30,1.0,0.998,18.82,16.65,2.17,-2.09,2,harmattan
MYD11A2.A2025041.h18v07.061.2025050213807,2025-02-10,aqua,Aqua 01:30,0.744,0.67,,,,,2,harmattan
MYD11A2.A2025041.h18v07.061.2025050213807,2025-02-10,aqua,Aqua 13:30,1.0,1.0,36.95,37.53,-0.58,-0.12,2,harmattan
MOD11A2.A2025041.h18v07.061.2025050225112,2025-02-10,terra,Terra 10:30,1.0,1.0,28.83,29.43,-0.6,-0.47,2,harmattan
MOD11A2.A2025041.h18v07.061.2025050225112,2025-02-10,terra,Terra 22:30,0.986,0.815,17.8,14.63,3.17,-2.95,2,harmattan
MYD11A2.A2025049.h18v07.061.2025059005821,2025-02-18,aqua,Aqua 01:30,0.425,0.22,,,,,2,harmattan
MYD11A2.A2025049.h18v07.061.2025059005821,2025-02-18,aqua,Aqua 13:30,1.0,1.0,41.79,42.95,-1.16,-0.13,2,harmattan
MOD11A2.A2025049.h18v07.061.2025058215012,2025-02-18,terra,Terra 10:30,1.0,1.0,34.63,34.39,0.24,-0.63,2,harmattan
MOD11A2.A2025049.h18v07.061.2025058215012,2025-02-18,terra,Terra 22:30,0.932,0.83,22.09,17.75,4.34,-1.94,2,harmattan
MYD11A2.A2025057.h18v07.061.2025066035425,2025-02-26,aqua,Aqua 01:30,0.852,0.579,,,,,2,harmattan
MYD11A2.A2025057.h18v07.061.2025066035425,2025-02-26,aqua,Aqua 13:30,1.0,1.0,41.39,42.13,-0.74,-0.23,2,harmattan
MOD11A2.A2025057.h18v07.061.2025066034749,2025-02-26,terra,Terra 10:30,1.0,1.0,32.85,33.07,-0.22,-0.32,2,harmattan
MOD11A2.A2025057.h18v07.061.2025066034749,2025-02-26,terra,Terra 22:30,1.0,1.0,21.71,20.35,1.36,-1.68,2,harmattan
MYD11A2.A2025065.h18v07.061.2025074035721,2025-03-06,aqua,Aqua 01:30,1.0,0.993,20.11,17.85,2.26,-2.3,3,hot
MYD11A2.A2025065.h18v07.061.2025074035721,2025-03-06,aqua,Aqua 13:30,1.0,1.0,44.39,44.91,-0.52,-0.24,3,hot
MOD11A2.A2025065.h18v07.061.2025074034727,2025-03-06,terra,Terra 10:30,1.0,1.0,34.03,34.79,-0.76,-0.51,3,hot
MOD11A2.A2025065.h18v07.061.2025074034727,2025-03-06,terra,Terra 22:30,1.0,1.0,22.37,20.17,2.2,-1.47,3,hot
MYD11A2.A2025073.h18v07.061.2025085125223,2025-03-14,aqua,Aqua 01:30,1.0,1.0,17.61,14.15,3.46,-3.32,3,hot
MYD11A2.A2025073.h18v07.061.2025085125223,2025-03-14,aqua,Aqua 13:30,1.0,1.0,46.75,47.17,-0.42,-0.45,3,hot
MOD11A2.A2025073.h18v07.061.2025085121545,2025-03-14,terra,Terra 10:30,1.0,1.0,38.85,38.77,0.08,-0.55,3,hot
MOD11A2.A2025073.h18v07.061.2025085121545,2025-03-14,terra,Terra 22:30,1.0,1.0,21.49,18.95,2.54,-2.43,3,hot
MYD11A2.A2025081.h18v07.061.2025092141249,2025-03-22,aqua,Aqua 01:30,1.0,1.0,21.05,19.05,2.0,-2.16,3,hot
MYD11A2.A2025081.h18v07.061.2025092141249,2025-03-22,aqua,Aqua 13:30,1.0,1.0,46.7,48.41,-1.71,0.21,3,hot
MOD11A2.A2025081.h18v07.061.2025092134657,2025-03-22,terra,Terra 10:30,1.0,1.0,38.43,39.07,-0.64,0.05,3,hot
MOD11A2.A2025081.h18v07.061.2025092134657,2025-03-22,terra,Terra 22:30,1.0,1.0,24.14,21.59,2.55,-2.02,3,hot
MYD11A2.A2025089.h18v07.061.2025098211833,2025-03-30,aqua,Aqua 01:30,1.0,1.0,20.22,18.89,1.33,-2.33,3,hot
MYD11A2.A2025089.h18v07.061.2025098211833,2025-03-30,aqua,Aqua 13:30,1.0,0.999,45.95,47.37,-1.42,0.68,3,hot
MOD11A2.A2025089.h18v07.061.2025098211901,2025-03-30,terra,Terra 10:30,1.0,1.0,40.1,38.27,1.83,-0.51,3,hot
MOD11A2.A2025089.h18v07.061.2025098211901,2025-03-30,terra,Terra 22:30,1.0,1.0,22.98,20.57,2.41,-2.52,3,hot
MYD11A2.A2025097.h18v07.061.2025106042940,2025-04-07,aqua,Aqua 01:30,0.991,0.971,19.05,16.6,2.45,-4.17,4,hot
MYD11A2.A2025097.h18v07.061.2025106042940,2025-04-07,aqua,Aqua 13:30,1.0,1.0,39.91,40.11,-0.2,-0.34,4,hot
MOD11A2.A2025097.h18v07.061.2025106040826,2025-04-07,terra,Terra 10:30,1.0,1.0,36.49,37.21,-0.72,-0.17,4,hot
MOD11A2.A2025097.h18v07.061.2025106040826,2025-04-07,terra,Terra 22:30,1.0,1.0,23.51,21.75,1.76,-2.06,4,hot
MYD11A2.A2025105.h18v07.061.2025114043109,2025-04-15,aqua,Aqua 01:30,1.0,1.0,20.15,17.67,2.48,-2.71,4,hot
MYD11A2.A2025105.h18v07.061.2025114043109,2025-04-15,aqua,Aqua 13:30,1.0,1.0,46.01,47.13,-1.12,-0.07,4,hot
MOD11A2.A2025105.h18v07.061.2025114041554,2025-04-15,terra,Terra 10:30,1.0,1.0,38.71,39.83,-1.12,0.65,4,hot
MOD11A2.A2025105.h18v07.061.2025114041554,2025-04-15,terra,Terra 22:30,1.0,1.0,23.35,21.07,2.28,-2.14,4,hot
MYD11A2.A2025113.h18v07.061.2025125145549,2025-04-23,aqua,Aqua 01:30,1.0,0.993,20.58,18.87,1.71,-1.65,4,hot
MYD11A2.A2025113.h18v07.061.2025125145549,2025-04-23,aqua,Aqua 13:30,1.0,1.0,46.44,47.13,-0.69,-0.55,4,hot
MOD11A2.A2025113.h18v07.061.2025125150523,2025-04-23,terra,Terra 10:30,1.0,1.0,39.76,39.97,-0.21,-0.21,4,hot
MOD11A2.A2025113.h18v07.061.2025125150523,2025-04-23,terra,Terra 22:30,1.0,1.0,25.49,23.41,2.08,-1.59,4,hot
MYD11A2.A2025121.h18v07.061.2025133154006,2025-05-01,aqua,Aqua 01:30,1.0,1.0,21.59,19.69,1.9,-2.41,5,hot
MYD11A2.A2025121.h18v07.061.2025133154006,2025-05-01,aqua,Aqua 13:30,1.0,1.0,39.01,40.47,-1.46,1.65,5,hot
MOD11A2.A2025121.h18v07.061.2025133153926,2025-05-01,terra,Terra 10:30,1.0,1.0,37.49,37.27,0.22,-0.13,5,hot
MOD11A2.A2025121.h18v07.061.2025133153926,2025-05-01,terra,Terra 22:30,1.0,1.0,24.7,22.95,1.75,-1.49,5,hot
MYD11A2.A2025129.h18v07.061.2025140154214,2025-05-09,aqua,Aqua 01:30,1.0,1.0,24.07,22.81,1.26,-2.14,5,hot
MYD11A2.A2025129.h18v07.061.2025140154214,2025-05-09,aqua,Aqua 13:30,1.0,1.0,44.19,46.25,-2.06,1.06,5,hot
MOD11A2.A2025129.h18v07.061.2025140152926,2025-05-09,terra,Terra 10:30,1.0,1.0,37.59,38.05,-0.46,0.07,5,hot
MOD11A2.A2025129.h18v07.061.2025140152926,2025-05-09,terra,Terra 22:30,1.0,1.0,27.13,25.39,1.74,-1.81,5,hot
MYD11A2.A2025137.h18v07.061.2025148124543,2025-05-17,aqua,Aqua 01:30,1.0,1.0,17.81,18.27,-0.46,-0.34,5,hot
MYD11A2.A2025137.h18v07.061.2025148124543,2025-05-17,aqua,Aqua 13:30,1.0,1.0,39.88,38.61,1.27,-1.71,5,hot
MOD11A2.A2025137.h18v07.061.2025148123226,2025-05-17,terra,Terra 10:30,1.0,1.0,35.33,35.31,0.02,-0.3,5,hot
MOD11A2.A2025137.h18v07.061.2025148123226,2025-05-17,terra,Terra 22:30,1.0,1.0,25.73,24.89,0.84,-1.25,5,hot
MYD11A2.A2025145.h18v07.061.2025154061123,2025-05-25,aqua,Aqua 01:30,0.958,0.893,17.79,16.05,1.74,-2.67,5,hot
MYD11A2.A2025145.h18v07.061.2025154061123,2025-05-25,aqua,Aqua 13:30,1.0,0.999,37.51,37.92,-0.41,0.97,5,hot
MOD11A2.A2025145.h18v07.061.2025154060132,2025-05-25,terra,Terra 10:30,1.0,1.0,35.09,34.83,0.26,0.62,5,hot
MOD11A2.A2025145.h18v07.061.2025154060132,2025-05-25,terra,Terra 22:30,0.998,0.997,24.81,24.77,0.04,-0.89,5,hot
MYD11A2.A2025153.h18v07.061.2025163050819,2025-06-02,aqua,Aqua 01:30,1.0,0.993,21.47,20.89,0.58,-1.05,6,wet
MYD11A2.A2025153.h18v07.061.2025163050819,2025-06-02,aqua,Aqua 13:30,1.0,1.0,40.43,38.99,1.44,-0.76,6,wet
MOD11A2.A2025153.h18v07.061.2025163035817,2025-06-02,terra,Terra 10:30,1.0,1.0,33.56,32.49,1.07,-1.39,6,wet
MOD11A2.A2025153.h18v07.061.2025163035817,2025-06-02,terra,Terra 22:30,1.0,1.0,26.22,25.27,0.95,-1.03,6,wet
MYD11A2.A2025161.h18v07.061.2025171215254,2025-06-10,aqua,Aqua 01:30,0.545,0.535,,,,,6,wet
MYD11A2.A2025161.h18v07.061.2025171215254,2025-06-10,aqua,Aqua 13:30,0.995,0.999,38.09,37.99,0.1,-0.13,6,wet
MOD11A2.A2025161.h18v07.061.2025171220107,2025-06-10,terra,Terra 10:30,0.977,0.969,34.35,32.81,1.54,-0.68,6,wet
MOD11A2.A2025161.h18v07.061.2025171220107,2025-06-10,terra,Terra 22:30,1.0,1.0,26.02,25.59,0.43,-1.1,6,wet
MYD11A2.A2025169.h18v07.061.2025178155353,2025-06-18,aqua,Aqua 01:30,1.0,0.935,23.57,23.05,0.52,-0.67,6,wet
MYD11A2.A2025169.h18v07.061.2025178155353,2025-06-18,aqua,Aqua 13:30,0.963,1.0,41.23,41.21,0.02,0.21,6,wet
MOD11A2.A2025169.h18v07.061.2025178155507,2025-06-18,terra,Terra 10:30,1.0,1.0,34.79,33.51,1.28,-0.73,6,wet
MOD11A2.A2025169.h18v07.061.2025178155507,2025-06-18,terra,Terra 22:30,1.0,1.0,25.67,24.77,0.9,-0.75,6,wet
MYD11A2.A2025177.h18v07.061.2025189032105,2025-06-26,aqua,Aqua 01:30,0.125,0.403,,,,,6,wet
MYD11A2.A2025177.h18v07.061.2025189032105,2025-06-26,aqua,Aqua 13:30,0.125,0.349,,,,,6,wet
MOD11A2.A2025177.h18v07.061.2025189031956,2025-06-26,terra,Terra 10:30,0.554,0.663,,,,,6,wet
MOD11A2.A2025177.h18v07.061.2025189031956,2025-06-26,terra,Terra 22:30,1.0,0.923,24.15,23.93,0.22,-0.44,6,wet
MYD11A2.A2025329.h18v07.061.2025339171601,2025-11-25,aqua,Aqua 01:30,1.0,1.0,17.8,15.43,2.37,-1.99,11,harmattan
MYD11A2.A2025329.h18v07.061.2025339171601,2025-11-25,aqua,Aqua 13:30,1.0,1.0,38.37,38.21,0.16,-0.18,11,harmattan
MOD11A2.A2025329.h18v07.061.2025339165607,2025-11-25,terra,Terra 10:30,1.0,1.0,31.29,31.21,0.08,-0.44,11,harmattan
MOD11A2.A2025329.h18v07.061.2025339165607,2025-11-25,terra,Terra 22:30,1.0,1.0,21.84,19.71,2.13,-1.97,11,harmattan
MYD11A2.A2025337.h18v07.061.2025348020827,2025-12-03,aqua,Aqua 01:30,1.0,1.0,17.36,14.73,2.63,-2.82,12,harmattan
MYD11A2.A2025337.h18v07.061.2025348020827,2025-12-03,aqua,Aqua 13:30,1.0,1.0,34.35,34.53,-0.18,-0.25,12,harmattan
MOD11A2.A2025337.h18v07.061.2025348020444,2025-12-03,terra,Terra 10:30,1.0,1.0,29.77,29.51,0.26,-0.09,12,harmattan
MOD11A2.A2025337.h18v07.061.2025348020444,2025-12-03,terra,Terra 22:30,1.0,1.0,21.35,19.05,2.3,-1.34,12,harmattan
MYD11A2.A2025345.h18v07.061.2025354031630,2025-12-11,aqua,Aqua 01:30,1.0,1.0,13.88,11.83,2.05,-1.74,12,harmattan
MYD11A2.A2025345.h18v07.061.2025354031630,2025-12-11,aqua,Aqua 13:30,1.0,1.0,35.55,35.59,-0.04,-0.26,12,harmattan
MOD11A2.A2025345.h18v07.061.2025354034332,2025-12-11,terra,Terra 10:30,1.0,1.0,27.65,26.25,1.4,-0.83,12,harmattan
MOD11A2.A2025345.h18v07.061.2025354034332,2025-12-11,terra,Terra 22:30,1.0,0.984,18.17,17.75,0.42,-0.37,12,harmattan
MYD11A2.A2025353.h18v07.061.2026001072727,2025-12-19,aqua,Aqua 01:30,0.988,0.997,15.09,12.45,2.64,-3.22,12,harmattan
MYD11A2.A2025353.h18v07.061.2026001072727,2025-12-19,aqua,Aqua 13:30,1.0,1.0,37.86,38.17,-0.31,0.07,12,harmattan
MOD11A2.A2025353.h18v07.061.2026001035246,2025-12-19,terra,Terra 10:30,1.0,1.0,30.7,30.93,-0.23,-0.23,12,harmattan
MOD11A2.A2025353.h18v07.061.2026001035246,2025-12-19,terra,Terra 22:30,1.0,1.0,20.27,18.01,2.26,-1.95,12,harmattan
MYD11A2.A2025361.h18v07.061.2026006000950,2025-12-27,aqua,Aqua 01:30,0.993,0.994,16.59,14.01,2.58,-3.41,12,harmattan
MYD11A2.A2025361.h18v07.061.2026006000950,2025-12-27,aqua,Aqua 13:30,1.0,1.0,39.59,39.43,0.16,-0.45,12,harmattan
MOD11A2.A2025361.h18v07.061.2026006011755,2025-12-27,terra,Terra 10:30,1.0,1.0,32.27,32.25,0.02,-0.07,12,harmattan
MOD11A2.A2025361.h18v07.061.2026006011755,2025-12-27,terra,Terra 22:30,1.0,1.0,22.06,19.57,2.49,-2.17,12,harmattan
MYD11A2.A2026001.h18v07.061.2026010034201,2026-01-01,aqua,Aqua 01:30,0.974,0.976,16.41,13.15,3.26,-2.85,1,harmattan
MYD11A2.A2026001.h18v07.061.2026010034201,2026-01-01,aqua,Aqua 13:30,1.0,1.0,39.27,39.73,-0.46,0.06,1,harmattan
MOD11A2.A2026001.h18v07.061.2026010032721,2026-01-01,terra,Terra 10:30,1.0,1.0,29.93,29.67,0.26,-0.53,1,harmattan
MOD11A2.A2026001.h18v07.061.2026010032721,2026-01-01,terra,Terra 22:30,1.0,1.0,20.32,17.89,2.43,-2.2,1,harmattan
MYD11A2.A2026009.h18v07.061.2026020002152,2026-01-09,aqua,Aqua 01:30,0.829,0.815,15.74,12.89,2.85,-2.56,1,harmattan
MYD11A2.A2026009.h18v07.061.2026020002152,2026-01-09,aqua,Aqua 13:30,1.0,1.0,34.37,34.47,-0.1,-0.22,1,harmattan
MOD11A2.A2026009.h18v07.061.2026020001726,2026-01-09,terra,Terra 10:30,1.0,1.0,26.47,26.19,0.28,-0.21,1,harmattan
MOD11A2.A2026009.h18v07.061.2026020001726,2026-01-09,terra,Terra 22:30,1.0,0.987,18.45,16.05,2.4,-1.69,1,harmattan
MYD11A2.A2026025.h18v07.061.2026034060419,2026-01-25,aqua,Aqua 01:30,0.537,0.471,,,,,1,harmattan
MYD11A2.A2026025.h18v07.061.2026034060419,2026-01-25,aqua,Aqua 13:30,1.0,1.0,36.69,37.23,-0.54,0.41,1,harmattan
MOD11A2.A2026025.h18v07.061.2026034053734,2026-01-25,terra,Terra 10:30,1.0,1.0,27.11,26.83,0.28,-0.45,1,harmattan
MOD11A2.A2026025.h18v07.061.2026034053734,2026-01-25,terra,Terra 22:30,1.0,0.969,20.91,19.23,1.68,-1.76,1,harmattan
MYD11A2.A2026033.h18v07.061.2026042032241,2026-02-02,aqua,Aqua 01:30,0.69,0.733,,,,,2,harmattan
MYD11A2.A2026033.h18v07.061.2026042032241,2026-02-02,aqua,Aqua 13:30,1.0,0.998,36.22,37.77,-1.55,1.45,2,harmattan
MOD11A2.A2026033.h18v07.061.2026043144154,2026-02-02,terra,Terra 10:30,1.0,1.0,30.61,30.35,0.26,-0.26,2,harmattan
MOD11A2.A2026033.h18v07.061.2026043144154,2026-02-02,terra,Terra 22:30,1.0,0.995,21.34,18.93,2.41,-2.4,2,harmattan
MYD11A2.A2026041.h18v07.061.2026051151343,2026-02-10,aqua,Aqua 01:30,0.624,0.385,,,,,2,harmattan
MYD11A2.A2026041.h18v07.061.2026051151343,2026-02-10,aqua,Aqua 13:30,1.0,1.0,39.4,39.27,0.13,-0.38,2,harmattan
MOD11A2.A2026041.h18v07.061.2026051150014,2026-02-10,terra,Terra 10:30,1.0,1.0,33.95,33.45,0.5,-0.58,2,harmattan
MOD11A2.A2026041.h18v07.061.2026051150014,2026-02-10,terra,Terra 22:30,1.0,1.0,22.12,20.23,1.89,-1.54,2,harmattan
MYD11A2.A2026049.h18v07.061.2026058033554,2026-02-18,aqua,Aqua 01:30,0.814,0.904,12.21,11.15,1.06,-4.43,2,harmattan
MYD11A2.A2026049.h18v07.061.2026058033554,2026-02-18,aqua,Aqua 13:30,1.0,1.0,36.33,36.33,0.0,-0.84,2,harmattan
MOD11A2.A2026049.h18v07.061.2026058031253,2026-02-18,terra,Terra 10:30,1.0,0.995,26.13,25.81,0.32,-0.75,2,harmattan
MOD11A2.A2026049.h18v07.061.2026058031253,2026-02-18,terra,Terra 22:30,1.0,1.0,19.59,17.93,1.66,-1.55,2,harmattan
MYD11A2.A2026065.h18v07.061.2026075192946,2026-03-06,aqua,Aqua 01:30,0.995,0.855,19.19,13.59,5.6,-2.52,3,hot
MYD11A2.A2026065.h18v07.061.2026075192946,2026-03-06,aqua,Aqua 13:30,1.0,1.0,42.75,42.43,0.32,0.57,3,hot
MOD11A2.A2026065.h18v07.061.2026078210752,2026-03-06,terra,Terra 10:30,1.0,1.0,32.53,31.63,0.9,-0.67,3,hot
MOD11A2.A2026065.h18v07.061.2026078210752,2026-03-06,terra,Terra 22:30,0.998,0.998,20.59,17.95,2.64,-2.02,3,hot
MYD11A2.A2026089.h18v07.061.2026098040200,2026-03-30,aqua,Aqua 01:30,0.0,0.106,,,,,3,hot
MYD11A2.A2026089.h18v07.061.2026098040200,2026-03-30,aqua,Aqua 13:30,1.0,1.0,41.97,42.57,-0.6,0.01,3,hot
MOD11A2.A2026089.h18v07.061.2026098034855,2026-03-30,terra,Terra 10:30,1.0,1.0,33.89,32.47,1.42,-0.71,3,hot
MOD11A2.A2026089.h18v07.061.2026098034855,2026-03-30,terra,Terra 22:30,1.0,1.0,24.29,22.99,1.3,-1.06,3,hot
MYD11A2.A2026097.h18v07.061.2026107180848,2026-04-07,aqua,Aqua 01:30,1.0,1.0,16.83,13.85,2.98,-3.15,4,hot
MYD11A2.A2026097.h18v07.061.2026107180848,2026-04-07,aqua,Aqua 13:30,1.0,1.0,37.86,38.09,-0.23,-0.13,4,hot
MOD11A2.A2026097.h18v07.061.2026107175705,2026-04-07,terra,Terra 10:30,1.0,1.0,33.41,33.59,-0.18,0.19,4,hot
MOD11A2.A2026097.h18v07.061.2026107175705,2026-04-07,terra,Terra 22:30,1.0,1.0,23.45,21.45,2.0,-1.61,4,hot
MYD11A2.A2026105.h18v07.061.2026115041441,2026-04-15,aqua,Aqua 01:30,1.0,0.998,23.69,22.55,1.14,-1.83,4,hot
MYD11A2.A2026105.h18v07.061.2026115041441,2026-04-15,aqua,Aqua 13:30,1.0,1.0,41.93,41.65,0.28,-0.26,4,hot
MOD11A2.A2026105.h18v07.061.2026115034431,2026-04-15,terra,Terra 10:30,1.0,1.0,34.18,36.63,-2.45,0.31,4,hot
MOD11A2.A2026105.h18v07.061.2026115034431,2026-04-15,terra,Terra 22:30,1.0,1.0,25.74,22.61,3.13,-2.89,4,hot
MYD11A2.A2026113.h18v07.061.2026122033858,2026-04-23,aqua,Aqua 01:30,0.972,0.881,19.32,18.61,0.71,-1.98,4,hot
MYD11A2.A2026113.h18v07.061.2026122033858,2026-04-23,aqua,Aqua 13:30,1.0,1.0,38.09,37.89,0.2,0.18,4,hot
MOD11A2.A2026113.h18v07.061.2026122033403,2026-04-23,terra,Terra 10:30,1.0,1.0,33.77,33.23,0.54,-1.12,4,hot
MOD11A2.A2026113.h18v07.061.2026122033403,2026-04-23,terra,Terra 22:30,1.0,1.0,26.49,24.27,2.22,-1.89,4,hot
MYD11A2.A2026137.h18v07.061.2026146234949,2026-05-17,aqua,Aqua 01:30,1.0,0.998,23.31,22.79,0.52,-0.65,5,hot
MYD11A2.A2026137.h18v07.061.2026146234949,2026-05-17,aqua,Aqua 13:30,1.0,0.999,38.66,39.24,-0.58,0.39,5,hot
MOD11A2.A2026137.h18v07.061.2026146160242,2026-05-17,terra,Terra 10:30,1.0,1.0,32.76,33.25,-0.49,0.74,5,hot
MOD11A2.A2026137.h18v07.061.2026146160242,2026-05-17,terra,Terra 22:30,1.0,1.0,25.35,24.87,0.48,-0.73,5,hot
MYD11A2.A2026153.h18v07.061.2026163173544,2026-06-02,aqua,Aqua 01:30,1.0,0.995,20.85,21.69,-0.84,-1.54,6,wet
MYD11A2.A2026153.h18v07.061.2026163173544,2026-06-02,aqua,Aqua 13:30,0.977,0.998,35.51,35.83,-0.32,0.13,6,wet
MOD11A2.A2026153.h18v07.061.2026163172932,2026-06-02,terra,Terra 10:30,0.948,0.973,31.27,29.55,1.72,-1.58,6,wet
MOD11A2.A2026153.h18v07.061.2026163172932,2026-06-02,terra,Terra 22:30,1.0,1.0,26.07,25.51,0.56,-0.9,6,wet
MYD11A2.A2026161.h18v07.061.2026170040445,2026-06-10,aqua,Aqua 01:30,0.545,0.648,,,,,6,wet
MYD11A2.A2026161.h18v07.061.2026170040445,2026-06-10,aqua,Aqua 13:30,0.784,0.923,,,,,6,wet
MOD11A2.A2026161.h18v07.061.2026170040624,2026-06-10,terra,Terra 10:30,1.0,0.994,32.99,31.87,1.12,-0.69,6,wet
MOD11A2.A2026161.h18v07.061.2026170040624,2026-06-10,terra,Terra 22:30,0.399,0.617,,,,,6,wet
MYD11A2.A2026169.h18v07.061.2026178040010,2026-06-18,aqua,Aqua 01:30,0.0,0.076,,,,,6,wet
MYD11A2.A2026169.h18v07.061.2026178040010,2026-06-18,aqua,Aqua 13:30,0.984,0.999,38.19,37.79,0.4,-1.87,6,wet
MOD11A2.A2026169.h18v07.061.2026178035354,2026-06-18,terra,Terra 10:30,1.0,0.991,29.29,28.39,0.9,-1.2,6,wet
MOD11A2.A2026169.h18v07.061.2026178035354,2026-06-18,terra,Terra 22:30,1.0,1.0,23.97,23.37,0.6,-0.79,6,wet
MYD11A2.A2026193.h18v07.061.2026202224858,2026-07-12,aqua,Aqua 01:30,1.0,0.985,22.5,22.45,0.05,-0.03,7,wet
MYD11A2.A2026193.h18v07.061.2026202224858,2026-07-12,aqua,Aqua 13:30,0.089,0.253,,,,,7,wet
MOD11A2.A2026193.h18v07.061.2026202034610,2026-07-12,terra,Terra 10:30,0.782,0.926,,,,,7,wet
MOD11A2.A2026193.h18v07.061.2026202034610,2026-07-12,terra,Terra 22:30,1.0,1.0,24.45,24.77,-0.32,-0.4,7,wet
MYD11A2.A2026201.h18v07.061.2026210081105,2026-07-20,aqua,Aqua 01:30,1.0,1.0,20.73,20.99,-0.26,-0.43,7,wet
MYD11A2.A2026201.h18v07.061.2026210081105,2026-07-20,aqua,Aqua 13:30,1.0,0.996,33.95,32.97,0.98,-1.25,7,wet
MOD11A2.A2026201.h18v07.061.2026210071711,2026-07-20,terra,Terra 10:30,0.944,0.988,29.3,26.76,2.54,-1.95,7,wet
MOD11A2.A2026201.h18v07.061.2026210071711,2026-07-20,terra,Terra 22:30,0.462,0.495,,,,,7,wet
MYD11A2.A2026209.h18v07.061.2026218164712,2026-07-28,aqua,Aqua 01:30,0.239,0.131,,,,,7,wet
MYD11A2.A2026209.h18v07.061.2026218164712,2026-07-28,aqua,Aqua 13:30,0.906,0.997,32.85,31.19,1.66,-2.45,7,wet
MOD11A2.A2026209.h18v07.061.2026218163833,2026-07-28,terra,Terra 10:30,0.472,0.713,,,,,7,wet
MOD11A2.A2026209.h18v07.061.2026218163833,2026-07-28,terra,Terra 22:30,1.0,1.0,25.05,24.85,0.2,-0.52,7,wet
MYD11A2.A2026225.h18v07.061.2026234040427,2026-08-13,aqua,Aqua 01:30,1.0,0.97,22.03,22.07,-0.04,-0.01,8,wet
MYD11A2.A2026225.h18v07.061.2026234040427,2026-08-13,aqua,Aqua 13:30,0.537,0.861,,,,,8,wet
MOD11A2.A2026225.h18v07.061.2026234041544,2026-08-13,terra,Terra 10:30,0.826,1.0,26.47,25.57,0.9,-1.83,8,wet
MOD11A2.A2026225.h18v07.061.2026234041544,2026-08-13,terra,Terra 22:30,1.0,0.997,23.53,23.65,-0.12,-0.31,8,wet
