id,date,platform,path_row,scene_cloud,sun_elevation,coverage,month,year,season,city_clear,city_pixels
LC08_L2SP_188052_20130417_02_T1,2013-04-17,landsat-8,188/052,62.31,65.79491486,1.0,4,2013,hot,,
LC08_L2SP_189051_20130424_02_T1,2013-04-24,landsat-8,189/051,69.51,66.55390486,0.0037,4,2013,hot,,
LC08_L2SP_189052_20130424_02_T1,2013-04-24,landsat-8,189/052,49.44,66.23323907,0.009,4,2013,hot,,
LC08_L2SP_188052_20130519_02_T1,2013-05-19,landsat-8,188/052,12.28,65.62000842,1.0,5,2013,hot,0.6024,636512.0
LC08_L2SP_188052_20130604_02_T1,2013-06-04,landsat-8,188/052,1.7,64.37586062,1.0,6,2013,wet,0.9163,636512.0
LC08_L2SP_189051_20130611_02_T1,2013-06-11,landsat-8,189/051,3.74,64.72878817,0.0,6,2013,wet,,
LC08_L2SP_189052_20130611_02_T1,2013-06-11,landsat-8,189/052,8.47,63.85797062,0.0,6,2013,wet,,
LC08_L2SP_188052_20130620_02_T1,2013-06-20,landsat-8,188/052,0.87,63.32854675,1.0,6,2013,wet,0.9965,636512.0
LC08_L2SP_189052_20130713_02_T1,2013-07-13,landsat-8,189/052,31.62,62.99475626,0.0005,7,2013,wet,,
LC08_L2SP_189051_20130713_02_T1,2013-07-13,landsat-8,189/051,56.86,63.78408057,0.0005,7,2013,wet,,
LC08_L2SP_188052_20130722_02_T1,2013-07-22,landsat-8,188/052,1.87,63.2848605,1.0,7,2013,wet,0.9977,636512.0
LC08_L2SP_189051_20130729_02_T1,2013-07-29,landsat-8,189/051,57.86,64.27550893,0.0006,7,2013,wet,,
LC08_L2SP_189051_20130814_02_T1,2013-08-14,landsat-8,189/051,41.12,65.03619567,0.0002,8,2013,wet,,
LC08_L2SP_189052_20130814_02_T1,2013-08-14,landsat-8,189/052,68.47,64.64011638,0.0002,8,2013,wet,,
LC08_L2SP_188052_20130823_02_T1,2013-08-23,landsat-8,188/052,27.28,65.13927512,1.0,8,2013,wet,0.764,636512.0
LC08_L2SP_189051_20130830_02_T1,2013-08-30,landsat-8,189/051,3.76,65.45352759,0.0,8,2013,wet,,
LC08_L2SP_189052_20130830_02_T1,2013-08-30,landsat-8,189/052,32.41,65.38256327,0.0,8,2013,wet,,
LC08_L2SP_188052_20130908_02_T1,2013-09-08,landsat-8,188/052,2.14,65.39906526,1.0,9,2013,wet,0.9951,636512.0
LC08_L2SP_189051_20131001_02_T1,2013-10-01,landsat-8,189/051,7.99,62.77320341,0.0008,10,2013,transition,,
LC08_L2SP_189052_20131001_02_T1,2013-10-01,landsat-8,189/052,19.05,63.40721807,0.0007,10,2013,transition,,
LC08_L2SP_188052_20131010_02_T1,2013-10-10,landsat-8,188/052,29.47,61.82218547,1.0,10,2013,transition,0.9978,636512.0
LC08_L2SP_189051_20131017_02_T1,2013-10-17,landsat-8,189/051,0.06,59.4807029,0.0,10,2013,transition,,
LC08_L2SP_189052_20131017_02_T1,2013-10-17,landsat-8,189/052,1.73,60.35523457,0.0,10,2013,transition,,
LC08_L2SP_188052_20131026_02_T1,2013-10-26,landsat-8,188/052,0.01,58.27023701,1.0,10,2013,transition,0.9965,636512.0
LC08_L2SP_189052_20131102_02_T1,2013-11-02,landsat-8,189/052,45.37,56.56741003,0.0006,11,2013,harmattan,,
LC08_L2SP_189051_20131102_02_T1,2013-11-02,landsat-8,189/051,0.56,55.54968226,0.0005,11,2013,harmattan,,
LC08_L2SP_188052_20131111_02_T1,2013-11-11,landsat-8,188/052,0.0,54.38931848,1.0,11,2013,harmattan,0.9954,636512.0
LC08_L2SP_188052_20131127_02_T1,2013-11-27,landsat-8,188/052,1.05,50.90385898,1.0,11,2013,harmattan,0.9843,636512.0
LC08_L2SP_189051_20131204_02_T1,2013-12-04,landsat-8,189/051,34.89,48.54819,0.0,12,2013,harmattan,,
LC08_L2SP_189052_20131204_02_T1,2013-12-04,landsat-8,189/052,7.98,49.65428181,0.0,12,2013,harmattan,,
LC08_L2SP_188052_20131213_02_T1,2013-12-13,landsat-8,188/052,3.86,48.38899279,1.0,12,2013,harmattan,0.5893,636512.0
LC08_L2SP_189051_20131220_02_T1,2013-12-20,landsat-8,189/051,8.35,46.61995295,0.0,12,2013,harmattan,,
LC08_L2SP_189052_20131220_02_T1,2013-12-20,landsat-8,189/052,24.93,47.70717909,0.0,12,2013,harmattan,,
LC08_L2SP_188052_20131229_02_T1,2013-12-29,landsat-8,188/052,0.0,47.25391453,1.0,12,2013,harmattan,0.9935,636512.0
LC08_L2SP_189051_20140105_02_T1,2014-01-05,landsat-8,189/051,0.79,46.20496801,0.0,1,2014,harmattan,,
LC08_L2SP_189052_20140105_02_T1,2014-01-05,landsat-8,189/052,0.31,47.24229467,0.0,1,2014,harmattan,,
LC08_L2SP_188052_20140114_02_T1,2014-01-14,landsat-8,188/052,0.0,47.67413861,1.0,1,2014,harmattan,0.9915,636512.0
LC08_L2SP_189051_20140121_02_T1,2014-01-21,landsat-8,189/051,0.0,47.38446171,0.0,1,2014,harmattan,,
LC08_L2SP_189052_20140121_02_T1,2014-01-21,landsat-8,189/052,0.0,48.34415346,0.0,1,2014,harmattan,,
LC08_L2SP_188052_20140130_02_T1,2014-01-30,landsat-8,188/052,12.33,49.59968742,1.0,1,2014,harmattan,0.999,636512.0
LC08_L2SP_189052_20140206_02_T1,2014-02-06,landsat-8,189/052,0.0,50.84830908,0.0,2,2014,harmattan,,
LC08_L2SP_189051_20140206_02_T1,2014-02-06,landsat-8,189/051,0.0,49.9960225,0.0,2,2014,harmattan,,
LC08_L2SP_188052_20140215_02_T1,2014-02-15,landsat-8,188/052,29.67,52.74013055,1.0,2,2014,harmattan,0.0,636512.0
LC08_L2SP_189052_20140222_02_T1,2014-02-22,landsat-8,189/052,1.91,54.37873514,0.0,2,2014,harmattan,,
LC08_L2SP_189051_20140222_02_T1,2014-02-22,landsat-8,189/051,0.01,53.66906444,0.0,2,2014,harmattan,,
LC08_L2SP_188052_20140303_02_T1,2014-03-03,landsat-8,188/052,91.69,56.60123135,1.0,3,2014,hot,,
LC08_L2SP_189051_20140310_02_T1,2014-03-10,landsat-8,189/051,0.02,57.832932,0.0,3,2014,hot,,
LC08_L2SP_188052_20140319_02_T1,2014-03-19,landsat-8,188/052,21.62,60.51657889,1.0,3,2014,hot,0.0552,636512.0
LC08_L2SP_189051_20140326_02_T1,2014-03-26,landsat-8,189/051,9.01,61.78452996,0.0005,3,2014,hot,,
LC08_L2SP_189052_20140326_02_T1,2014-03-26,landsat-8,189/052,10.54,62.05145015,0.0005,3,2014,hot,,
LC08_L2SP_188052_20140404_02_T1,2014-04-04,landsat-8,188/052,42.23,63.71373671,1.0,4,2014,hot,,
LC08_L2SP_188052_20140420_02_T1,2014-04-20,landsat-8,188/052,64.86,65.53234016,1.0,4,2014,hot,,
LC08_L2SP_189051_20140427_02_T1,2014-04-27,landsat-8,189/051,3.54,66.18914118,0.0,4,2014,hot,,
LC08_L2SP_189052_20140427_02_T1,2014-04-27,landsat-8,189/052,20.76,65.81489146,0.0,4,2014,hot,,
LC08_L2SP_188052_20140506_02_T1,2014-05-06,landsat-8,188/052,70.06,65.75871473,1.0,5,2014,hot,,
LC08_L2SP_189051_20140513_02_T1,2014-05-13,landsat-8,189/051,16.39,66.09536344,0.0,5,2014,hot,,
LC08_L2SP_189052_20140513_02_T1,2014-05-13,landsat-8,189/052,31.78,65.45542364,0.0,5,2014,hot,,
LC08_L2SP_188052_20140522_02_T1,2014-05-22,landsat-8,188/052,6.1,64.88540198,1.0,5,2014,hot,0.067,636512.0
LC08_L2SP_189052_20140529_02_T1,2014-05-29,landsat-8,189/052,38.0,64.35290813,0.0006,5,2014,hot,,
LC08_L2SP_189051_20140529_02_T1,2014-05-29,landsat-8,189/051,2.78,65.15601496,0.0006,5,2014,hot,,
LC08_L2SP_188052_20140607_02_T1,2014-06-07,landsat-8,188/052,47.48,63.66326904,1.0,6,2014,wet,,
LC08_L2SP_189051_20140614_02_T1,2014-06-14,landsat-8,189/051,1.19,64.05815715,0.0,6,2014,wet,,
LC08_L2SP_189052_20140614_02_T1,2014-06-14,landsat-8,189/052,9.5,63.19053146,0.0,6,2014,wet,,
LC08_L2SP_188052_20140623_02_T1,2014-06-23,landsat-8,188/052,52.22,62.73078018,1.0,6,2014,wet,,
LC08_L2SP_189051_20140630_02_T1,2014-06-30,landsat-8,189/051,0.0,63.37026131,0.0033,6,2014,wet,,
LC08_L2SP_189052_20140630_02_T1,2014-06-30,landsat-8,189/052,12.52,62.51912725,0.0032,6,2014,wet,,
LC08_L2SP_188052_20140709_02_T1,2014-07-09,landsat-8,188/052,27.18,62.46402516,1.0,7,2014,wet,0.9921,636512.0
LC08_L2SP_189051_20140716_02_T1,2014-07-16,landsat-8,189/051,27.78,63.35272752,0.0015,7,2014,wet,,
LC08_L2SP_189052_20140716_02_T1,2014-07-16,landsat-8,189/052,28.98,62.59039924,0.0015,7,2014,wet,,
LC08_L2SP_188052_20140725_02_T1,2014-07-25,landsat-8,188/052,44.1,62.9381191,1.0,7,2014,wet,,
LC08_L2SP_189051_20140801_02_T2,2014-08-01,landsat-8,189/051,100.0,63.91847698,0.001,8,2014,wet,,
LC08_L2SP_189052_20140801_02_T2,2014-08-01,landsat-8,189/052,99.99,63.32138741,0.0009,8,2014,wet,,
LC08_L2SP_188052_20140810_02_T1,2014-08-10,landsat-8,188/052,23.05,63.89365995,1.0,8,2014,wet,0.3649,636512.0
LC08_L2SP_189051_20140817_02_T1,2014-08-17,landsat-8,189/051,34.18,64.68121601,0.0002,8,2014,wet,,
LC08_L2SP_189052_20140817_02_T1,2014-08-17,landsat-8,189/052,74.83,64.33505289,0.0001,8,2014,wet,,
LC08_L2SP_188052_20140826_02_T1,2014-08-26,landsat-8,188/052,35.9,64.78621603,1.0,8,2014,wet,0.0824,636512.0
LC08_L2SP_189052_20140902_02_T1,2014-09-02,landsat-8,189/052,60.65,64.96941464,0.0009,9,2014,wet,,
LC08_L2SP_189051_20140902_02_T1,2014-09-02,landsat-8,189/051,0.94,64.98409995,0.0009,9,2014,wet,,
LC08_L2SP_188052_20140911_02_T1,2014-09-11,landsat-8,188/052,2.01,64.89275391,1.0,9,2014,wet,0.99,636512.0
LC08_L2SP_189051_20140918_02_T1,2014-09-18,landsat-8,189/051,2.67,64.17819661,0.0032,9,2014,wet,,
LC08_L2SP_189052_20140918_02_T1,2014-09-18,landsat-8,189/052,51.11,64.52856776,0.0032,9,2014,wet,,
LC08_L2SP_188052_20140927_02_T1,2014-09-27,landsat-8,188/052,4.09,63.63503315,1.0,9,2014,wet,0.994,636512.0
LC08_L2SP_189051_20141004_02_T1,2014-10-04,landsat-8,189/051,7.18,61.94928888,0.0009,10,2014,transition,,
LC08_L2SP_189052_20141004_02_T1,2014-10-04,landsat-8,189/052,8.93,62.61960034,0.0009,10,2014,transition,,
LC08_L2SP_188052_20141013_02_T1,2014-10-13,landsat-8,188/052,7.43,60.96394162,1.0,10,2014,transition,0.9711,636512.0
LC08_L2SP_189051_20141020_02_T1,2014-10-20,landsat-8,189/051,0.44,58.56454732,0.0,10,2014,transition,,
LC08_L2SP_189052_20141020_02_T1,2014-10-20,landsat-8,189/052,1.0,59.45881696,0.0,10,2014,transition,,
LC08_L2SP_188052_20141029_02_T1,2014-10-29,landsat-8,188/052,0.61,57.3546171,1.0,10,2014,transition,0.9987,636512.0
LC08_L2SP_188052_20141114_02_T1,2014-11-14,landsat-8,188/052,0.06,53.53665386,1.0,11,2014,harmattan,0.9977,636512.0
LC08_L2SP_189051_20141121_02_T1,2014-11-21,landsat-8,189/051,0.0,50.89369245,0.0033,11,2014,harmattan,,
LC08_L2SP_189052_20141121_02_T1,2014-11-21,landsat-8,189/052,0.0,51.97956004,0.0032,11,2014,harmattan,,
LC08_L2SP_188052_20141130_02_T1,2014-11-30,landsat-8,188/052,0.0,50.19896753,1.0,11,2014,harmattan,0.996,636512.0
LC08_L2SP_189051_20141207_02_T1,2014-12-07,landsat-8,189/051,0.0,47.94403116,0.0014,12,2014,harmattan,,
LC08_L2SP_189052_20141207_02_T1,2014-12-07,landsat-8,189/052,0.0,49.04268306,0.0014,12,2014,harmattan,,
LC08_L2SP_188052_20141216_02_T1,2014-12-16,landsat-8,188/052,1.24,47.9112479,1.0,12,2014,harmattan,0.7651,636512.0
LC08_L2SP_189052_20141223_02_T1,2014-12-23,landsat-8,189/052,2.22,47.33902003,0.0316,12,2014,harmattan,,
LC08_L2SP_189051_20141223_02_T1,2014-12-23,landsat-8,189/051,2.4,46.26404225,0.0293,12,2014,harmattan,,
LC08_L2SP_188052_20150101_02_T1,2015-01-01,landsat-8,188/052,1.74,47.0352128,1.0,1,2015,harmattan,0.9518,636512.0
LC08_L2SP_189051_20150108_02_T1,2015-01-08,landsat-8,189/051,99.99,46.12429791,0.0289,1,2015,harmattan,,
LC08_L2SP_189052_20150108_02_T1,2015-01-08,landsat-8,189/052,15.73,47.14455628,0.0314,1,2015,harmattan,,
LC08_L2SP_188052_20150117_02_T1,2015-01-17,landsat-8,188/052,1.76,47.72401847,1.0,1,2015,harmattan,0.5974,636512.0
LC08_L2SP_189051_20150124_02_T1,2015-01-24,landsat-8,189/051,0.0,47.5616172,0.0,1,2015,harmattan,,
LC08_L2SP_189052_20150124_02_T1,2015-01-24,landsat-8,189/052,0.0,48.49928961,0.0,1,2015,harmattan,,
LC08_L2SP_188052_20150202_02_T1,2015-02-02,landsat-8,188/052,0.0,49.87900997,1.0,2,2015,harmattan,0.9925,636512.0
LC08_L2SP_189051_20150209_02_T1,2015-02-09,landsat-8,189/051,0.0,50.38587391,0.0262,2,2015,harmattan,,
LC08_L2SP_189052_20150209_02_T1,2015-02-09,landsat-8,189/052,0.0,51.21052979,0.0278,2,2015,harmattan,,
LC08_L2SP_188052_20150218_02_T1,2015-02-18,landsat-8,188/052,35.2,53.18098281,1.0,2,2015,harmattan,0.3694,636512.0
LC08_L2SP_189051_20150225_02_T1,2015-02-25,landsat-8,189/051,0.03,54.18197202,0.0,2,2015,harmattan,,
LC08_L2SP_189052_20150225_02_T1,2015-02-25,landsat-8,189/052,0.66,54.85669723,0.0,2,2015,harmattan,,
LC08_L2SP_188052_20150306_02_T1,2015-03-06,landsat-8,188/052,0.47,57.10089036,1.0,3,2015,hot,0.9959,636512.0
LC08_L2SP_189052_20150313_02_T1,2015-03-13,landsat-8,189/052,73.77,58.84065367,0.001,3,2015,hot,,
LC08_L2SP_189051_20150313_02_T1,2015-03-13,landsat-8,189/051,26.68,58.36525223,0.001,3,2015,hot,,
LC08_L2SP_188052_20150322_02_T1,2015-03-22,landsat-8,188/052,17.0,60.94880254,1.0,3,2015,hot,0.0,636512.0
LC08_L2SP_189052_20150329_02_T1,2015-03-29,landsat-8,189/052,0.04,62.41270448,0.0002,3,2015,hot,,
LC08_L2SP_189051_20150329_02_T1,2015-03-29,landsat-8,189/051,0.0,62.20009604,0.0002,3,2015,hot,,
LC08_L2SP_188052_20150407_02_T1,2015-04-07,landsat-8,188/052,14.19,63.95930197,1.0,4,2015,hot,0.2158,636512.0
LC08_L2SP_189051_20150414_02_T1,2015-04-14,landsat-8,189/051,0.03,64.9473155,0.0,4,2015,hot,,
LC08_L2SP_189052_20150414_02_T1,2015-04-14,landsat-8,189/052,6.05,64.84147641,0.0,4,2015,hot,,
LC08_L2SP_188052_20150423_02_T1,2015-04-23,landsat-8,188/052,0.05,65.51401814,1.0,4,2015,hot,0.9981,636512.0
LC08_L2SP_188052_20150509_02_T1,2015-05-09,landsat-8,188/052,30.53,65.52737632,1.0,5,2015,hot,0.7793,636512.0
LC08_L2SP_189051_20150516_02_T1,2015-05-16,landsat-8,189/051,55.94,65.85618213,0.0,5,2015,hot,,
LC08_L2SP_189052_20150516_02_T1,2015-05-16,landsat-8,189/052,44.67,65.18105511,0.0,5,2015,hot,,
LC08_L2SP_188052_20150525_02_T1,2015-05-25,landsat-8,188/052,0.06,64.57053643,1.0,5,2015,hot,1.0,636512.0
LC08_L2SP_189051_20150601_02_T1,2015-06-01,landsat-8,189/051,19.27,64.85536416,0.0011,6,2015,wet,,
LC08_L2SP_189052_20150601_02_T1,2015-06-01,landsat-8,189/052,44.5,64.03616446,0.0011,6,2015,wet,,
LC08_L2SP_188052_20150610_02_T1,2015-06-10,landsat-8,188/052,0.35,63.37505927,1.0,6,2015,wet,0.9967,636512.0
LC08_L2SP_189051_20150617_02_T1,2015-06-17,landsat-8,189/051,0.03,63.80594976,0.0001,6,2015,wet,,
LC08_L2SP_189052_20150617_02_T1,2015-06-17,landsat-8,189/052,24.6,62.9376035,0.0001,6,2015,wet,,
LC08_L2SP_188052_20150626_02_T1,2015-06-26,landsat-8,188/052,78.91,62.54217232,1.0,6,2015,wet,,
LC08_L2SP_189052_20150703_02_T1,2015-07-03,landsat-8,189/052,17.57,62.39390856,0.0002,7,2015,wet,,
LC08_L2SP_189051_20150703_02_T1,2015-07-03,landsat-8,189/051,0.21,63.23389148,0.0002,7,2015,wet,,
LC08_L2SP_188052_20150712_02_T1,2015-07-12,landsat-8,188/052,98.36,62.41772638,1.0,7,2015,wet,,
LC08_L2SP_189051_20150719_02_T1,2015-07-19,landsat-8,189/051,75.44,63.334861,0.0,7,2015,wet,,
LC08_L2SP_189052_20150719_02_T1,2015-07-19,landsat-8,189/052,89.85,62.5961663,0.0,7,2015,wet,,
LC08_L2SP_188052_20150728_02_T1,2015-07-28,landsat-8,188/052,22.54,63.00356976,1.0,7,2015,wet,0.9802,636512.0
LC08_L2SP_189051_20150804_02_T1,2015-08-04,landsat-8,189/051,40.92,63.98139028,0.0054,8,2015,wet,,
LC08_L2SP_189052_20150804_02_T1,2015-08-04,landsat-8,189/052,41.96,63.42158483,0.0053,8,2015,wet,,
LC08_L2SP_188052_20150813_02_T1,2015-08-13,landsat-8,188/052,26.14,64.00331825,1.0,8,2015,wet,0.921,636512.0
LC08_L2SP_189051_20150820_02_T1,2015-08-20,landsat-8,189/051,4.47,64.71868486,0.0024,8,2015,wet,,
LC08_L2SP_189052_20150820_02_T1,2015-08-20,landsat-8,189/052,0.75,64.42417251,0.0024,8,2015,wet,,
LC08_L2SP_188052_20150829_02_T1,2015-08-29,landsat-8,188/052,86.35,64.82087424,1.0,8,2015,wet,,
LC08_L2SP_189051_20150905_02_T1,2015-09-05,landsat-8,189/051,22.42,64.88878485,0.0045,9,2015,wet,,
LC08_L2SP_189052_20150905_02_T1,2015-09-05,landsat-8,189/052,42.11,64.93562222,0.0044,9,2015,wet,,
LC08_L2SP_188052_20150914_02_T1,2015-09-14,landsat-8,188/052,38.79,64.73364025,1.0,9,2015,wet,0.6956,636512.0
LC08_L2SP_189051_20150921_02_T1,2015-09-21,landsat-8,189/051,93.22,63.85085375,0.0001,9,2015,wet,,
LC08_L2SP_189052_20150921_02_T1,2015-09-21,landsat-8,189/052,91.65,64.2602863,0.0001,9,2015,wet,,
LC08_L2SP_188052_20150930_02_T1,2015-09-30,landsat-8,188/052,2.48,63.23392786,1.0,9,2015,wet,0.1441,636512.0
LC08_L2SP_189052_20151007_02_T1,2015-10-07,landsat-8,189/052,8.59,62.12288178,0.0008,10,2015,transition,,
LC08_L2SP_189051_20151007_02_T1,2015-10-07,landsat-8,189/051,1.15,61.40798988,0.0008,10,2015,transition,,
LC08_L2SP_188052_20151016_02_T1,2015-10-16,landsat-8,188/052,0.0,60.3642257,1.0,10,2015,transition,0.9978,636512.0
LC08_L2SP_189051_20151023_02_T1,2015-10-23,landsat-8,189/051,0.0,57.88566578,0.0006,10,2015,transition,,
LC08_L2SP_189052_20151023_02_T1,2015-10-23,landsat-8,189/052,4.33,58.80766105,0.0006,10,2015,transition,,
LC08_L2SP_188052_20151101_02_T1,2015-11-01,landsat-8,188/052,8.96,56.67776275,1.0,11,2015,harmattan,0.9764,636512.0
LC08_L2SP_189052_20151108_02_T1,2015-11-08,landsat-8,189/052,0.02,54.99214932,0.0015,11,2015,harmattan,,
LC08_L2SP_189051_20151108_02_T1,2015-11-08,landsat-8,189/051,0.0,53.95305979,0.0015,11,2015,harmattan,,
LC08_L2SP_188052_20151117_02_T1,2015-11-17,landsat-8,188/052,1.97,52.89768923,1.0,11,2015,harmattan,0.2786,636512.0
LC08_L2SP_189051_20151124_02_T1,2015-11-24,landsat-8,189/051,0.42,50.30488765,0.0006,11,2015,harmattan,,
LC08_L2SP_189052_20151124_02_T1,2015-11-24,landsat-8,189/052,0.65,51.39613919,0.0006,11,2015,harmattan,,
LC08_L2SP_188052_20151203_02_T1,2015-12-03,landsat-8,188/052,100.0,49.71462186,1.0,12,2015,harmattan,,
LC08_L2SP_189051_20151210_02_T1,2015-12-10,landsat-8,189/051,3.1,47.55176635,0.0057,12,2015,harmattan,,
LC08_L2SP_189052_20151210_02_T1,2015-12-10,landsat-8,189/052,12.12,48.64850319,0.0056,12,2015,harmattan,,
LC08_L2SP_188052_20151219_02_T1,2015-12-19,landsat-8,188/052,0.46,47.65017905,1.0,12,2015,harmattan,0.8304,636512.0
LC08_L2SP_189051_20151226_02_T1,2015-12-26,landsat-8,189/051,29.78,46.1287164,0.0007,12,2015,harmattan,,
LC08_L2SP_189052_20151226_02_T1,2015-12-26,landsat-8,189/052,53.09,47.19633915,0.0007,12,2015,harmattan,,
LC08_L2SP_188052_20160104_02_T1,2016-01-04,landsat-8,188/052,28.28,47.0485429,1.0,1,2016,harmattan,0.2273,636512.0
LC08_L2SP_189051_20160111_02_T1,2016-01-11,landsat-8,189/051,0.0,46.26981879,0.0057,1,2016,harmattan,,
LC08_L2SP_189052_20160111_02_T1,2016-01-11,landsat-8,189/052,0.0,47.27785923,0.0056,1,2016,harmattan,,
LC08_L2SP_188052_20160120_02_T1,2016-01-20,landsat-8,188/052,1.15,48.00759932,1.0,1,2016,harmattan,0.7012,636512.0
LC08_L2SP_189052_20160127_02_T1,2016-01-27,landsat-8,189/052,23.81,48.8955383,0.0003,1,2016,harmattan,,
LC08_L2SP_189051_20160127_02_T1,2016-01-27,landsat-8,189/051,100.0,47.97483351,0.0004,1,2016,harmattan,,
LC08_L2SP_188052_20160205_02_T1,2016-02-05,landsat-8,188/052,0.0,50.40000256,1.0,2,2016,harmattan,0.9887,636512.0
LC08_L2SP_189051_20160212_02_T1,2016-02-12,landsat-8,189/051,0.48,51.00766432,0.0054,2,2016,harmattan,,
LC08_L2SP_189052_20160212_02_T1,2016-02-12,landsat-8,189/052,0.46,51.81001003,0.0051,2,2016,harmattan,,
LC08_L2SP_188052_20160221_02_T1,2016-02-21,landsat-8,188/052,1.44,53.85949929,1.0,2,2016,harmattan,0.9588,636512.0
LC08_L2SP_189051_20160228_02_T1,2016-02-28,landsat-8,189/051,0.0,54.93006375,0.0024,2,2016,harmattan,,
LC08_L2SP_189052_20160228_02_T1,2016-02-28,landsat-8,189/052,0.01,55.57540176,0.0024,2,2016,harmattan,,
LC08_L2SP_188052_20160308_02_T1,2016-03-08,landsat-8,188/052,32.36,57.83237873,1.0,3,2016,hot,0.5534,636512.0
LC08_L2SP_189051_20160315_02_T1,2016-03-15,landsat-8,189/051,17.65,59.11663785,0.0003,3,2016,hot,,
LC08_L2SP_189052_20160315_02_T1,2016-03-15,landsat-8,189/052,66.54,59.55233998,0.0003,3,2016,hot,,
LC08_L2SP_188052_20160324_02_T1,2016-03-24,landsat-8,188/052,1.96,61.6035715,1.0,3,2016,hot,0.6258,636512.0
LC08_L2SP_189051_20160331_02_T1,2016-03-31,landsat-8,189/051,0.66,62.83139048,0.0038,3,2016,hot,,
LC08_L2SP_189052_20160331_02_T1,2016-03-31,landsat-8,189/052,0.57,62.99329338,0.0036,3,2016,hot,,
LC08_L2SP_188052_20160409_02_T1,2016-04-09,landsat-8,188/052,19.74,64.40751162,1.0,4,2016,hot,0.9992,636512.0
LC08_L2SP_189052_20160416_02_T1,2016-04-16,landsat-8,189/052,6.6,65.17257263,0.0005,4,2016,hot,,
LC08_L2SP_189051_20160416_02_T1,2016-04-16,landsat-8,189/051,0.37,65.33542449,0.0005,4,2016,hot,,
LC08_L2SP_188052_20160425_02_T1,2016-04-25,landsat-8,188/052,1.63,65.69732147,1.0,4,2016,hot,1.0,636512.0
LC08_L2SP_188052_20160511_02_T1,2016-05-11,landsat-8,188/052,20.11,65.5277065,1.0,5,2016,hot,0.0202,636512.0
LC08_L2SP_189051_20160518_02_T1,2016-05-18,landsat-8,189/051,0.44,65.84306187,0.0004,5,2016,hot,,
LC08_L2SP_189052_20160518_02_T1,2016-05-18,landsat-8,189/052,25.03,65.13396001,0.0004,5,2016,hot,,
LC08_L2SP_188052_20160527_02_T1,2016-05-27,landsat-8,188/052,4.82,64.48225826,1.0,5,2016,hot,1.0,636512.0
LC08_L2SP_189051_20160603_02_T1,2016-06-03,landsat-8,189/051,26.3,64.77467988,0.0019,6,2016,wet,,
LC08_L2SP_189052_20160603_02_T1,2016-06-03,landsat-8,189/052,85.5,63.93903532,0.0019,6,2016,wet,,
LC08_L2SP_188052_20160612_02_T1,2016-06-12,landsat-8,188/052,41.3,63.29674581,1.0,6,2016,wet,,
LC08_L2SP_189051_20160619_02_T1,2016-06-19,landsat-8,189/051,40.88,63.76954744,0.016,6,2016,wet,,
LC08_L2SP_189052_20160619_02_T1,2016-06-19,landsat-8,189/052,50.95,62.89907088,0.0158,6,2016,wet,,
LC08_L2SP_188052_20160628_02_T1,2016-06-28,landsat-8,188/052,27.88,62.57044419,1.0,6,2016,wet,0.9859,636512.0
LC08_L2SP_189051_20160705_02_T1,2016-07-05,landsat-8,189/051,66.36,63.30363182,0.0037,7,2016,wet,,
LC08_L2SP_189052_20160705_02_T1,2016-07-05,landsat-8,189/052,87.52,62.47459258,0.0036,7,2016,wet,,
LC08_L2SP_188052_20160714_02_T1,2016-07-14,landsat-8,188/052,1.63,62.56833446,1.0,7,2016,wet,0.9974,636512.0
LC08_L2SP_189051_20160721_02_T1,2016-07-21,landsat-8,189/051,33.13,63.51577793,0.0024,7,2016,wet,,
LC08_L2SP_189052_20160721_02_T1,2016-07-21,landsat-8,189/052,85.73,62.80072518,0.0023,7,2016,wet,,
LC08_L2SP_188052_20160730_02_T1,2016-07-30,landsat-8,188/052,46.58,63.25740864,1.0,7,2016,wet,,
LC08_L2SP_189052_20160806_02_T1,2016-08-06,landsat-8,189/052,62.57,63.69047264,0.0154,8,2016,wet,,
LC08_L2SP_189051_20160806_02_T1,2016-08-06,landsat-8,189/051,1.21,64.21135128,0.0154,8,2016,wet,,
LC08_L2SP_188052_20160815_02_T1,2016-08-15,landsat-8,188/052,39.53,64.2674005,1.0,8,2016,wet,0.0636,636512.0
LC08_L2SP_189051_20160822_02_T1,2016-08-22,landsat-8,189/051,54.91,64.90047045,0.0087,8,2016,wet,,
LC08_L2SP_189052_20160822_02_T1,2016-08-22,landsat-8,189/052,66.24,64.66066808,0.0085,8,2016,wet,,
LC08_L2SP_188052_20160831_02_T1,2016-08-31,landsat-8,188/052,90.6,64.97519583,1.0,8,2016,wet,,
LC08_L2SP_189051_20160907_02_T1,2016-09-07,landsat-8,189/051,51.38,64.88485147,0.0024,9,2016,wet,,
LC08_L2SP_189052_20160907_02_T1,2016-09-07,landsat-8,189/052,79.16,64.9963182,0.0023,9,2016,wet,,
LC08_L2SP_188052_20160916_02_T1,2016-09-16,landsat-8,188/052,26.3,64.6558238,1.0,9,2016,wet,1.0,636512.0
LC08_L2SP_189051_20160923_02_T1,2016-09-23,landsat-8,189/051,76.62,63.59523451,0.0081,9,2016,wet,,
LC08_L2SP_189052_20160923_02_T1,2016-09-23,landsat-8,189/052,87.43,64.06540037,0.008,9,2016,wet,,
LC08_L2SP_188052_20161002_02_T1,2016-10-02,landsat-8,188/052,0.95,62.88397666,1.0,10,2016,transition,0.9963,636512.0
LC08_L2SP_189051_20161009_02_T1,2016-10-09,landsat-8,189/051,54.25,60.90870917,0.002,10,2016,transition,,
LC08_L2SP_189052_20161009_02_T1,2016-10-09,landsat-8,189/052,81.87,61.66851084,0.0019,10,2016,transition,,
LC08_L2SP_188052_20161018_02_T1,2016-10-18,landsat-8,188/052,0.26,59.81319192,1.0,10,2016,transition,0.9962,636512.0
LC08_L2SP_189052_20161025_02_T1,2016-10-25,landsat-8,189/052,0.04,58.20645345,0.0001,10,2016,transition,,
LC08_L2SP_189051_20161025_02_T1,2016-10-25,landsat-8,189/051,0.1,57.25700722,0.0001,10,2016,transition,,
LC08_L2SP_188052_20161103_02_T1,2016-11-03,landsat-8,188/052,2.28,56.04403878,1.0,11,2016,harmattan,0.9798,636512.0
LC08_L2SP_189052_20161110_02_T1,2016-11-10,landsat-8,189/052,0.0,54.36463727,0.001,11,2016,harmattan,,
LC08_L2SP_189051_20161110_02_T1,2016-11-10,landsat-8,189/051,0.0,53.31146206,0.0011,11,2016,harmattan,,
LC08_L2SP_188052_20161119_02_T1,2016-11-19,landsat-8,188/052,0.0,52.31684132,1.0,11,2016,harmattan,0.9973,636512.0
LC08_L2SP_189051_20161126_02_T1,2016-11-26,landsat-8,189/051,0.93,49.7752156,0.0001,11,2016,harmattan,,
LC08_L2SP_189052_20161126_02_T1,2016-11-26,landsat-8,189/052,6.26,50.87085147,0.0001,11,2016,harmattan,,
LC08_L2SP_188052_20161205_02_T1,2016-12-05,landsat-8,188/052,62.39,49.28435888,1.0,12,2016,harmattan,,
LC08_L2SP_189051_20161212_02_T1,2016-12-12,landsat-8,189/051,0.02,47.21822022,0.0004,12,2016,harmattan,,
LC08_L2SP_189052_20161212_02_T1,2016-12-12,landsat-8,189/052,0.01,48.31288893,0.0004,12,2016,harmattan,,
LC08_L2SP_188052_20161221_02_T1,2016-12-21,landsat-8,188/052,0.49,47.453883,1.0,12,2016,harmattan,0.9663,636512.0
LC08_L2SP_189051_20161228_02_T1,2016-12-28,landsat-8,189/051,3.53,46.05223727,0.0011,12,2016,harmattan,,
LC08_L2SP_189052_20161228_02_T1,2016-12-28,landsat-8,189/052,7.47,47.11166675,0.0011,12,2016,harmattan,,
LC08_L2SP_188052_20170106_02_T1,2017-01-06,landsat-8,188/052,0.93,47.11271023,1.0,1,2017,harmattan,0.8812,636512.0
LC08_L2SP_189051_20170113_02_T1,2017-01-13,landsat-8,189/051,69.69,46.46545854,0.0004,1,2017,harmattan,,
LC08_L2SP_189052_20170113_02_T1,2017-01-13,landsat-8,189/052,40.29,47.46106839,0.0004,1,2017,harmattan,,
LC08_L2SP_188052_20170122_02_T1,2017-01-22,landsat-8,188/052,0.01,48.33376486,1.0,1,2017,harmattan,0.9988,636512.0
LC08_L2SP_189051_20170129_02_T1,2017-01-29,landsat-8,189/051,0.46,48.41735145,0.0018,1,2017,harmattan,,
LC08_L2SP_189052_20170129_02_T1,2017-01-29,landsat-8,189/052,0.35,49.3202418,0.0018,1,2017,harmattan,,
LC08_L2SP_188052_20170207_02_T1,2017-02-07,landsat-8,188/052,2.26,50.93457294,1.0,2,2017,harmattan,0.7982,636512.0
LC08_L2SP_189052_20170214_02_T1,2017-02-14,landsat-8,189/052,0.55,52.41549442,0.0034,2,2017,harmattan,,
LC08_L2SP_189051_20170214_02_T1,2017-02-14,landsat-8,189/051,0.55,51.63702543,0.0033,2,2017,harmattan,,
LC08_L2SP_188052_20170223_02_T1,2017-02-23,landsat-8,188/052,1.05,54.52368197,1.0,2,2017,harmattan,0.9737,636512.0
LC08_L2SP_189051_20170302_02_T1,2017-03-02,landsat-8,189/051,0.01,55.6447684,0.0011,3,2017,hot,,
LC08_L2SP_189052_20170302_02_T1,2017-03-02,landsat-8,189/052,0.01,56.25809369,0.0011,3,2017,hot,,
LC08_L2SP_188052_20170311_02_T1,2017-03-11,landsat-8,188/052,0.95,58.50806591,1.0,3,2017,hot,0.9952,636512.0
LC08_L2SP_189051_20170318_02_T1,2017-03-18,landsat-8,189/051,0.0,59.80127974,0.0036,3,2017,hot,,
LC08_L2SP_189052_20170318_02_T1,2017-03-18,landsat-8,189/052,0.01,60.19455102,0.0036,3,2017,hot,,
LC08_L2SP_188052_20170327_02_T1,2017-03-27,landsat-8,188/052,0.04,62.158421,1.0,3,2017,hot,0.9987,636512.0
LC08_L2SP_189051_20170403_02_T1,2017-04-03,landsat-8,189/051,4.83,63.34314134,0.0011,4,2017,hot,,
LC08_L2SP_189052_20170403_02_T1,2017-04-03,landsat-8,189/052,13.5,63.45133863,0.0011,4,2017,hot,,
LC08_L2SP_188052_20170412_02_T1,2017-04-12,landsat-8,188/052,4.04,64.72130433,1.0,4,2017,hot,0.975,636512.0
LC08_L2SP_189051_20170419_02_T1,2017-04-19,landsat-8,189/051,0.03,65.58094188,0.0002,4,2017,hot,,
LC08_L2SP_189052_20170419_02_T1,2017-04-19,landsat-8,189/052,0.28,65.36113415,0.0002,4,2017,hot,,
LC08_L2SP_188052_20170428_02_T1,2017-04-28,landsat-8,188/052,1.25,65.73406172,1.0,4,2017,hot,0.9997,636512.0
LC08_L2SP_189052_20170505_02_T1,2017-05-05,landsat-8,189/052,10.32,65.72460227,0.0265,5,2017,hot,,
LC08_L2SP_189051_20170505_02_T1,2017-05-05,landsat-8,189/051,0.0,66.24888555,0.025,5,2017,hot,,
LC08_L2SP_188052_20170514_02_T1,2017-05-14,landsat-8,188/052,0.0,65.38270017,1.0,5,2017,hot,1.0,636512.0
LC08_L2SP_189052_20170521_02_T1,2017-05-21,landsat-8,189/052,0.01,64.93803455,0.0036,5,2017,hot,,
LC08_L2SP_189051_20170521_02_T1,2017-05-21,landsat-8,189/051,0.0,65.6761556,0.0037,5,2017,hot,,
LC08_L2SP_188052_20170530_02_T1,2017-05-30,landsat-8,188/052,25.58,64.25420257,1.0,5,2017,hot,0.1041,636512.0
LC08_L2SP_189051_20170606_02_T1,2017-06-06,landsat-8,189/051,0.1,64.56594943,0.0009,6,2017,wet,,
LC08_L2SP_189052_20170606_02_T1,2017-06-06,landsat-8,189/052,10.31,63.71847811,0.0009,6,2017,wet,,
LC08_L2SP_188052_20170615_02_T1,2017-06-15,landsat-8,188/052,11.88,63.11692535,1.0,6,2017,wet,0.9968,636512.0
LC08_L2SP_189051_20170622_02_T1,2017-06-22,landsat-8,189/051,17.68,63.62967478,0.0016,6,2017,wet,,
LC08_L2SP_189052_20170622_02_T1,2017-06-22,landsat-8,189/052,79.44,62.76151283,0.0016,6,2017,wet,,
LC08_L2SP_188052_20170701_02_T1,2017-07-01,landsat-8,188/052,97.32,62.49790968,1.0,7,2017,wet,,
LC08_L2SP_189051_20170708_02_T1,2017-07-08,landsat-8,189/051,13.91,63.27711267,0.008,7,2017,wet,,
LC08_L2SP_189052_20170708_02_T1,2017-07-08,landsat-8,189/052,18.6,62.46250756,0.0079,7,2017,wet,,
LC08_L2SP_188052_20170717_02_T1,2017-07-17,landsat-8,188/052,16.88,62.6302355,1.0,7,2017,wet,0.6477,636512.0
LC08_L2SP_189051_20170724_02_T1,2017-07-24,landsat-8,189/051,23.51,63.59258938,0.0059,7,2017,wet,,
LC08_L2SP_189052_20170724_02_T1,2017-07-24,landsat-8,189/052,63.17,62.90536336,0.006,7,2017,wet,,
LC08_L2SP_188052_20170802_02_T1,2017-08-02,landsat-8,188/052,14.92,63.40177793,1.0,8,2017,wet,0.9904,636512.0
LC08_L2SP_189052_20170809_02_T2,2017-08-09,landsat-8,189/052,94.72,63.85147933,0.0018,8,2017,wet,,
LC08_L2SP_189051_20170809_02_T1,2017-08-09,landsat-8,189/051,86.39,64.33013164,0.002,8,2017,wet,,
LC08_L2SP_188052_20170818_02_T1,2017-08-18,landsat-8,188/052,90.5,64.41285824,1.0,8,2017,wet,,
LC08_L2SP_189052_20170825_02_T1,2017-08-25,landsat-8,189/052,66.62,64.760985,0.0027,8,2017,wet,,
LC08_L2SP_189051_20170825_02_T1,2017-08-25,landsat-8,189/051,20.33,64.94417567,0.0027,8,2017,wet,,
LC08_L2SP_188052_20170903_02_T1,2017-09-03,landsat-8,188/052,48.04,64.98812243,1.0,9,2017,wet,,
LC08_L2SP_189051_20170910_02_T1,2017-09-10,landsat-8,189/051,0.49,64.74580359,0.0083,9,2017,wet,,
LC08_L2SP_189052_20170910_02_T1,2017-09-10,landsat-8,189/052,31.55,64.92060742,0.0083,9,2017,wet,,
LC08_L2SP_188052_20170919_02_T1,2017-09-19,landsat-8,188/052,3.06,64.43675895,1.0,9,2017,wet,0.9532,636512.0
LC08_L2SP_189051_20170926_02_T1,2017-09-26,landsat-8,189/051,19.6,63.20259396,0.0011,9,2017,wet,,
LC08_L2SP_189052_20170926_02_T1,2017-09-26,landsat-8,189/052,39.83,63.72863037,0.001,9,2017,wet,,
LC08_L2SP_188052_20171005_02_T1,2017-10-05,landsat-8,188/052,8.84,62.41497357,1.0,10,2017,transition,0.995,636512.0
LC08_L2SP_189051_20171012_02_T1,2017-10-12,landsat-8,189/051,18.39,60.31585036,0.0,10,2017,transition,,
LC08_L2SP_189052_20171012_02_T1,2017-10-12,landsat-8,189/052,39.14,61.11478978,0.0,10,2017,transition,,
LC08_L2SP_188052_20171021_02_T1,2017-10-21,landsat-8,188/052,0.55,59.17443784,1.0,10,2017,transition,0.9932,636512.0
LC08_L2SP_189051_20171028_02_T1,2017-10-28,landsat-8,189/051,4.73,56.55877511,0.0,10,2017,transition,,
LC08_L2SP_189052_20171028_02_T1,2017-10-28,landsat-8,189/052,0.22,57.53081107,0.0,10,2017,transition,,
LC08_L2SP_188052_20171106_02_T1,2017-11-06,landsat-8,188/052,0.0,55.36467932,1.0,11,2017,harmattan,0.9957,636512.0
LC08_L2SP_189052_20171113_02_T1,2017-11-13,landsat-8,189/052,12.39,53.70623719,0.0,11,2017,harmattan,,
LC08_L2SP_189051_20171113_02_T1,2017-11-13,landsat-8,189/051,21.67,52.6424961,0.0,11,2017,harmattan,,
LC08_L2SP_188052_20171122_02_T1,2017-11-22,landsat-8,188/052,0.45,51.71256296,1.0,11,2017,harmattan,0.9736,636512.0
LC08_L2SP_189052_20171129_02_T1,2017-11-29,landsat-8,189/052,13.24,50.33245448,0.0128,11,2017,harmattan,,
LC08_L2SP_189051_20171129_02_T1,2017-11-29,landsat-8,189/051,3.37,49.23487247,0.0129,11,2017,harmattan,,
LC08_L2SP_188052_20171208_02_T1,2017-12-08,landsat-8,188/052,99.96,48.85990715,1.0,12,2017,harmattan,,
LC08_L2SP_189051_20171215_02_T1,2017-12-15,landsat-8,189/051,63.16,46.89713071,0.0002,12,2017,harmattan,,
LC08_L2SP_189052_20171215_02_T1,2017-12-15,landsat-8,189/052,72.36,47.98756617,0.0002,12,2017,harmattan,,
LC08_L2SP_188052_20171224_02_T1,2017-12-24,landsat-8,188/052,7.88,47.26682788,1.0,12,2017,harmattan,0.9234,636512.0
LC08_L2SP_189052_20171231_02_T1,2017-12-31,landsat-8,189/052,2.1,47.04319431,0.0,12,2017,harmattan,,
LC08_L2SP_189051_20171231_02_T1,2017-12-31,landsat-8,189/051,1.12,45.99306485,0.0,12,2017,harmattan,,
LC08_L2SP_188052_20180109_02_T1,2018-01-09,landsat-8,188/052,0.01,47.19920362,1.0,1,2018,harmattan,0.9815,636512.0
LC08_L2SP_189051_20180116_02_T1,2018-01-16,landsat-8,189/051,3.29,46.68043561,0.0015,1,2018,harmattan,,
LC08_L2SP_189052_20180116_02_T1,2018-01-16,landsat-8,189/052,1.03,47.66180985,0.0014,1,2018,harmattan,,
LC08_L2SP_188052_20180125_02_T1,2018-01-25,landsat-8,188/052,0.93,48.67179458,1.0,1,2018,harmattan,0.7445,636512.0
LC08_L2SP_189051_20180201_02_T1,2018-02-01,landsat-8,189/051,1.23,48.87468122,0.0184,2,2018,harmattan,,
LC08_L2SP_189052_20180201_02_T1,2018-02-01,landsat-8,189/052,0.67,49.75804033,0.0185,2,2018,harmattan,,
LC08_L2SP_188052_20180210_02_T1,2018-02-10,landsat-8,188/052,0.0,51.47819963,1.0,2,2018,harmattan,0.9988,636512.0
LC08_L2SP_189051_20180217_02_T1,2018-02-17,landsat-8,189/051,0.28,52.26629639,0.0121,2,2018,harmattan,,
LC08_L2SP_189052_20180217_02_T1,2018-02-17,landsat-8,189/052,0.29,53.01893294,0.0118,2,2018,harmattan,,
LC08_L2SP_188052_20180226_02_T1,2018-02-26,landsat-8,188/052,5.63,55.17732776,1.0,2,2018,harmattan,1.0,636512.0
LC08_L2SP_189051_20180305_02_T1,2018-03-05,landsat-8,189/051,0.0,56.34931308,0.0104,3,2018,hot,,
LC08_L2SP_189052_20180305_02_T1,2018-03-05,landsat-8,189/052,0.0,56.92836005,0.0103,3,2018,hot,,
LC08_L2SP_188052_20180314_02_T1,2018-03-14,landsat-8,188/052,0.0,59.15872666,1.0,3,2018,hot,0.9985,636512.0
LC08_L2SP_189052_20180321_02_T1,2018-03-21,landsat-8,189/052,0.39,60.79732615,0.0082,3,2018,hot,,
LC08_L2SP_189051_20180321_02_T1,2018-03-21,landsat-8,189/051,0.0,60.44926795,0.0084,3,2018,hot,,
LC08_L2SP_188052_20180330_02_T1,2018-03-30,landsat-8,188/052,34.24,62.66859592,1.0,3,2018,hot,0.4621,636512.0
LC08_L2SP_189051_20180406_02_T1,2018-04-06,landsat-8,189/051,1.34,63.81175635,0.0025,4,2018,hot,,
LC08_L2SP_189052_20180406_02_T1,2018-04-06,landsat-8,189/052,6.32,63.86481199,0.0025,4,2018,hot,,
LC08_L2SP_188052_20180415_02_T1,2018-04-15,landsat-8,188/052,53.15,64.98037276,1.0,4,2018,hot,,
LC08_L2SP_189051_20180422_02_T1,2018-04-22,landsat-8,189/051,2.15,65.76877868,0.0012,4,2018,hot,,
LC08_L2SP_189052_20180422_02_T1,2018-04-22,landsat-8,189/052,0.41,65.49255729,0.0012,4,2018,hot,,
LC08_L2SP_188052_20180501_02_T1,2018-05-01,landsat-8,188/052,4.09,65.7069741,1.0,5,2018,hot,0.9995,636512.0
LC08_L2SP_189051_20180508_02_T1,2018-05-08,landsat-8,189/051,29.04,66.13524211,0.0,5,2018,hot,,
LC08_L2SP_189052_20180508_02_T1,2018-05-08,landsat-8,189/052,51.49,65.56847225,0.0,5,2018,hot,,
LC08_L2SP_188052_20180517_02_T1,2018-05-17,landsat-8,188/052,30.83,65.09201524,1.0,5,2018,hot,0.3572,636512.0
LC08_L2SP_189051_20180524_02_T1,2018-05-24,landsat-8,189/051,0.14,65.33867358,0.0,5,2018,hot,,
LC08_L2SP_189052_20180524_02_T1,2018-05-24,landsat-8,189/052,11.14,64.57775525,0.0,5,2018,hot,,
LC08_L2SP_188052_20180602_02_T1,2018-06-02,landsat-8,188/052,10.35,63.86807749,1.0,6,2018,wet,0.9959,636512.0
LC08_L2SP_189052_20180609_02_T1,2018-06-09,landsat-8,189/052,15.14,63.35396564,0.0137,6,2018,wet,,
LC08_L2SP_189051_20180609_02_T1,2018-06-09,landsat-8,189/051,0.11,64.20808483,0.0139,6,2018,wet,,
LC08_L2SP_188052_20180618_02_T1,2018-06-18,landsat-8,188/052,4.19,62.79857283,1.0,6,2018,wet,0.9664,636512.0
LC08_L2SP_189052_20180625_02_T1,2018-06-25,landsat-8,189/052,60.76,62.49698397,0.0075,6,2018,wet,,
LC08_L2SP_189051_20180625_02_T1,2018-06-25,landsat-8,189/051,13.85,63.35880923,0.0073,6,2018,wet,,
LC08_L2SP_188052_20180704_02_T1,2018-07-04,landsat-8,188/052,19.8,62.3142063,1.0,7,2018,wet,0.9944,636512.0
LC08_L2SP_189051_20180711_02_T1,2018-07-11,landsat-8,189/051,39.35,63.13291891,0.0093,7,2018,wet,,
LC08_L2SP_189052_20180711_02_T1,2018-07-11,landsat-8,189/052,60.54,62.33706575,0.0091,7,2018,wet,,
LC08_L2SP_188052_20180720_02_T1,2018-07-20,landsat-8,188/052,59.14,62.57186196,1.0,7,2018,wet,,
LC08_L2SP_189051_20180727_02_T1,2018-07-27,landsat-8,189/051,52.83,63.55162563,0.0184,7,2018,wet,,
LC08_L2SP_189052_20180727_02_T1,2018-07-27,landsat-8,189/052,87.18,62.89542487,0.0184,7,2018,wet,,
LC08_L2SP_188052_20180805_02_T1,2018-08-05,landsat-8,188/052,96.62,63.43189314,1.0,8,2018,wet,,
LC08_L2SP_189051_20180812_02_T1,2018-08-12,landsat-8,189/051,15.6,64.31902008,0.0086,8,2018,wet,,
LC08_L2SP_189052_20180812_02_T1,2018-08-12,landsat-8,189/052,62.07,63.88552023,0.0087,8,2018,wet,,
LC08_L2SP_188052_20180821_02_T1,2018-08-21,landsat-8,188/052,72.02,64.42274836,1.0,8,2018,wet,,
LC08_L2SP_189051_20180828_02_T1,2018-08-28,landsat-8,189/051,26.07,64.85692,0.0082,8,2018,wet,,
LC08_L2SP_189052_20180828_02_T1,2018-08-28,landsat-8,189/052,38.6,64.73101378,0.0082,8,2018,wet,,
LC08_L2SP_188052_20180906_02_T1,2018-09-06,landsat-8,188/052,99.97,64.8672324,1.0,9,2018,wet,,
LC08_L2SP_189052_20180913_02_T1,2018-09-13,landsat-8,189/052,25.02,64.70318858,0.0137,9,2018,wet,,
LC08_L2SP_189051_20180913_02_T1,2018-09-13,landsat-8,189/051,2.59,64.46784592,0.0138,9,2018,wet,,
LC08_L2SP_188052_20180922_02_T1,2018-09-22,landsat-8,188/052,48.26,64.08848523,1.0,9,2018,wet,,
LC08_L2SP_189051_20180929_02_T1,2018-09-29,landsat-8,189/051,5.26,62.70571484,0.0062,9,2018,wet,,
LC08_L2SP_189052_20180929_02_T1,2018-09-29,landsat-8,189/052,61.95,63.28228394,0.006,9,2018,wet,,
LC08_L2SP_188052_20181008_02_T1,2018-10-08,landsat-8,188/052,16.09,61.84881742,1.0,10,2018,transition,0.876,636512.0
LC08_L2SP_189051_20181015_02_T1,2018-10-15,landsat-8,189/051,16.93,59.64107112,0.0006,10,2018,transition,,
LC08_L2SP_189052_20181015_02_T1,2018-10-15,landsat-8,189/052,2.24,60.47364522,0.0006,10,2018,transition,,
LC08_L2SP_188052_20181024_02_T1,2018-10-24,landsat-8,188/052,1.08,58.47802544,1.0,10,2018,transition,0.9984,636512.0
LC08_L2SP_189051_20181031_02_T1,2018-10-31,landsat-8,189/051,0.0,55.82729525,0.0,10,2018,transition,,
LC08_L2SP_189052_20181031_02_T1,2018-10-31,landsat-8,189/052,0.0,56.81795399,0.0,10,2018,transition,,
LC08_L2SP_188052_20181109_02_T1,2018-11-09,landsat-8,188/052,8.98,54.65768781,1.0,11,2018,harmattan,0.9944,636512.0
LC08_L2SP_189051_20181116_02_T1,2018-11-16,landsat-8,189/051,1.29,51.95920098,0.0003,11,2018,harmattan,,
LC08_L2SP_189052_20181116_02_T1,2018-11-16,landsat-8,189/052,0.66,53.0305455,0.0003,11,2018,harmattan,,
LC08_L2SP_188052_20181125_02_T1,2018-11-25,landsat-8,188/052,0.91,51.11296988,1.0,11,2018,harmattan,0.9662,636512.0
LC08_L2SP_189051_20181202_02_T1,2018-12-02,landsat-8,189/051,6.94,48.71239674,0.0029,12,2018,harmattan,,
LC08_L2SP_189052_20181202_02_T1,2018-12-02,landsat-8,189/052,17.07,49.80990644,0.0027,12,2018,harmattan,,
LC08_L2SP_188052_20181211_02_T1,2018-12-11,landsat-8,188/052,1.22,48.45241507,1.0,12,2018,harmattan,0.5009,636512.0
LC08_L2SP_189052_20181218_02_T1,2018-12-18,landsat-8,189/052,29.0,47.6863432,0.0148,12,2018,harmattan,,
LC08_L2SP_189051_20181218_02_T1,2018-12-18,landsat-8,189/051,19.98,46.60174073,0.015,12,2018,harmattan,,
LC08_L2SP_188052_20181227_02_T1,2018-12-27,landsat-8,188/052,0.14,47.11754296,1.0,12,2018,harmattan,0.9715,636512.0
LC08_L2SP_189051_20190103_02_T1,2019-01-03,landsat-8,189/051,5.7,45.97363221,0.0161,1,2019,harmattan,,
LC08_L2SP_189052_20190103_02_T1,2019-01-03,landsat-8,189/052,0.17,47.01328851,0.016,1,2019,harmattan,,
LC08_L2SP_188052_20190112_02_T1,2019-01-12,landsat-8,188/052,0.01,47.32077607,1.0,1,2019,harmattan,0.9955,636512.0
LC08_L2SP_189051_20190119_02_T1,2019-01-19,landsat-8,189/051,0.62,46.93590591,0.0208,1,2019,harmattan,,
LC08_L2SP_189052_20190119_02_T1,2019-01-19,landsat-8,189/052,0.0,47.90166911,0.021,1,2019,harmattan,,
LC08_L2SP_188052_20190128_02_T1,2019-01-28,landsat-8,188/052,63.9,49.05336285,1.0,1,2019,harmattan,,
LC08_L2SP_189051_20190204_02_T1,2019-02-04,landsat-8,189/051,0.37,49.37037434,0.0237,2,2019,harmattan,,
LC08_L2SP_189052_20190204_02_T1,2019-02-04,landsat-8,189/052,0.0,50.23293774,0.0243,2,2019,harmattan,,
LC08_L2SP_188052_20190213_02_T1,2019-02-13,landsat-8,188/052,6.7,52.05237824,1.0,2,2019,harmattan,0.9986,636512.0
LC08_L2SP_189051_20190220_02_T1,2019-02-20,landsat-8,189/051,0.21,52.92930691,0.017,2,2019,harmattan,,
LC08_L2SP_189052_20190220_02_T1,2019-02-20,landsat-8,189/052,0.17,53.65498469,0.0167,2,2019,harmattan,,
LC08_L2SP_188052_20190301_02_T1,2019-03-01,landsat-8,188/052,77.43,55.85958514,1.0,3,2019,hot,,
LC08_L2SP_189051_20190308_02_T1,2019-03-08,landsat-8,189/051,3.98,57.07331058,0.0213,3,2019,hot,,
LC08_L2SP_189052_20190308_02_T1,2019-03-08,landsat-8,189/052,15.84,57.616891,0.0216,3,2019,hot,,
LC08_L2SP_188052_20190317_02_T1,2019-03-17,landsat-8,188/052,13.68,59.82190877,1.0,3,2019,hot,0.3343,636512.0
LC08_L2SP_189052_20190324_02_T1,2019-03-24,landsat-8,189/052,16.72,61.41498501,0.006,3,2019,hot,,
LC08_L2SP_189051_20190324_02_T1,2019-03-24,landsat-8,189/051,4.59,61.11339997,0.0061,3,2019,hot,,
LC08_L2SP_188052_20190402_02_T1,2019-04-02,landsat-8,188/052,0.0,63.18557128,1.0,4,2019,hot,0.9987,636512.0
LC08_L2SP_189051_20190409_02_T1,2019-04-09,landsat-8,189/051,0.3,64.27944521,0.0012,4,2019,hot,,
LC08_L2SP_189052_20190409_02_T1,2019-04-09,landsat-8,189/052,30.63,64.27636537,0.0012,4,2019,hot,,
LC08_L2SP_188052_20190418_02_T1,2019-04-18,landsat-8,188/052,11.02,65.24523869,1.0,4,2019,hot,0.9975,636512.0
LC08_L2SP_189051_20190425_02_T1,2019-04-25,landsat-8,189/051,0.05,65.97340057,0.0002,4,2019,hot,,
LC08_L2SP_189052_20190425_02_T1,2019-04-25,landsat-8,189/052,0.58,65.64191904,0.0002,4,2019,hot,,
LC08_L2SP_188052_20190504_02_T1,2019-05-04,landsat-8,188/052,13.91,65.75923724,1.0,5,2019,hot,0.9838,636512.0
LC08_L2SP_189051_20190511_02_T1,2019-05-11,landsat-8,189/051,23.76,66.17034743,0.0011,5,2019,hot,,
LC08_L2SP_189052_20190511_02_T1,2019-05-11,landsat-8,189/052,19.12,65.56012235,0.001,5,2019,hot,,
LC08_L2SP_188052_20190520_02_T1,2019-05-20,landsat-8,188/052,6.84,65.05061211,1.0,5,2019,hot,0.7591,636512.0
LC08_L2SP_189051_20190527_02_T1,2019-05-27,landsat-8,189/051,6.18,65.32533828,0.0001,5,2019,hot,,
LC08_L2SP_189052_20190527_02_T1,2019-05-27,landsat-8,189/052,5.85,64.53806059,0.0001,5,2019,hot,,
LC08_L2SP_188052_20190605_02_T1,2019-06-05,landsat-8,188/052,48.43,63.84056235,1.0,6,2019,wet,,
LC08_L2SP_189051_20190612_02_T1,2019-06-12,landsat-8,189/051,8.03,64.20675032,0.0,6,2019,wet,,
LC08_L2SP_189052_20190612_02_T1,2019-06-12,landsat-8,189/052,23.62,63.34280975,0.0,6,2019,wet,,
LC08_L2SP_188052_20190621_02_T1,2019-06-21,landsat-8,188/052,49.01,62.8396191,1.0,6,2019,wet,,
LC08_L2SP_189052_20190628_02_T2,2019-06-28,landsat-8,189/052,99.96,62.58772719,0.0006,6,2019,wet,,
LC08_L2SP_189051_20190628_02_T1,2019-06-28,landsat-8,189/051,91.74,63.4458542,0.0006,6,2019,wet,,
LC08_L2SP_188052_20190707_02_T1,2019-07-07,landsat-8,188/052,12.04,62.47216304,1.0,7,2019,wet,0.8563,636512.0
LC08_L2SP_189051_20190714_02_T1,2019-07-14,landsat-8,189/051,37.76,63.33287301,0.0078,7,2019,wet,,
LC08_L2SP_189052_20190714_02_T1,2019-07-14,landsat-8,189/052,19.47,62.55343658,0.0079,7,2019,wet,,
LC08_L2SP_188052_20190723_02_T1,2019-07-23,landsat-8,188/052,8.2,62.85830298,1.0,7,2019,wet,0.8476,636512.0
LC08_L2SP_189051_20190730_02_T1,2019-07-30,landsat-8,189/051,44.26,63.84331796,0.0129,7,2019,wet,,
LC08_L2SP_189052_20190730_02_T1,2019-07-30,landsat-8,189/052,53.64,63.21793008,0.0127,7,2019,wet,,
LC08_L2SP_188052_20190808_02_T1,2019-08-08,landsat-8,188/052,14.29,63.77673014,1.0,8,2019,wet,0.9999,636512.0
LC08_L2SP_189051_20190815_02_T1,2019-08-15,landsat-8,189/051,97.83,64.61636086,0.0112,8,2019,wet,,
LC08_L2SP_189052_20190815_02_T2,2019-08-15,landsat-8,189/052,99.99,64.23007373,0.0111,8,2019,wet,,
LC08_L2SP_188052_20190824_02_T2,2019-08-24,landsat-8,188/052,95.32,64.72866425,1.0,8,2019,wet,,
LC08_L2SP_189051_20190831_02_T1,2019-08-31,landsat-8,189/051,5.62,65.03333897,0.0123,8,2019,wet,,
LC08_L2SP_189052_20190831_02_T1,2019-08-31,landsat-8,189/052,13.37,64.96940291,0.0122,8,2019,wet,,
LC08_L2SP_188052_20190909_02_T1,2019-09-09,landsat-8,188/052,33.31,64.98653911,1.0,9,2019,wet,0.0,636512.0
LC08_L2SP_189051_20190916_02_T1,2019-09-16,landsat-8,189/051,21.23,64.41249394,0.0064,9,2019,wet,,
LC08_L2SP_189052_20190916_02_T1,2019-09-16,landsat-8,189/052,39.26,64.71409792,0.0063,9,2019,wet,,
LC08_L2SP_188052_20190925_02_T1,2019-09-25,landsat-8,188/052,3.76,63.94050367,1.0,9,2019,wet,0.9951,636512.0
LC08_L2SP_189052_20191002_02_T1,2019-10-02,landsat-8,189/052,67.72,63.00875092,0.0016,10,2019,transition,,
LC08_L2SP_189051_20191002_02_T1,2019-10-02,landsat-8,189/051,66.53,62.37627306,0.0016,10,2019,transition,,
LC08_L2SP_188052_20191011_02_T1,2019-10-11,landsat-8,188/052,10.37,61.44065862,1.0,10,2019,transition,0.9976,636512.0
LC08_L2SP_189051_20191018_02_T1,2019-10-18,landsat-8,189/051,22.11,59.11717037,0.001,10,2019,transition,,
LC08_L2SP_189052_20191018_02_T1,2019-10-18,landsat-8,189/052,28.83,59.98781041,0.0009,10,2019,transition,,
LC08_L2SP_188052_20191027_02_T1,2019-10-27,landsat-8,188/052,66.39,57.91980916,1.0,10,2019,transition,,
LC08_L2SP_189051_20191103_02_T1,2019-11-03,landsat-8,189/051,0.12,55.21978598,0.0014,11,2019,harmattan,,
LC08_L2SP_189052_20191103_02_T1,2019-11-03,landsat-8,189/052,0.28,56.23229435,0.0014,11,2019,harmattan,,
LC08_L2SP_188052_20191112_02_T1,2019-11-12,landsat-8,188/052,1.55,54.08157956,1.0,11,2019,harmattan,0.7878,636512.0
LC08_L2SP_189051_20191119_02_T1,2019-11-19,landsat-8,189/051,0.0,51.406847,0.0097,11,2019,harmattan,,
LC08_L2SP_189052_20191119_02_T1,2019-11-19,landsat-8,189/052,0.0,52.48887007,0.0096,11,2019,harmattan,,
LC08_L2SP_188052_20191128_02_T1,2019-11-28,landsat-8,188/052,0.07,50.63929488,1.0,11,2019,harmattan,0.9909,636512.0
LC08_L2SP_189051_20191205_02_T1,2019-12-05,landsat-8,189/051,0.0,48.31109325,0.0099,12,2019,harmattan,,
LC08_L2SP_189052_20191205_02_T1,2019-12-05,landsat-8,189/052,0.0,49.41162218,0.0098,12,2019,harmattan,,
LC08_L2SP_188052_20191214_02_T1,2019-12-14,landsat-8,188/052,0.01,48.1784068,1.0,12,2019,harmattan,0.9672,636512.0
LC08_L2SP_188052_20191230_02_T1,2019-12-30,landsat-8,188/052,0.26,47.09385891,1.0,12,2019,harmattan,0.9877,636512.0
LC08_L2SP_189052_20200106_02_T1,2020-01-06,landsat-8,189/052,2.4,47.10800127,0.0196,1,2020,harmattan,,
LC08_L2SP_189051_20200106_02_T1,2020-01-06,landsat-8,189/051,6.67,46.07740452,0.0195,1,2020,harmattan,,
LC08_L2SP_188052_20200115_02_T1,2020-01-15,landsat-8,188/052,0.01,47.5700745,1.0,1,2020,harmattan,0.9804,636512.0
LC08_L2SP_189052_20200122_02_T1,2020-01-22,landsat-8,189/052,2.14,48.26150966,0.0189,1,2020,harmattan,,
LC08_L2SP_189051_20200122_02_T1,2020-01-22,landsat-8,189/051,31.71,47.30974355,0.0188,1,2020,harmattan,,
LC08_L2SP_188052_20200131_02_T1,2020-01-31,landsat-8,188/052,0.06,49.54043474,1.0,1,2020,harmattan,0.9074,636512.0
LC08_L2SP_189051_20200207_02_T1,2020-02-07,landsat-8,189/051,0.0,49.96585447,0.0153,2,2020,harmattan,,
LC08_L2SP_189052_20200207_02_T1,2020-02-07,landsat-8,189/052,0.0,50.80925182,0.0152,2,2020,harmattan,,
LC08_L2SP_188052_20200216_02_T1,2020-02-16,landsat-8,188/052,0.22,52.71920303,1.0,2,2020,harmattan,0.9686,636512.0
LC08_L2SP_189051_20200223_02_T1,2020-02-23,landsat-8,189/051,0.35,53.66716463,0.007,2,2020,harmattan,,
LC08_L2SP_189052_20200223_02_T1,2020-02-23,landsat-8,189/052,0.71,54.36669562,0.0069,2,2020,harmattan,,
LC08_L2SP_188052_20200303_02_T1,2020-03-03,landsat-8,188/052,13.46,56.59721277,1.0,3,2020,hot,0.4901,636512.0
LC08_L2SP_189051_20200310_02_T1,2020-03-10,landsat-8,189/051,2.93,57.84371543,0.0015,3,2020,hot,,
LC08_L2SP_189052_20200310_02_T1,2020-03-10,landsat-8,189/052,4.86,58.35151565,0.0014,3,2020,hot,,
LC08_L2SP_188052_20200319_02_T1,2020-03-19,landsat-8,188/052,54.95,60.5112806,1.0,3,2020,hot,,
LC08_L2SP_189051_20200326_02_T1,2020-03-26,landsat-8,189/051,3.42,61.78050888,0.0019,3,2020,hot,,
LC08_L2SP_189052_20200326_02_T1,2020-03-26,landsat-8,189/052,13.69,62.03461459,0.0019,3,2020,hot,,
LC08_L2SP_188052_20200404_02_T1,2020-04-04,landsat-8,188/052,27.32,63.68421657,1.0,4,2020,hot,0.6904,636512.0
LC08_L2SP_189051_20200411_02_T1,2020-04-11,landsat-8,189/051,39.7,64.72225564,0.0004,4,2020,hot,,
LC08_L2SP_189052_20200411_02_T1,2020-04-11,landsat-8,189/052,35.61,64.66296123,0.0004,4,2020,hot,,
LC08_L2SP_188052_20200420_02_T1,2020-04-20,landsat-8,188/052,0.43,65.46711204,1.0,4,2020,hot,0.9561,636512.0
LC08_L2SP_189052_20200427_02_T1,2020-04-27,landsat-8,189/052,2.47,65.73412617,0.0,4,2020,hot,,
LC08_L2SP_189051_20200427_02_T1,2020-04-27,landsat-8,189/051,1.26,66.11916023,0.0,4,2020,hot,,
LC08_L2SP_188052_20200506_02_T1,2020-05-06,landsat-8,188/052,0.24,65.66961962,1.0,5,2020,hot,1.0,636512.0
LC08_L2SP_189051_20200513_02_T1,2020-05-13,landsat-8,189/051,0.03,66.04308695,0.0003,5,2020,hot,,
LC08_L2SP_189052_20200513_02_T1,2020-05-13,landsat-8,189/052,6.27,65.39502025,0.0003,5,2020,hot,,
LC08_L2SP_188052_20200522_02_T1,2020-05-22,landsat-8,188/052,64.6,64.82076372,1.0,5,2020,hot,,
LC08_L2SP_189051_20200529_02_T1,2020-05-29,landsat-8,189/051,0.26,65.09472873,0.0115,5,2020,hot,,
LC08_L2SP_189052_20200529_02_T1,2020-05-29,landsat-8,189/052,53.2,64.28801957,0.0113,5,2020,hot,,
LC08_L2SP_188052_20200607_02_T1,2020-06-07,landsat-8,188/052,0.0,63.60768771,1.0,6,2020,wet,1.0,636512.0
LC08_L2SP_189051_20200614_02_T1,2020-06-14,landsat-8,189/051,4.82,64.01080792,0.0019,6,2020,wet,,
LC08_L2SP_189052_20200614_02_T1,2020-06-14,landsat-8,189/052,34.39,63.14281271,0.0019,6,2020,wet,,
LC08_L2SP_188052_20200623_02_T1,2020-06-23,landsat-8,188/052,2.19,62.69393009,1.0,6,2020,wet,0.9243,636512.0
LC08_L2SP_189051_20200630_02_T1,2020-06-30,landsat-8,189/051,17.56,63.34629267,0.0014,6,2020,wet,,
LC08_L2SP_189052_20200630_02_T1,2020-06-30,landsat-8,189/052,64.54,62.49712075,0.0014,6,2020,wet,,
LC08_L2SP_188052_20200709_02_T1,2020-07-09,landsat-8,188/052,23.72,62.46302082,1.0,7,2020,wet,0.3905,636512.0
LC08_L2SP_189051_20200716_02_T1,2020-07-16,landsat-8,189/051,25.82,63.35814982,0.0024,7,2020,wet,,
LC08_L2SP_189052_20200716_02_T1,2020-07-16,landsat-8,189/052,63.88,62.59973906,0.0025,7,2020,wet,,
LC08_L2SP_188052_20200725_02_T1,2020-07-25,landsat-8,188/052,41.45,62.96102778,1.0,7,2020,wet,,
LC08_L2SP_189052_20200801_02_T2,2020-08-01,landsat-8,189/052,78.49,63.35557917,0.0116,8,2020,wet,,
LC08_L2SP_189051_20200801_02_T1,2020-08-01,landsat-8,189/051,43.62,63.94582237,0.0115,8,2020,wet,,
LC08_L2SP_188052_20200810_02_T2,2020-08-10,landsat-8,188/052,97.77,63.93563118,1.0,8,2020,wet,,
LC08_L2SP_189051_20200817_02_T1,2020-08-17,landsat-8,189/051,29.18,64.71040831,0.0163,8,2020,wet,,
LC08_L2SP_189052_20200817_02_T1,2020-08-17,landsat-8,189/052,35.78,64.37400748,0.0158,8,2020,wet,,
LC08_L2SP_188052_20200826_02_T1,2020-08-26,landsat-8,188/052,53.59,64.81739582,1.0,8,2020,wet,,
LC08_L2SP_189051_20200902_02_T1,2020-09-02,landsat-8,189/051,88.71,64.99579899,0.0048,9,2020,wet,,
LC08_L2SP_189052_20200902_02_T2,2020-09-02,landsat-8,189/052,85.71,64.99334599,0.0047,9,2020,wet,,
LC08_L2SP_188052_20200911_02_T1,2020-09-11,landsat-8,188/052,72.22,64.89405073,1.0,9,2020,wet,,
LC08_L2SP_189051_20200918_02_T1,2020-09-18,landsat-8,189/051,72.81,64.14533237,0.0008,9,2020,wet,,
LC08_L2SP_189052_20200918_02_T1,2020-09-18,landsat-8,189/052,47.61,64.50823906,0.0008,9,2020,wet,,
LC08_L2SP_188052_20200927_02_T1,2020-09-27,landsat-8,188/052,32.97,63.58822774,1.0,9,2020,wet,0.9764,636512.0
LC08_L2SP_189051_20201004_02_T1,2020-10-04,landsat-8,189/051,1.94,61.87652927,0.0007,10,2020,transition,,
LC08_L2SP_189052_20201004_02_T1,2020-10-04,landsat-8,189/052,1.7,62.55693228,0.0008,10,2020,transition,,
LC08_L2SP_188052_20201013_02_T1,2020-10-13,landsat-8,188/052,6.34,60.8775748,1.0,10,2020,transition,0.9957,636512.0
LC08_L2SP_189051_20201020_02_T1,2020-10-20,landsat-8,189/051,0.01,58.4578104,0.0013,10,2020,transition,,
LC08_L2SP_189052_20201020_02_T1,2020-10-20,landsat-8,189/052,4.61,59.3587755,0.0013,10,2020,transition,,
LC08_L2SP_188052_20201029_02_T1,2020-10-29,landsat-8,188/052,1.88,57.2492545,1.0,10,2020,transition,0.7973,636512.0
LC08_L2SP_188052_20201114_02_T1,2020-11-14,landsat-8,188/052,3.37,53.43514622,1.0,11,2020,harmattan,0.9824,636512.0
LC08_L2SP_189051_20201121_02_T1,2020-11-21,landsat-8,189/051,1.52,50.79760531,0.0084,11,2020,harmattan,,
LC08_L2SP_189052_20201121_02_T1,2020-11-21,landsat-8,189/052,13.51,51.88572815,0.0083,11,2020,harmattan,,
LC08_L2SP_188052_20201130_02_T1,2020-11-30,landsat-8,188/052,0.0,50.12692072,1.0,11,2020,harmattan,0.9933,636512.0
LC08_L2SP_189051_20201207_02_T1,2020-12-07,landsat-8,189/051,3.19,47.88864577,0.0006,12,2020,harmattan,,
LC08_L2SP_189052_20201207_02_T1,2020-12-07,landsat-8,189/052,11.51,48.98814671,0.0006,12,2020,harmattan,,
LC08_L2SP_188052_20201216_02_T1,2020-12-16,landsat-8,188/052,0.18,47.88151831,1.0,12,2020,harmattan,0.9913,636512.0
LC08_L2SP_189051_20201223_02_T1,2020-12-23,landsat-8,189/051,19.21,46.25879755,0.0009,12,2020,harmattan,,
LC08_L2SP_189052_20201223_02_T1,2020-12-23,landsat-8,189/052,15.1,47.33282784,0.0009,12,2020,harmattan,,
LC08_L2SP_188052_20210101_02_T1,2021-01-01,landsat-8,188/052,0.81,47.06382718,1.0,1,2021,harmattan,0.9937,636512.0
LC08_L2SP_189051_20210108_02_T1,2021-01-08,landsat-8,189/051,0.0,46.17992082,0.008,1,2021,harmattan,,
LC08_L2SP_189052_20210108_02_T1,2021-01-08,landsat-8,189/052,3.86,47.19873842,0.0079,1,2021,harmattan,,
LC08_L2SP_188052_20210117_02_T1,2021-01-17,landsat-8,188/052,0.0,47.80842904,1.0,1,2021,harmattan,0.9918,636512.0
LC08_L2SP_189051_20210124_02_T1,2021-01-24,landsat-8,189/051,0.06,47.67528302,0.0171,1,2021,harmattan,,
LC08_L2SP_189052_20210124_02_T1,2021-01-24,landsat-8,189/052,0.01,48.61063226,0.017,1,2021,harmattan,,
LC08_L2SP_188052_20210202_02_T1,2021-02-02,landsat-8,188/052,0.0,50.01976964,1.0,2,2021,harmattan,0.9961,636512.0
LC08_L2SP_189052_20210209_02_T1,2021-02-09,landsat-8,189/052,0.0,51.37090045,0.0094,2,2021,harmattan,,
LC08_L2SP_189051_20210209_02_T1,2021-02-09,landsat-8,189/051,0.0,50.5492994,0.0095,2,2021,harmattan,,
LC08_L2SP_188052_20210218_02_T1,2021-02-18,landsat-8,188/052,99.95,53.36000442,1.0,2,2021,harmattan,,
LC08_L2SP_189052_20210225_02_T1,2021-02-25,landsat-8,189/052,0.92,55.05074146,0.0065,2,2021,harmattan,,
LC08_L2SP_189051_20210225_02_T1,2021-02-25,landsat-8,189/051,2.1,54.38013998,0.0066,2,2021,harmattan,,
LC08_L2SP_188052_20210306_02_T1,2021-03-06,landsat-8,188/052,0.03,57.30350287,1.0,3,2021,hot,0.9942,636512.0
LC08_L2SP_189051_20210313_02_T1,2021-03-13,landsat-8,189/051,17.93,58.57337471,0.0158,3,2021,hot,,
LC08_L2SP_189052_20210313_02_T1,2021-03-13,landsat-8,189/052,26.89,59.04245762,0.0156,3,2021,hot,,
LC08_L2SP_188052_20210322_02_T1,2021-03-22,landsat-8,188/052,40.8,61.14524262,1.0,3,2021,hot,,
LC08_L2SP_189051_20210329_02_T1,2021-03-29,landsat-8,189/051,42.05,62.39586534,0.0017,3,2021,hot,,
LC08_L2SP_189052_20210329_02_T1,2021-03-29,landsat-8,189/052,52.67,62.59987927,0.0017,3,2021,hot,,
LC08_L2SP_188052_20210407_02_T1,2021-04-07,landsat-8,188/052,10.73,64.12493656,1.0,4,2021,hot,0.0002,636512.0
LC08_L2SP_189051_20210414_02_T1,2021-04-14,landsat-8,189/051,0.0,65.09949431,0.0,4,2021,hot,,
LC08_L2SP_189052_20210414_02_T1,2021-04-14,landsat-8,189/052,0.03,64.98297803,0.0,4,2021,hot,,
LC08_L2SP_188052_20210423_02_T1,2021-04-23,landsat-8,188/052,16.67,65.62901814,1.0,4,2021,hot,0.5412,636512.0
LC08_L2SP_189051_20210430_02_T1,2021-04-30,landsat-8,189/051,0.03,66.22138362,0.0,4,2021,hot,,
LC08_L2SP_189052_20210430_02_T1,2021-04-30,landsat-8,189/052,0.21,65.78478943,0.0,4,2021,hot,,
LC08_L2SP_188052_20210509_02_T1,2021-05-09,landsat-8,188/052,17.04,65.61654757,1.0,5,2021,hot,0.5687,636512.0
LC08_L2SP_189051_20210516_02_T1,2021-05-16,landsat-8,189/051,48.06,65.95102732,0.0,5,2021,hot,,
LC08_L2SP_189052_20210516_02_T1,2021-05-16,landsat-8,189/052,2.42,65.26740332,0.0,5,2021,hot,,
LC08_L2SP_188052_20210525_02_T1,2021-05-25,landsat-8,188/052,0.01,64.64419209,1.0,5,2021,hot,1.0,636512.0
LC08_L2SP_189052_20210601_02_T1,2021-06-01,landsat-8,189/052,5.42,64.10467774,0.0,6,2021,wet,,
LC08_L2SP_189051_20210601_02_T1,2021-06-01,landsat-8,189/051,1.26,64.92880765,0.0,6,2021,wet,,
LC08_L2SP_188052_20210610_02_T1,2021-06-10,landsat-8,188/052,8.75,63.4391655,1.0,6,2021,wet,0.5282,636512.0
LC08_L2SP_189051_20210617_02_T1,2021-06-17,landsat-8,189/051,51.86,63.87657289,0.0,6,2021,wet,,
LC08_L2SP_189052_20210617_02_T1,2021-06-17,landsat-8,189/052,64.28,63.00594437,0.0,6,2021,wet,,
LC08_L2SP_188052_20210626_02_T1,2021-06-26,landsat-8,188/052,95.48,62.6243542,1.0,6,2021,wet,,
LC08_L2SP_189051_20210703_02_T1,2021-07-03,landsat-8,189/051,46.45,63.32463809,0.0012,7,2021,wet,,
LC08_L2SP_189052_20210703_02_T1,2021-07-03,landsat-8,189/052,74.6,62.48532539,0.0012,7,2021,wet,,
LC08_L2SP_188052_20210712_02_T1,2021-07-12,landsat-8,188/052,100.0,62.51987755,1.0,7,2021,wet,,
LC08_L2SP_189051_20210719_02_T1,2021-07-19,landsat-8,189/051,43.14,63.44484903,0.0109,7,2021,wet,,
LC08_L2SP_189052_20210719_02_T1,2021-07-19,landsat-8,189/052,67.56,62.70946405,0.0108,7,2021,wet,,
LC08_L2SP_188052_20210728_02_T2,2021-07-28,landsat-8,188/052,100.0,63.13064173,1.0,7,2021,wet,,
LC08_L2SP_189051_20210804_02_T1,2021-08-04,landsat-8,189/051,0.13,64.10317038,0.0049,8,2021,wet,,
LC08_L2SP_189052_20210804_02_T1,2021-08-04,landsat-8,189/052,9.87,63.55019707,0.005,8,2021,wet,,
LC08_L2SP_188052_20210813_02_T1,2021-08-13,landsat-8,188/052,76.01,64.1303347,1.0,8,2021,wet,,
LC08_L2SP_189052_20210820_02_T1,2021-08-20,landsat-8,189/052,40.46,64.54767605,0.0041,8,2021,wet,,
LC08_L2SP_189051_20210820_02_T1,2021-08-20,landsat-8,189/051,70.06,64.83133213,0.0043,8,2021,wet,,
LC08_L2SP_188052_20210829_02_T1,2021-08-29,landsat-8,188/052,17.25,64.92928971,1.0,8,2021,wet,0.8784,636512.0
LC08_L2SP_189052_20210905_02_T1,2021-09-05,landsat-8,189/052,84.49,65.02213882,0.0027,9,2021,wet,,
LC08_L2SP_189051_20210905_02_T1,2021-09-05,landsat-8,189/051,87.56,64.96146763,0.0028,9,2021,wet,,
LC08_L2SP_188052_20210914_02_T1,2021-09-14,landsat-8,188/052,29.08,64.78776516,1.0,9,2021,wet,0.4432,636512.0
LC08_L2SP_189051_20210921_02_T1,2021-09-21,landsat-8,189/051,0.8,63.86768421,0.0042,9,2021,wet,,
LC08_L2SP_189052_20210921_02_T1,2021-09-21,landsat-8,189/052,2.22,64.29119246,0.0041,9,2021,wet,,
LC08_L2SP_188052_20210930_02_T1,2021-09-30,landsat-8,188/052,1.03,63.22679014,1.0,9,2021,wet,0.993,636512.0
LC08_L2SP_189051_20211007_02_T1,2021-10-07,landsat-8,189/051,3.4,61.36244178,0.0007,10,2021,transition,,
LC08_L2SP_189052_20211007_02_T1,2021-10-07,landsat-8,189/052,19.5,62.08847372,0.0006,10,2021,transition,,
LC08_L2SP_188052_20211016_02_T1,2021-10-16,landsat-8,188/052,58.32,60.30339972,1.0,10,2021,transition,,
LC08_L2SP_189051_20211023_02_T1,2021-10-23,landsat-8,189/051,28.47,57.80549398,0.0,10,2021,transition,,
LC08_L2SP_189052_20211023_02_T1,2021-10-23,landsat-8,189/052,60.04,58.73504165,0.0,10,2021,transition,,
LC09_L2SP_189051_20211105_02_T1,2021-11-05,landsat-9,189/051,27.04,54.4974722,0.006,11,2021,harmattan,,
LC09_L2SP_189052_20211105_02_T1,2021-11-05,landsat-9,189/052,81.1,55.52079976,0.0059,11,2021,harmattan,,
LC08_L2SP_189051_20211108_02_T1,2021-11-08,landsat-8,189/051,0.0,53.85782075,0.0008,11,2021,harmattan,,
LC08_L2SP_189052_20211108_02_T1,2021-11-08,landsat-8,189/052,0.0,54.90126803,0.0009,11,2021,harmattan,,
LC08_L2SP_188052_20211117_02_T1,2021-11-17,landsat-8,188/052,0.7,52.81451281,1.0,11,2021,harmattan,0.9988,636512.0
LC08_L2SP_189052_20211124_02_T1,2021-11-24,landsat-8,189/052,2.12,51.32165574,0.005,11,2021,harmattan,,
LC08_L2SP_189051_20211124_02_T1,2021-11-24,landsat-8,189/051,0.0,50.22847228,0.0051,11,2021,harmattan,,
LC08_L2SP_188052_20211203_02_T1,2021-12-03,landsat-8,188/052,0.96,49.6553374,1.0,12,2021,harmattan,0.9338,636512.0
LC08_L2SP_189052_20211210_02_T1,2021-12-10,landsat-8,189/052,1.58,48.60450716,0.0011,12,2021,harmattan,,
LC09_L2SP_188052_20211211_02_T1,2021-12-11,landsat-9,188/052,0.0,48.46257015,1.0,12,2021,harmattan,0.9911,636512.0
LC09_L2SP_189051_20211218_02_T1,2021-12-18,landsat-9,189/051,0.11,46.62397025,0.0042,12,2021,harmattan,,
LC09_L2SP_189052_20211218_02_T1,2021-12-18,landsat-9,189/052,0.09,47.70973291,0.0043,12,2021,harmattan,,
LC08_L2SP_188052_20211219_02_T1,2021-12-19,landsat-8,188/052,13.54,47.63575223,1.0,12,2021,harmattan,0.5852,636512.0
LC08_L2SP_189052_20211226_02_T1,2021-12-26,landsat-8,189/052,0.03,47.20257897,0.0078,12,2021,harmattan,,
LC09_L2SP_188052_20211227_02_T1,2021-12-27,landsat-9,188/052,0.09,47.15610277,1.0,12,2021,harmattan,0.8803,636512.0
LC09_L2SP_189052_20220103_02_T1,2022-01-03,landsat-9,189/052,75.17,47.06461345,0.0025,1,2022,harmattan,,
LC09_L2SP_189051_20220103_02_T1,2022-01-03,landsat-9,189/051,88.52,46.02403279,0.0025,1,2022,harmattan,,
LC08_L2SP_188052_20220104_02_T1,2022-01-04,landsat-8,188/052,69.09,47.08229766,1.0,1,2022,harmattan,,
LC08_L2SP_189051_20220111_02_T1,2022-01-11,landsat-8,189/051,0.01,46.32832351,0.0054,1,2022,harmattan,,
LC08_L2SP_189052_20220111_02_T1,2022-01-11,landsat-8,189/052,0.0,47.33490433,0.0053,1,2022,harmattan,,
LC09_L2SP_188052_20220112_02_T1,2022-01-12,landsat-9,188/052,0.12,47.3912838,1.0,1,2022,harmattan,0.82,636512.0
LC09_L2SP_189052_20220119_02_T1,2022-01-19,landsat-9,189/052,0.07,47.98559535,0.0021,1,2022,harmattan,,
LC09_L2SP_189051_20220119_02_T1,2022-01-19,landsat-9,189/051,0.25,47.01934188,0.0023,1,2022,harmattan,,
LC08_L2SP_188052_20220120_02_T1,2022-01-20,landsat-8,188/052,0.98,48.09497496,1.0,1,2022,harmattan,0.7507,636512.0
LC08_L2SP_189052_20220127_02_T1,2022-01-27,landsat-8,189/052,50.5,49.00242541,0.0141,1,2022,harmattan,,
LC08_L2SP_189051_20220127_02_T1,2022-01-27,landsat-8,189/051,59.74,48.08416553,0.0141,1,2022,harmattan,,
LC09_L2SP_188052_20220128_02_T1,2022-01-28,landsat-9,188/052,77.23,49.15293217,1.0,1,2022,harmattan,,
LC09_L2SP_189051_20220204_02_T1,2022-02-04,landsat-9,189/051,0.06,49.48034551,0.0,2,2022,harmattan,,
LC09_L2SP_189052_20220204_02_T1,2022-02-04,landsat-9,189/052,0.13,50.34307291,0.0,2,2022,harmattan,,
LC08_L2SP_188052_20220205_02_T1,2022-02-05,landsat-8,188/052,88.11,50.52641677,1.0,2,2022,harmattan,,
LC08_L2SP_189052_20220212_02_T1,2022-02-12,landsat-8,189/052,0.03,51.9531028,0.0038,2,2022,harmattan,,
LC08_L2SP_189051_20220212_02_T1,2022-02-12,landsat-8,189/051,0.08,51.15444333,0.004,2,2022,harmattan,,
LC09_L2SP_188052_20220213_02_T1,2022-02-13,landsat-9,188/052,0.01,52.17722757,1.0,2,2022,harmattan,0.9754,636512.0
LC09_L2SP_189051_20220220_02_T1,2022-02-20,landsat-9,189/051,59.79,53.06184085,0.0031,2,2022,harmattan,,
LC09_L2SP_189052_20220220_02_T1,2022-02-20,landsat-9,189/052,29.18,53.7870913,0.0031,2,2022,harmattan,,
LC08_L2SP_188052_20220221_02_T1,2022-02-21,landsat-8,188/052,5.01,54.01472988,1.0,2,2022,harmattan,0.8317,636512.0
LC09_L2SP_188052_20220301_02_T1,2022-03-01,landsat-9,188/052,0.01,55.99813892,1.0,3,2022,hot,0.9976,636512.0
LC08_L2SP_188052_20220309_02_T1,2022-03-09,landsat-8,188/052,1.73,57.98804221,1.0,3,2022,hot,0.9811,636512.0
LC08_L2SP_189051_20220316_02_T1,2022-03-16,landsat-8,189/051,87.86,59.27504556,0.0001,3,2022,hot,,
LC08_L2SP_189052_20220316_02_T1,2022-03-16,landsat-8,189/052,78.47,59.70316148,0.0001,3,2022,hot,,
LC09_L2SP_189051_20220324_02_T1,2022-03-24,landsat-9,189/051,55.16,61.25345309,0.0017,3,2022,hot,,
LC09_L2SP_189052_20220324_02_T1,2022-03-24,landsat-9,189/052,84.44,61.55229756,0.0018,3,2022,hot,,
LC08_L2SP_189051_20220401_02_T1,2022-04-01,landsat-8,189/051,0.0,62.95173374,0.0002,4,2022,hot,,
LC08_L2SP_189052_20220401_02_T1,2022-04-01,landsat-8,189/052,3.55,63.10348533,0.0002,4,2022,hot,,
LC09_L2SP_188052_20220402_02_T1,2022-04-02,landsat-9,188/052,14.61,63.31167807,1.0,4,2022,hot,0.0,636512.0
LC09_L2SP_189051_20220409_02_T1,2022-04-09,landsat-9,189/051,7.73,64.40086395,0.0,4,2022,hot,,
LC09_L2SP_189052_20220409_02_T1,2022-04-09,landsat-9,189/052,29.79,64.39335096,0.0,4,2022,hot,,
LC08_L2SP_188052_20220410_02_T1,2022-04-10,landsat-8,188/052,0.14,64.48583502,1.0,4,2022,hot,1.0,636512.0
LC09_L2SP_189052_20220425_02_T1,2022-04-25,landsat-9,189/052,0.88,65.72852891,0.0,4,2022,hot,,
LC09_L2SP_189051_20220425_02_T1,2022-04-25,landsat-9,189/051,13.18,66.06539161,0.0,4,2022,hot,,
LC08_L2SP_188052_20220426_02_T1,2022-04-26,landsat-8,188/052,10.59,65.77418315,1.0,4,2022,hot,0.9027,636512.0
LC08_L2SP_189051_20220503_02_T1,2022-05-03,landsat-8,189/051,4.41,66.33014261,0.0,5,2022,hot,,
LC08_L2SP_189052_20220503_02_T1,2022-05-03,landsat-8,189/052,0.46,65.84291281,0.0,5,2022,hot,,
LC09_L2SP_188052_20220504_02_T1,2022-05-04,landsat-9,188/052,91.32,65.78265261,1.0,5,2022,hot,,
LC09_L2SP_189051_20220511_02_T1,2022-05-11,landsat-9,189/051,10.19,66.15930274,0.0,5,2022,hot,,
LC09_L2SP_189052_20220511_02_T1,2022-05-11,landsat-9,189/052,2.52,65.54590825,0.0,5,2022,hot,,
LC08_L2SP_188052_20220512_02_T1,2022-05-12,landsat-8,188/052,40.6,65.57513406,1.0,5,2022,hot,,
LC08_L2SP_189051_20220519_02_T1,2022-05-19,landsat-8,189/051,14.67,65.88372488,0.0,5,2022,hot,,
LC08_L2SP_189052_20220519_02_T1,2022-05-19,landsat-8,189/052,23.49,65.16746409,0.0,5,2022,hot,,
LC09_L2SP_188052_20220520_02_T1,2022-05-20,landsat-9,188/052,29.85,64.9929134,1.0,5,2022,hot,0.8957,636512.0
LC09_L2SP_189051_20220527_02_T1,2022-05-27,landsat-9,189/051,0.22,65.24771461,0.0,5,2022,hot,,
LC09_L2SP_189052_20220527_02_T1,2022-05-27,landsat-9,189/052,31.68,64.45920301,0.0,5,2022,hot,,
LC08_L2SP_188052_20220528_02_T1,2022-05-28,landsat-8,188/052,2.51,64.50142301,1.0,5,2022,hot,0.7671,636512.0
LC08_L2SP_189052_20220604_02_T1,2022-06-04,landsat-8,189/052,17.38,63.95377141,0.0,6,2022,wet,,
LC08_L2SP_189051_20220604_02_T1,2022-06-04,landsat-8,189/051,0.83,64.79320123,0.0,6,2022,wet,,
LC09_L2SP_188052_20220605_02_T2,2022-06-05,landsat-9,188/052,95.93,63.76556435,1.0,6,2022,wet,,
LC09_L2SP_189052_20220612_02_T1,2022-06-12,landsat-9,189/052,34.79,63.27411838,0.0021,6,2022,wet,,
LC09_L2SP_189051_20220612_02_T1,2022-06-12,landsat-9,189/051,49.24,64.13765176,0.0022,6,2022,wet,,
LC08_L2SP_188052_20220613_02_T1,2022-06-13,landsat-8,188/052,40.75,63.31796349,1.0,6,2022,wet,,
LC08_L2SP_189051_20220620_02_T1,2022-06-20,landsat-8,189/051,0.16,63.79962643,0.0,6,2022,wet,,
LC08_L2SP_189052_20220620_02_T1,2022-06-20,landsat-8,189/052,2.49,62.92831764,0.0,6,2022,wet,,
LC09_L2SP_188052_20220621_02_T2,2022-06-21,landsat-9,188/052,100.0,62.77909662,1.0,6,2022,wet,,
LC08_L2SP_188052_20220629_02_T1,2022-06-29,landsat-8,188/052,33.05,62.60838145,1.0,6,2022,wet,0.672,636512.0
LC08_L2SP_189051_20220706_02_T1,2022-07-06,landsat-8,189/051,35.1,63.35134533,0.0,7,2022,wet,,
LC08_L2SP_189052_20220706_02_T1,2022-07-06,landsat-8,189/052,46.43,62.52412092,0.0,7,2022,wet,,
LC09_L2SP_188052_20220707_02_T1,2022-07-07,landsat-9,188/052,66.76,62.42743317,1.0,7,2022,wet,,
LC09_L2SP_189051_20220714_02_T1,2022-07-14,landsat-9,189/051,45.24,63.29464735,0.0165,7,2022,wet,,
LC09_L2SP_189052_20220714_02_T1,2022-07-14,landsat-9,189/052,15.91,62.51751911,0.0163,7,2022,wet,,
LC08_L2SP_189051_20220722_02_T1,2022-07-22,landsat-8,189/051,2.48,63.58847178,0.0005,7,2022,wet,,
LC08_L2SP_189052_20220722_02_T1,2022-07-22,landsat-8,189/052,47.8,62.87821037,0.0005,7,2022,wet,,
LC09_L2SP_189052_20220730_02_T2,2022-07-30,landsat-9,189/052,100.0,63.19355211,0.0,7,2022,wet,,
LC09_L2SP_189051_20220730_02_T1,2022-07-30,landsat-9,189/051,91.28,63.81520089,0.0,7,2022,wet,,
LC08_L2SP_188052_20220731_02_T1,2022-07-31,landsat-8,188/052,25.9,63.34236005,1.0,7,2022,wet,0.9903,636512.0
LC08_L2SP_189051_20220807_02_T1,2022-08-07,landsat-8,189/051,32.08,64.29360022,0.0,8,2022,wet,,
LC09_L2SP_188052_20220808_02_T1,2022-08-08,landsat-9,188/052,96.93,63.75801525,1.0,8,2022,wet,,
LC09_L2SP_189051_20220815_02_T1,2022-08-15,landsat-9,189/051,82.47,64.59525797,0.0,8,2022,wet,,
LC08_L2SP_189051_20220908_02_T1,2022-09-08,landsat-8,189/051,27.06,64.91917552,0.0,9,2022,wet,,
LC08_L2SP_189052_20220908_02_T1,2022-09-08,landsat-8,189/052,64.87,65.04439022,0.0,9,2022,wet,,
LC09_L2SP_188052_20220909_02_T1,2022-09-09,landsat-9,188/052,94.93,64.95676066,1.0,9,2022,wet,,
LC09_L2SP_189051_20220916_02_T1,2022-09-16,landsat-9,189/051,43.13,64.36825865,0.001,9,2022,wet,,
LC09_L2SP_189052_20220916_02_T1,2022-09-16,landsat-9,189/052,88.6,64.67562106,0.001,9,2022,wet,,
LC08_L2SP_189051_20220924_02_T1,2022-09-24,landsat-8,189/051,5.94,63.57308961,0.0,9,2022,wet,,
LC08_L2SP_189052_20220924_02_T1,2022-09-24,landsat-8,189/052,7.23,64.05636294,0.0,9,2022,wet,,
LC09_L2SP_189051_20221002_02_T1,2022-10-02,landsat-9,189/051,15.78,62.31350063,0.0013,10,2022,transition,,
LC09_L2SP_189052_20221002_02_T1,2022-10-02,landsat-9,189/052,77.71,62.95023545,0.0012,10,2022,transition,,
LC08_L2SP_188052_20221003_02_T1,2022-10-03,landsat-8,188/052,14.29,62.84232589,1.0,10,2022,transition,0.9984,636512.0
LC09_L2SP_189052_20221018_02_T1,2022-10-18,landsat-9,189/052,0.07,59.91797799,0.0,10,2022,transition,,
LC09_L2SP_189051_20221018_02_T1,2022-10-18,landsat-9,189/051,0.2,59.04451635,0.0,10,2022,transition,,
LC08_L2SP_188052_20221019_02_T1,2022-10-19,landsat-8,188/052,42.21,59.73142489,1.0,10,2022,transition,,
LC08_L2SP_189052_20221026_02_T1,2022-10-26,landsat-8,189/052,19.2,58.11229914,0.0,10,2022,transition,,
LC08_L2SP_189051_20221026_02_T1,2022-10-26,landsat-8,189/051,7.76,57.15663974,0.0,10,2022,transition,,
LC09_L2SP_188052_20221027_02_T1,2022-10-27,landsat-9,188/052,0.31,57.84737533,1.0,10,2022,transition,0.9837,636512.0
LC09_L2SP_189052_20221103_02_T1,2022-11-03,landsat-9,189/052,15.23,56.16195147,0.0052,11,2022,harmattan,,
LC08_L2SP_188052_20221104_02_T1,2022-11-04,landsat-8,188/052,18.3,55.94491267,1.0,11,2022,harmattan,0.2305,636512.0
LC08_L2SP_189051_20221111_02_T1,2022-11-11,landsat-8,189/051,2.4,53.21301006,0.0,11,2022,harmattan,,
LC08_L2SP_189052_20221111_02_T1,2022-11-11,landsat-8,189/052,37.7,54.26996016,0.0,11,2022,harmattan,,
LC09_L2SP_188052_20221112_02_T1,2022-11-12,landsat-9,188/052,0.0,54.01686075,1.0,11,2022,harmattan,0.9952,636512.0
LC09_L2SP_189051_20221119_02_T1,2022-11-19,landsat-9,189/051,0.0,51.34682553,0.0003,11,2022,harmattan,,
LC09_L2SP_189052_20221119_02_T1,2022-11-19,landsat-9,189/052,0.0,52.42947936,0.0003,11,2022,harmattan,,
LC08_L2SP_188052_20221120_02_T1,2022-11-20,landsat-8,188/052,41.58,52.22918651,1.0,11,2022,harmattan,,
LC08_L2SP_189051_20221127_02_T1,2022-11-27,landsat-8,189/051,0.03,49.69516703,0.0,11,2022,harmattan,,
LC08_L2SP_189052_20221127_02_T1,2022-11-27,landsat-8,189/052,13.72,50.79268517,0.0,11,2022,harmattan,,
LC09_L2SP_188052_20221128_02_T1,2022-11-28,landsat-9,188/052,0.0,50.58958652,1.0,11,2022,harmattan,0.9927,636512.0
LC09_L2SP_189051_20221205_02_T1,2022-12-05,landsat-9,189/051,0.07,48.27375546,0.0038,12,2022,harmattan,,
LC09_L2SP_189052_20221205_02_T1,2022-12-05,landsat-9,189/052,0.01,49.37447817,0.0035,12,2022,harmattan,,
LC08_L2SP_188052_20221206_02_T1,2022-12-06,landsat-8,188/052,69.47,49.2298584,1.0,12,2022,harmattan,,
LC08_L2SP_189051_20221213_02_T1,2022-12-13,landsat-8,189/051,0.0,47.18306448,0.0,12,2022,harmattan,,
LC08_L2SP_189052_20221213_02_T1,2022-12-13,landsat-8,189/052,0.0,48.2782774,0.0,12,2022,harmattan,,
LC09_L2SP_188052_20221214_02_T1,2022-12-14,landsat-9,188/052,0.0,48.15599536,1.0,12,2022,harmattan,0.9922,636512.0
LC09_L2SP_189052_20221221_02_T1,2022-12-21,landsat-9,189/052,0.0,47.50949856,0.0062,12,2022,harmattan,,
LC09_L2SP_189051_20221221_02_T1,2022-12-21,landsat-9,189/051,1.37,46.42866655,0.0064,12,2022,harmattan,,
LC08_L2SP_188052_20221222_02_T1,2022-12-22,landsat-8,188/052,0.09,47.44569238,1.0,12,2022,harmattan,0.8136,636512.0
LC08_L2SP_189051_20221229_02_T1,2022-12-29,landsat-8,189/051,0.57,46.06654282,0.0019,12,2022,harmattan,,
LC08_L2SP_189052_20221229_02_T1,2022-12-29,landsat-8,189/052,0.07,47.12551414,0.0019,12,2022,harmattan,,
LC09_L2SP_188052_20221230_02_T1,2022-12-30,landsat-9,188/052,6.8,47.10226271,1.0,12,2022,harmattan,0.2648,636512.0
LC09_L2SP_189051_20230106_02_T1,2023-01-06,landsat-9,189/051,28.1,46.10218909,0.0001,1,2023,harmattan,,
LC09_L2SP_189052_20230106_02_T1,2023-01-06,landsat-9,189/052,58.33,47.13246813,0.0001,1,2023,harmattan,,
LC08_L2SP_188052_20230107_02_T1,2023-01-07,landsat-8,188/052,0.43,47.1611865,1.0,1,2023,harmattan,0.6262,636512.0
LC08_L2SP_189051_20230114_02_T1,2023-01-14,landsat-8,189/051,0.07,46.53818543,0.0022,1,2023,harmattan,,
LC08_L2SP_189052_20230114_02_T1,2023-01-14,landsat-8,189/052,0.01,47.53251227,0.0021,1,2023,harmattan,,
LC09_L2SP_188052_20230115_02_T1,2023-01-15,landsat-9,188/052,0.36,47.61220181,1.0,1,2023,harmattan,0.5902,636512.0
LC09_L2SP_189051_20230122_02_T1,2023-01-22,landsat-9,189/051,0.29,47.36554819,0.0143,1,2023,harmattan,,
LC09_L2SP_189052_20230122_02_T1,2023-01-22,landsat-9,189/052,3.22,48.3167774,0.014,1,2023,harmattan,,
LC08_L2SP_188052_20230123_02_T1,2023-01-23,landsat-8,188/052,1.14,48.43249927,1.0,1,2023,harmattan,0.9444,636512.0
LC08_L2SP_189052_20230130_02_T1,2023-01-30,landsat-8,189/052,0.03,49.44039262,0.0,1,2023,harmattan,,
LC08_L2SP_189051_20230130_02_T1,2023-01-30,landsat-8,189/051,0.0,48.53987055,0.0,1,2023,harmattan,,
LC09_L2SP_188052_20230131_02_T1,2023-01-31,landsat-9,188/052,28.06,49.61424634,1.0,1,2023,harmattan,0.0006,636512.0
LC08_L2SP_188052_20230208_02_T1,2023-02-08,landsat-8,188/052,1.03,51.07871151,1.0,2,2023,harmattan,0.9385,636512.0
LC08_L2SP_189051_20230215_02_T1,2023-02-15,landsat-8,189/051,2.06,51.79850125,0.0,2,2023,harmattan,,
LC08_L2SP_189052_20230215_02_T1,2023-02-15,landsat-8,189/052,6.21,52.57322313,0.0,2,2023,harmattan,,
LC09_L2SP_188052_20230216_02_T1,2023-02-16,landsat-9,188/052,100.0,52.81702635,1.0,2,2023,harmattan,,
LC09_L2SP_189051_20230223_02_T1,2023-02-23,landsat-9,189/051,0.0,53.77359565,0.0001,2,2023,harmattan,,
LC09_L2SP_189052_20230223_02_T1,2023-02-23,landsat-9,189/052,0.52,54.47151895,0.0001,2,2023,harmattan,,
LC08_L2SP_188052_20230224_02_T1,2023-02-24,landsat-8,188/052,0.02,54.69156209,1.0,2,2023,harmattan,0.992,636512.0
LC09_L2SP_188052_20230304_02_T1,2023-03-04,landsat-9,188/052,0.03,56.71154639,1.0,3,2023,hot,1.0,636512.0
LC08_L2SP_188052_20230312_02_T1,2023-03-12,landsat-8,188/052,13.64,58.68034459,1.0,3,2023,hot,0.8598,636512.0
LC08_L2SP_189051_20230319_02_T1,2023-03-19,landsat-8,189/051,6.83,59.97243533,0.0001,3,2023,hot,,
LC08_L2SP_189052_20230319_02_T1,2023-03-19,landsat-8,189/052,23.18,60.35797156,0.0001,3,2023,hot,,
LC09_L2SP_188052_20230320_02_T1,2023-03-20,landsat-9,188/052,79.94,60.62667831,1.0,3,2023,hot,,
LC09_L2SP_189051_20230327_02_T1,2023-03-27,landsat-9,189/051,15.36,61.89670954,0.0034,3,2023,hot,,
LC09_L2SP_189052_20230327_02_T1,2023-03-27,landsat-9,189/052,11.78,62.14724672,0.0034,3,2023,hot,,
LC08_L2SP_188052_20230328_02_T1,2023-03-28,landsat-8,188/052,0.52,62.30206721,1.0,3,2023,hot,0.8178,636512.0
LC08_L2SP_189052_20230404_02_T1,2023-04-04,landsat-8,189/052,79.39,63.57704654,0.0007,4,2023,hot,,
LC08_L2SP_189051_20230404_02_T1,2023-04-04,landsat-8,189/051,62.5,63.47901682,0.0007,4,2023,hot,,
LC09_L2SP_188052_20230405_02_T1,2023-04-05,landsat-9,188/052,0.97,63.78931705,1.0,4,2023,hot,1.0,636512.0
LC09_L2SP_189051_20230412_02_T1,2023-04-12,landsat-9,189/051,1.02,64.82292192,0.0014,4,2023,hot,,
LC09_L2SP_189052_20230412_02_T1,2023-04-12,landsat-9,189/052,0.97,64.75885039,0.0014,4,2023,hot,,
LC08_L2SP_188052_20230413_02_T1,2023-04-13,landsat-8,188/052,39.63,64.81486835,1.0,4,2023,hot,0.9569,636512.0
LC08_L2SP_189051_20230420_02_T1,2023-04-20,landsat-8,189/051,0.64,65.65531956,0.0012,4,2023,hot,,
LC08_L2SP_189052_20230420_02_T1,2023-04-20,landsat-8,189/052,12.96,65.42427785,0.0012,4,2023,hot,,
LC09_L2SP_188052_20230421_02_T1,2023-04-21,landsat-9,188/052,12.86,65.54686414,1.0,4,2023,hot,0.6547,636512.0
LC09_L2SP_189051_20230428_02_T1,2023-04-28,landsat-9,189/051,39.0,66.19456187,0.0,4,2023,hot,,
LC09_L2SP_189052_20230428_02_T1,2023-04-28,landsat-9,189/052,50.79,65.80430616,0.0,4,2023,hot,,
LC08_L2SP_188052_20230429_02_T1,2023-04-29,landsat-8,188/052,48.84,65.75098576,1.0,4,2023,hot,,
LC08_L2SP_189051_20230506_02_T1,2023-05-06,landsat-8,189/051,3.01,66.21898053,0.0,5,2023,hot,,
LC08_L2SP_189052_20230506_02_T1,2023-05-06,landsat-8,189/052,19.69,65.6867795,0.0,5,2023,hot,,
LC09_L2SP_188052_20230507_02_T1,2023-05-07,landsat-9,188/052,3.05,65.7273692,1.0,5,2023,hot,1.0,636512.0
LC09_L2SP_189051_20230514_02_T1,2023-05-14,landsat-9,189/051,2.45,66.06326616,0.0,5,2023,hot,,
LC09_L2SP_189052_20230514_02_T1,2023-05-14,landsat-9,189/052,34.82,65.41226741,0.0,5,2023,hot,,
LC08_L2SP_188052_20230515_02_T1,2023-05-15,landsat-8,188/052,57.14,65.28153087,1.0,5,2023,hot,,
LC08_L2SP_189052_20230522_02_T1,2023-05-22,landsat-8,189/052,26.99,64.82480845,0.0,5,2023,hot,,
LC08_L2SP_189051_20230522_02_T1,2023-05-22,landsat-8,189/051,13.81,65.56769754,0.0,5,2023,hot,,
LC09_L2SP_188052_20230523_02_T1,2023-05-23,landsat-9,188/052,41.2,64.78958649,1.0,5,2023,hot,,
LC09_L2SP_189051_20230530_02_T1,2023-05-30,landsat-9,189/051,0.08,65.03328227,0.0,5,2023,hot,,
LC09_L2SP_189052_20230530_02_T1,2023-05-30,landsat-9,189/052,3.61,64.22628076,0.0,5,2023,hot,,
LC08_L2SP_188052_20230531_02_T1,2023-05-31,landsat-8,188/052,0.37,64.14290842,1.0,5,2023,hot,0.7122,636512.0
LC08_L2SP_189052_20230607_02_T1,2023-06-07,landsat-8,189/052,98.46,63.61370201,0.0011,6,2023,wet,,
LC08_L2SP_189051_20230607_02_T1,2023-06-07,landsat-8,189/051,79.15,64.46229744,0.0011,6,2023,wet,,
LC09_L2SP_188052_20230608_02_T1,2023-06-08,landsat-9,188/052,85.53,63.51066618,1.0,6,2023,wet,,
LC09_L2SP_189051_20230615_02_T1,2023-06-15,landsat-9,189/051,15.51,63.88396942,0.0,6,2023,wet,,
LC09_L2SP_189052_20230615_02_T1,2023-06-15,landsat-9,189/052,59.85,63.01820493,0.0,6,2023,wet,,
LC08_L2SP_188052_20230616_02_T1,2023-06-16,landsat-8,188/052,3.36,63.01974819,1.0,6,2023,wet,0.9986,636512.0
LC08_L2SP_189051_20230623_02_T1,2023-06-23,landsat-8,189/051,8.07,63.54113262,0.0074,6,2023,wet,,
LC08_L2SP_189052_20230623_02_T1,2023-06-23,landsat-8,189/052,24.21,62.67452385,0.0074,6,2023,wet,,
LC09_L2SP_188052_20230624_02_T1,2023-06-24,landsat-9,188/052,48.77,62.58648515,1.0,6,2023,wet,,
LC09_L2SP_189051_20230701_02_T1,2023-07-01,landsat-9,189/051,0.15,63.2452417,0.0,7,2023,wet,,
LC09_L2SP_189052_20230701_02_T1,2023-07-01,landsat-9,189/052,0.62,62.39827723,0.0,7,2023,wet,,
LC08_L2SP_188052_20230702_02_T1,2023-07-02,landsat-8,188/052,27.37,62.43016249,1.0,7,2023,wet,0.0878,636512.0
LC08_L2SP_189051_20230709_02_T2,2023-07-09,landsat-8,189/051,96.84,63.21984272,0.0001,7,2023,wet,,
LC08_L2SP_189052_20230709_02_T1,2023-07-09,landsat-8,189/052,82.5,62.40921046,0.0001,7,2023,wet,,
LC09_L2SP_188052_20230710_02_T1,2023-07-10,landsat-9,188/052,2.41,62.37350524,1.0,7,2023,wet,0.8758,636512.0
LC09_L2SP_189052_20230717_02_T1,2023-07-17,landsat-9,189/052,19.68,62.51569261,0.0,7,2023,wet,,
LC09_L2SP_189051_20230717_02_T1,2023-07-17,landsat-9,189/051,22.92,63.27065928,0.0,7,2023,wet,,
LC08_L2SP_188052_20230718_02_T1,2023-07-18,landsat-8,188/052,67.33,62.58946356,1.0,7,2023,wet,,
LC08_L2SP_189051_20230725_02_T1,2023-07-25,landsat-8,189/051,10.31,63.55702546,0.0013,7,2023,wet,,
LC08_L2SP_189052_20230725_02_T1,2023-07-25,landsat-8,189/052,46.6,62.87598466,0.0012,7,2023,wet,,
LC09_L2SP_188052_20230726_02_T1,2023-07-26,landsat-9,188/052,8.4,62.8855572,1.0,7,2023,wet,0.6595,636512.0
LC09_L2SP_189051_20230802_02_T1,2023-08-02,landsat-9,189/051,31.93,63.87210353,0.0003,8,2023,wet,,
LC09_L2SP_189052_20230802_02_T1,2023-08-02,landsat-9,189/052,61.45,63.28630657,0.0003,8,2023,wet,,
LC08_L2SP_188052_20230803_02_T2,2023-08-03,landsat-8,188/052,88.23,63.38652765,1.0,8,2023,wet,,
LC08_L2SP_189051_20230810_02_T2,2023-08-10,landsat-8,189/051,100.0,64.30868248,0.0026,8,2023,wet,,
LC08_L2SP_189052_20230810_02_T2,2023-08-10,landsat-8,189/052,100.0,63.83871322,0.0025,8,2023,wet,,
LC09_L2SP_188052_20230811_02_T1,2023-08-11,landsat-9,188/052,74.73,63.86816847,1.0,8,2023,wet,,
LC09_L2SP_189051_20230818_02_T1,2023-08-18,landsat-9,189/051,56.57,64.63844844,0.0118,8,2023,wet,,
LC09_L2SP_189052_20230818_02_T1,2023-08-18,landsat-9,189/052,18.11,64.30707048,0.0113,8,2023,wet,,
LC08_L2SP_188052_20230819_02_T1,2023-08-19,landsat-8,188/052,59.62,64.39722687,1.0,8,2023,wet,,
LC08_L2SP_189052_20230826_02_T1,2023-08-26,landsat-8,189/052,16.09,64.74040825,0.0002,8,2023,wet,,
LC08_L2SP_189051_20230826_02_T1,2023-08-26,landsat-8,189/051,22.23,64.91246584,0.0002,8,2023,wet,,
LC09_L2SP_188052_20230827_02_T2,2023-08-27,landsat-9,188/052,100.0,64.74955138,1.0,8,2023,wet,,
LC09_L2SP_189052_20230903_02_T1,2023-09-03,landsat-9,189/052,28.07,64.92295133,0.0004,9,2023,wet,,
LC09_L2SP_189051_20230903_02_T1,2023-09-03,landsat-9,189/051,29.33,64.92023873,0.0004,9,2023,wet,,
LC08_L2SP_188052_20230904_02_T1,2023-09-04,landsat-8,188/052,87.97,64.95681522,1.0,9,2023,wet,,
LC08_L2SP_189051_20230911_02_T1,2023-09-11,landsat-8,189/051,4.53,64.6838614,0.0028,9,2023,wet,,
LC08_L2SP_189052_20230911_02_T1,2023-09-11,landsat-8,189/052,18.53,64.87045986,0.0027,9,2023,wet,,
LC09_L2SP_188052_20230912_02_T1,2023-09-12,landsat-9,188/052,46.62,64.81505208,1.0,9,2023,wet,,
LC09_L2SP_189051_20230919_02_T1,2023-09-19,landsat-9,189/051,7.37,64.05601535,0.0,9,2023,wet,,
LC09_L2SP_189052_20230919_02_T1,2023-09-19,landsat-9,189/052,34.47,64.42335052,0.0,9,2023,wet,,
LC08_L2SP_188052_20230920_02_T1,2023-09-20,landsat-8,188/052,11.69,64.36220616,1.0,9,2023,wet,0.2349,636512.0
LC08_L2SP_189051_20230927_02_T1,2023-09-27,landsat-8,189/051,0.79,63.10229273,0.0007,9,2023,wet,,
LC08_L2SP_189052_20230927_02_T1,2023-09-27,landsat-8,189/052,16.49,63.63830911,0.0006,9,2023,wet,,
LC09_L2SP_188052_20230928_02_T1,2023-09-28,landsat-9,188/052,6.27,63.49887148,1.0,9,2023,wet,0.9817,636512.0
LC09_L2SP_189051_20231005_02_T1,2023-10-05,landsat-9,189/051,91.79,61.77847041,0.0011,10,2023,transition,,
LC09_L2SP_189052_20231005_02_T1,2023-10-05,landsat-9,189/052,17.81,62.46162443,0.0011,10,2023,transition,,
LC08_L2SP_188052_20231006_02_T1,2023-10-06,landsat-8,188/052,65.34,62.30344545,1.0,10,2023,transition,,
LC08_L2SP_189052_20231013_02_T1,2023-10-13,landsat-8,189/052,6.21,60.98796625,0.0003,10,2023,transition,,
LC08_L2SP_189051_20231013_02_T1,2023-10-13,landsat-8,189/051,1.51,60.18200651,0.0003,10,2023,transition,,
LC09_L2SP_188052_20231014_02_T1,2023-10-14,landsat-9,188/052,76.52,60.77753007,1.0,10,2023,transition,,
LC09_L2SP_189052_20231021_02_T1,2023-10-21,landsat-9,189/052,22.8,59.25784839,0.0,10,2023,transition,,
LC09_L2SP_189051_20231021_02_T1,2023-10-21,landsat-9,189/051,11.9,58.35537545,0.0,10,2023,transition,,
LC08_L2SP_188052_20231022_02_T1,2023-10-22,landsat-8,188/052,2.57,59.03538599,1.0,10,2023,transition,0.9973,636512.0
LC08_L2SP_189051_20231029_02_T1,2023-10-29,landsat-8,189/051,0.02,56.4161282,0.0,10,2023,transition,,
LC08_L2SP_189052_20231029_02_T1,2023-10-29,landsat-8,189/052,0.02,57.39212282,0.0,10,2023,transition,,
LC09_L2SP_188052_20231030_02_T1,2023-10-30,landsat-9,188/052,32.01,57.15199929,1.0,10,2023,transition,0.942,636512.0
LC09_L2SP_189052_20231106_02_T1,2023-11-06,landsat-9,189/052,6.2,55.4654493,0.0088,11,2023,harmattan,,
LC08_L2SP_189052_20231114_02_T1,2023-11-14,landsat-8,189/052,38.51,53.57231064,0.0008,11,2023,harmattan,,
LC08_L2SP_189051_20231114_02_T1,2023-11-14,landsat-8,189/051,35.4,52.50687529,0.0008,11,2023,harmattan,,
LC09_L2SP_188052_20231115_02_T1,2023-11-15,landsat-9,188/052,99.96,53.34603389,1.0,11,2023,harmattan,,
LC09_L2SP_189051_20231122_02_T1,2023-11-22,landsat-9,189/051,3.58,50.71725444,0.0,11,2023,harmattan,,
LC09_L2SP_189052_20231122_02_T1,2023-11-22,landsat-9,189/052,19.7,51.80536627,0.0,11,2023,harmattan,,
LC08_L2SP_188052_20231123_02_T1,2023-11-23,landsat-8,188/052,0.08,51.59371946,1.0,11,2023,harmattan,0.9969,636512.0
LC08_L2SP_189052_20231130_02_T1,2023-11-30,landsat-8,189/052,0.02,50.23121451,0.0,11,2023,harmattan,,
LC08_L2SP_189051_20231130_02_T1,2023-11-30,landsat-8,189/051,0.12,49.13334773,0.0,11,2023,harmattan,,
LC09_L2SP_188052_20231201_02_T1,2023-12-01,landsat-9,188/052,0.0,50.05877696,1.0,12,2023,harmattan,0.9957,636512.0
LC09_L2SP_189052_20231208_02_T1,2023-12-08,landsat-9,189/052,0.3,48.92996961,0.0048,12,2023,harmattan,,
LC09_L2SP_189051_20231208_02_T1,2023-12-08,landsat-9,189/051,18.76,47.83138748,0.0047,12,2023,harmattan,,
LC08_L2SP_188052_20231209_02_T1,2023-12-09,landsat-8,188/052,0.0,48.78056493,1.0,12,2023,harmattan,0.9937,636512.0
LC08_L2SP_189051_20231216_02_T1,2023-12-16,landsat-8,189/051,0.0,46.83820301,0.0,12,2023,harmattan,,
LC08_L2SP_189052_20231216_02_T1,2023-12-16,landsat-8,189/052,0.0,47.92754722,0.0,12,2023,harmattan,,
LC09_L2SP_188052_20231217_02_T1,2023-12-17,landsat-9,188/052,0.01,47.83782976,1.0,12,2023,harmattan,0.9895,636512.0
LC09_L2SP_189051_20231224_02_T1,2023-12-24,landsat-9,189/051,11.14,46.23130286,0.0,12,2023,harmattan,,
LC09_L2SP_189052_20231224_02_T1,2023-12-24,landsat-9,189/052,15.85,47.30457925,0.0,12,2023,harmattan,,
LC08_L2SP_188052_20231225_02_T1,2023-12-25,landsat-8,188/052,1.26,47.24028875,1.0,12,2023,harmattan,0.4928,636512.0
LC08_L2SP_189051_20240101_02_T1,2024-01-01,landsat-8,189/051,0.0,45.992796,0.0251,1,2024,harmattan,,
LC08_L2SP_189052_20240101_02_T1,2024-01-01,landsat-8,189/052,0.0,47.04116751,0.0356,1,2024,harmattan,,
LC09_L2SP_188052_20240102_02_T1,2024-01-02,landsat-9,188/052,0.02,47.05163827,1.0,1,2024,harmattan,0.9944,636512.0
LC09_L2SP_189051_20240109_02_T1,2024-01-09,landsat-9,189/051,0.0,46.18238322,0.001,1,2024,harmattan,,
LC09_L2SP_189052_20240109_02_T1,2024-01-09,landsat-9,189/052,0.0,47.20007924,0.001,1,2024,harmattan,,
LC08_L2SP_188052_20240110_02_T1,2024-01-10,landsat-8,188/052,0.0,47.22847594,1.0,1,2024,harmattan,0.9927,636512.0
LC08_L2SP_189051_20240117_02_T1,2024-01-17,landsat-8,189/051,0.0,46.73554598,0.0,1,2024,harmattan,,
LC08_L2SP_189052_20240117_02_T1,2024-01-17,landsat-8,189/052,0.0,47.71421954,0.0,1,2024,harmattan,,
LC09_L2SP_188052_20240118_02_T1,2024-01-18,landsat-9,188/052,0.01,47.82709952,1.0,1,2024,harmattan,0.9693,636512.0
LC09_L2SP_189052_20240125_02_T1,2024-01-25,landsat-9,189/052,2.39,48.64313849,0.0014,1,2024,harmattan,,
LC09_L2SP_189051_20240125_02_T1,2024-01-25,landsat-9,189/051,5.86,47.70952245,0.0013,1,2024,harmattan,,
LC08_L2SP_188052_20240126_02_T1,2024-01-26,landsat-8,188/052,6.36,48.75724354,1.0,1,2024,harmattan,0.3,636512.0
LC08_L2SP_189051_20240202_02_T1,2024-02-02,landsat-8,189/051,1.16,48.98333257,0.0,2,2024,harmattan,,
LC08_L2SP_189052_20240202_02_T1,2024-02-02,landsat-8,189/052,2.36,49.86330151,0.0,2,2024,harmattan,,
LC09_L2SP_188052_20240203_02_T1,2024-02-03,landsat-9,188/052,2.86,50.06645129,1.0,2,2024,harmattan,0.4412,636512.0
LC09_L2SP_189051_20240210_02_T1,2024-02-10,landsat-9,189/051,0.0,50.60719109,0.0,2,2024,harmattan,,
LC09_L2SP_189052_20240210_02_T1,2024-02-10,landsat-9,189/052,0.05,51.42669491,0.0,2,2024,harmattan,,
LC08_L2SP_188052_20240211_02_T1,2024-02-11,landsat-8,188/052,0.61,51.60432466,1.0,2,2024,harmattan,0.9979,636512.0
LC09_L2SP_188052_20240219_02_T1,2024-02-19,landsat-9,188/052,4.14,53.42840525,1.0,2,2024,harmattan,0.9916,636512.0
LC09_L2SP_189051_20240226_02_T1,2024-02-26,landsat-9,189/051,33.9,54.4565618,0.0007,2,2024,harmattan,,
LC09_L2SP_189052_20240226_02_T1,2024-02-26,landsat-9,189/052,41.0,55.12441352,0.0007,2,2024,harmattan,,
LC08_L2SP_188052_20240227_02_T1,2024-02-27,landsat-8,188/052,0.0,55.33191248,1.0,2,2024,harmattan,1.0,636512.0
LC08_L2SP_189051_20240305_02_T1,2024-03-05,landsat-8,189/051,0.0,56.51404446,0.0,3,2024,hot,,
LC08_L2SP_189052_20240305_02_T1,2024-03-05,landsat-8,189/052,4.0,57.08698616,0.0,3,2024,hot,,
LC09_L2SP_188052_20240306_02_T1,2024-03-06,landsat-9,188/052,5.77,57.38134765,1.0,3,2024,hot,1.0,636512.0
LC08_L2SP_188052_20240314_02_T1,2024-03-14,landsat-8,188/052,14.2,59.3129275,1.0,3,2024,hot,0.7236,636512.0
LC08_L2SP_189052_20240321_02_T1,2024-03-21,landsat-8,189/052,13.99,60.94699295,0.0,3,2024,hot,,
LC08_L2SP_189051_20240321_02_T1,2024-03-21,landsat-8,189/051,0.2,60.60754177,0.0,3,2024,hot,,
LC09_L2SP_188052_20240322_02_T1,2024-03-22,landsat-9,188/052,8.96,61.22229489,1.0,3,2024,hot,0.4186,636512.0
LC09_L2SP_189052_20240329_02_T1,2024-03-29,landsat-9,189/052,0.01,62.6716691,0.0,3,2024,hot,,
LC09_L2SP_189051_20240329_02_T1,2024-03-29,landsat-9,189/051,0.0,62.47228399,0.0,3,2024,hot,,
LC08_L2SP_188052_20240330_02_T1,2024-03-30,landsat-8,188/052,9.06,62.80081552,1.0,3,2024,hot,1.0,636512.0
LC08_L2SP_189051_20240406_02_T1,2024-04-06,landsat-8,189/051,42.51,63.93446481,0.0,4,2024,hot,,
LC08_L2SP_189052_20240406_02_T1,2024-04-06,landsat-8,189/052,58.76,63.97678759,0.0,4,2024,hot,,
LC09_L2SP_188052_20240407_02_T1,2024-04-07,landsat-9,188/052,58.43,64.18546746,1.0,4,2024,hot,,
LC09_L2SP_189051_20240414_02_T1,2024-04-14,landsat-9,189/051,92.7,65.15676295,0.0,4,2024,hot,,
LC09_L2SP_189052_20240414_02_T1,2024-04-14,landsat-9,189/052,66.97,65.03478976,0.0,4,2024,hot,,
LC08_L2SP_188052_20240415_02_T1,2024-04-15,landsat-8,188/052,30.79,65.06224856,1.0,4,2024,hot,1.0,636512.0
LC09_L2SP_188052_20240423_02_T1,2024-04-23,landsat-9,188/052,41.05,65.66912278,1.0,4,2024,hot,,
LC09_L2SP_189051_20240430_02_T1,2024-04-30,landsat-9,189/051,0.01,66.25661629,0.0032,4,2024,hot,,
LC09_L2SP_189052_20240430_02_T1,2024-04-30,landsat-9,189/052,2.06,65.8147769,0.0032,4,2024,hot,,
LC08_L2SP_188052_20240501_02_T1,2024-05-01,landsat-8,188/052,21.64,65.73892139,1.0,5,2024,hot,0.2107,636512.0
LC08_L2SP_189051_20240508_02_T1,2024-05-08,landsat-8,189/051,0.1,66.15455913,0.0,5,2024,hot,,
LC08_L2SP_189052_20240508_02_T1,2024-05-08,landsat-8,189/052,12.37,65.57870243,0.0,5,2024,hot,,
LC09_L2SP_188052_20240509_02_T1,2024-05-09,landsat-9,188/052,5.64,65.61298071,1.0,5,2024,hot,0.266,636512.0
LC09_L2SP_189052_20240516_02_T1,2024-05-16,landsat-9,189/052,90.18,65.22992729,0.0013,5,2024,hot,,
LC09_L2SP_189051_20240516_02_T1,2024-05-16,landsat-9,189/051,34.56,65.91551485,0.0013,5,2024,hot,,
LC08_L2SP_188052_20240517_02_T1,2024-05-17,landsat-8,188/052,25.27,65.08786836,1.0,5,2024,hot,0.1258,636512.0
LC08_L2SP_189051_20240524_02_T1,2024-05-24,landsat-8,189/051,0.02,65.33561756,0.0,5,2024,hot,,
LC08_L2SP_189052_20240524_02_T1,2024-05-24,landsat-8,189/052,2.44,64.56924701,0.0,5,2024,hot,,
LC09_L2SP_188052_20240525_02_T1,2024-05-25,landsat-9,188/052,13.55,64.56745227,1.0,5,2024,hot,0.9921,636512.0
LC09_L2SP_189051_20240601_02_T1,2024-06-01,landsat-9,189/051,0.06,64.82309813,0.0,6,2024,wet,,
LC09_L2SP_189052_20240601_02_T1,2024-06-01,landsat-9,189/052,2.39,63.99974725,0.0,6,2024,wet,,
LC08_L2SP_188052_20240602_02_T1,2024-06-02,landsat-8,188/052,7.15,63.86150311,1.0,6,2024,wet,0.9866,636512.0
LC08_L2SP_189051_20240609_02_T1,2024-06-09,landsat-8,189/051,0.99,64.20358166,0.0007,6,2024,wet,,
LC08_L2SP_189052_20240609_02_T1,2024-06-09,landsat-8,189/052,2.49,63.34719282,0.0007,6,2024,wet,,
LC09_L2SP_188052_20240610_02_T1,2024-06-10,landsat-9,188/052,5.15,63.30218661,1.0,6,2024,wet,0.9989,636512.0
LC09_L2SP_189051_20240617_02_T1,2024-06-17,landsat-9,189/051,0.15,63.71527751,0.0005,6,2024,wet,,
LC09_L2SP_189052_20240617_02_T1,2024-06-17,landsat-9,189/052,11.24,62.84817144,0.0005,6,2024,wet,,
LC08_L2SP_188052_20240618_02_T1,2024-06-18,landsat-8,188/052,3.51,62.80317496,1.0,6,2024,wet,1.0,636512.0
LC08_L2SP_189051_20240625_02_T1,2024-06-25,landsat-8,189/051,69.51,63.37462292,0.0,6,2024,wet,,
LC08_L2SP_189052_20240625_02_T1,2024-06-25,landsat-8,189/052,21.68,62.51340478,0.0,6,2024,wet,,
LC09_L2SP_188052_20240626_02_T1,2024-06-26,landsat-9,188/052,41.75,62.43851444,1.0,6,2024,wet,,
LC09_L2SP_189052_20240703_02_T1,2024-07-03,landsat-9,189/052,57.57,62.30929759,0.0,7,2024,wet,,
LC09_L2SP_189051_20240703_02_T1,2024-07-03,landsat-9,189/051,12.11,63.14503257,0.0,7,2024,wet,,
LC08_L2SP_188052_20240704_02_T1,2024-07-04,landsat-8,188/052,64.98,62.34234448,1.0,7,2024,wet,,
LC08_L2SP_189051_20240711_02_T1,2024-07-11,landsat-8,189/051,59.34,63.16914178,0.0001,7,2024,wet,,
LC08_L2SP_189052_20240711_02_T2,2024-07-11,landsat-8,189/052,88.54,62.37628221,0.0001,7,2024,wet,,
LC09_L2SP_188052_20240712_02_T1,2024-07-12,landsat-9,188/052,13.84,62.35480091,1.0,7,2024,wet,0.9863,636512.0
LC09_L2SP_189052_20240719_02_T2,2024-07-19,landsat-9,189/052,99.97,62.55308809,0.0,7,2024,wet,,
LC09_L2SP_189051_20240719_02_T2,2024-07-19,landsat-9,189/051,99.98,63.28428174,0.0,7,2024,wet,,
LC08_L2SP_188052_20240720_02_T2,2024-07-20,landsat-8,188/052,94.95,62.62826569,1.0,7,2024,wet,,
LC08_L2SP_189051_20240727_02_T1,2024-07-27,landsat-8,189/051,30.7,63.61183182,0.0,7,2024,wet,,
LC08_L2SP_189052_20240727_02_T2,2024-07-27,landsat-8,189/052,55.6,62.96150122,0.0,7,2024,wet,,
LC09_L2SP_188052_20240728_02_T2,2024-07-28,landsat-9,188/052,100.0,62.98161712,1.0,7,2024,wet,,
LC09_L2SP_189051_20240804_02_T1,2024-08-04,landsat-9,189/051,75.49,63.95314411,0.0,8,2024,wet,,
LC09_L2SP_189052_20240804_02_T2,2024-08-04,landsat-9,189/052,88.98,63.40508418,0.0,8,2024,wet,,
LC08_L2SP_188052_20240805_02_T1,2024-08-05,landsat-8,188/052,57.79,63.50177125,1.0,8,2024,wet,,
LC08_L2SP_189051_20240812_02_T2,2024-08-12,landsat-8,189/051,84.65,64.38081568,0.002,8,2024,wet,,
LC08_L2SP_189052_20240812_02_T2,2024-08-12,landsat-8,189/052,99.98,63.95637497,0.002,8,2024,wet,,
LC09_L2SP_188052_20240813_02_T1,2024-08-13,landsat-9,188/052,89.04,63.98957405,1.0,8,2024,wet,,
LC09_L2SP_189051_20240820_02_T1,2024-08-20,landsat-9,189/051,80.96,64.68910656,0.0,8,2024,wet,,
LC09_L2SP_189052_20240820_02_T2,2024-08-20,landsat-9,189/052,99.99,64.41021642,0.0,8,2024,wet,,
LC08_L2SP_188052_20240821_02_T1,2024-08-21,landsat-8,188/052,63.94,64.49147798,1.0,8,2024,wet,,
LC08_L2SP_189052_20240828_02_T2,2024-08-28,landsat-8,189/052,93.3,64.7861904,0.0014,8,2024,wet,,
LC08_L2SP_189051_20240828_02_T1,2024-08-28,landsat-8,189/051,73.7,64.89993815,0.0015,8,2024,wet,,
LC09_L2SP_188052_20240829_02_T1,2024-08-29,landsat-9,188/052,96.16,64.78973018,1.0,8,2024,wet,,
LC09_L2SP_189051_20240905_02_T1,2024-09-05,landsat-9,189/051,64.75,64.81707482,0.0132,9,2024,wet,,
LC09_L2SP_189052_20240905_02_T1,2024-09-05,landsat-9,189/052,79.59,64.8817433,0.0132,9,2024,wet,,
LC08_L2SP_188052_20240906_02_T2,2024-09-06,landsat-8,188/052,100.0,64.89845394,1.0,9,2024,wet,,
LC08_L2SP_189051_20240913_02_T1,2024-09-13,landsat-8,189/051,1.37,64.46470385,0.0,9,2024,wet,,
LC08_L2SP_189052_20240913_02_T1,2024-09-13,landsat-8,189/052,3.06,64.71350796,0.0,9,2024,wet,,
LC09_L2SP_188052_20240914_02_T1,2024-09-14,landsat-9,188/052,57.38,64.64697517,1.0,9,2024,wet,,
LC09_L2SP_189051_20240921_02_T1,2024-09-21,landsat-9,189/051,22.54,63.72411103,0.0156,9,2024,wet,,
LC09_L2SP_189052_20240921_02_T1,2024-09-21,landsat-9,189/052,65.26,64.15002686,0.0154,9,2024,wet,,
LC08_L2SP_188052_20240922_02_T1,2024-09-22,landsat-8,188/052,65.0,64.07057163,1.0,9,2024,wet,,
LC08_L2SP_189051_20240929_02_T1,2024-09-29,landsat-8,189/051,22.24,62.6487571,0.0407,9,2024,wet,,
LC08_L2SP_189052_20240929_02_T1,2024-09-29,landsat-8,189/052,51.52,63.23697855,0.0469,9,2024,wet,,
LC09_L2SP_188052_20240930_02_T1,2024-09-30,landsat-9,188/052,0.92,63.08370404,1.0,9,2024,wet,0.9981,636512.0
LC09_L2SP_189052_20241007_02_T1,2024-10-07,landsat-9,189/052,91.23,61.94607437,0.0052,10,2024,transition,,
LC09_L2SP_189051_20241007_02_T1,2024-10-07,landsat-9,189/051,89.98,61.21929859,0.0052,10,2024,transition,,
LC08_L2SP_188052_20241008_02_T1,2024-10-08,landsat-8,188/052,52.33,61.77358482,1.0,10,2024,transition,,
LC08_L2SP_189052_20241015_02_T1,2024-10-15,landsat-8,189/052,48.75,60.3841066,0.0,10,2024,transition,,
LC08_L2SP_189051_20241015_02_T1,2024-10-15,landsat-8,189/051,7.91,59.54343924,0.0,10,2024,transition,,
LC09_L2SP_188052_20241016_02_T1,2024-10-16,landsat-9,188/052,4.68,60.16653938,1.0,10,2024,transition,0.8551,636512.0
LC08_L2SP_188052_20241024_02_T1,2024-10-24,landsat-8,188/052,28.13,58.37303331,1.0,10,2024,transition,0.0,636512.0
LC08_L2SP_189051_20241031_02_T1,2024-10-31,landsat-8,189/051,0.01,55.71030637,0.028,10,2024,transition,,
LC08_L2SP_189052_20241031_02_T1,2024-10-31,landsat-8,189/052,0.0,56.70577118,0.0298,10,2024,transition,,
LC09_L2SP_189051_20241108_02_T1,2024-11-08,landsat-9,189/051,1.92,53.73762764,0.0001,11,2024,harmattan,,
LC09_L2SP_189052_20241108_02_T1,2024-11-08,landsat-9,189/052,7.04,54.78042024,0.0001,11,2024,harmattan,,
LC08_L2SP_188052_20241109_02_T1,2024-11-09,landsat-8,188/052,0.24,54.54411088,1.0,11,2024,harmattan,0.9896,636512.0
LC08_L2SP_189051_20241116_02_T1,2024-11-16,landsat-8,189/051,0.0,51.8527294,0.0027,11,2024,harmattan,,
LC08_L2SP_189052_20241116_02_T1,2024-11-16,landsat-8,189/052,0.0,52.92655456,0.0026,11,2024,harmattan,,
LC09_L2SP_188052_20241117_02_T1,2024-11-17,landsat-9,188/052,1.64,52.70619567,1.0,11,2024,harmattan,0.7829,636512.0
LC08_L2SP_188052_20241125_02_T1,2024-11-25,landsat-8,188/052,0.06,51.0206809,1.0,11,2024,harmattan,0.9735,636512.0
LC08_L2SP_189051_20241202_02_T1,2024-12-02,landsat-8,189/051,0.0,48.63231219,0.0,12,2024,harmattan,,
LC08_L2SP_189052_20241202_02_T1,2024-12-02,landsat-8,189/052,2.53,49.73093998,0.0,12,2024,harmattan,,
LC09_L2SP_188052_20241203_02_T1,2024-12-03,landsat-9,188/052,0.02,49.56863867,1.0,12,2024,harmattan,0.9395,636512.0
LC08_L2SP_188052_20241211_02_T1,2024-12-11,landsat-8,188/052,1.65,48.39874913,1.0,12,2024,harmattan,0.9186,636512.0
LC08_L2SP_189052_20241218_02_T1,2024-12-18,landsat-8,189/052,1.47,47.65534036,0.0036,12,2024,harmattan,,
LC08_L2SP_189051_20241218_02_T1,2024-12-18,landsat-8,189/051,0.11,46.57088545,0.0038,12,2024,harmattan,,
LC09_L2SP_188052_20241219_02_T1,2024-12-19,landsat-9,188/052,0.07,47.57958631,1.0,12,2024,harmattan,0.8375,636512.0
LC08_L2SP_188052_20241227_02_T1,2024-12-27,landsat-8,188/052,0.89,47.11450714,1.0,12,2024,harmattan,0.947,636512.0
LC08_L2SP_189051_20250103_02_T1,2025-01-03,landsat-8,189/051,0.01,45.994281,0.0001,1,2025,harmattan,,
LC08_L2SP_189052_20250103_02_T1,2025-01-03,landsat-8,189/052,0.0,47.03259943,0.0001,1,2025,harmattan,,
LC09_L2SP_188052_20250104_02_T1,2025-01-04,landsat-9,188/052,6.49,47.05757352,1.0,1,2025,harmattan,0.8388,636512.0
LC09_L2SP_189051_20250111_02_T1,2025-01-11,landsat-9,189/051,0.66,46.32164595,0.002,1,2025,harmattan,,
LC09_L2SP_189052_20250111_02_T1,2025-01-11,landsat-9,189/052,0.28,47.3262046,0.0019,1,2025,harmattan,,
LC08_L2SP_188052_20250112_02_T1,2025-01-12,landsat-8,188/052,1.1,47.37469352,1.0,1,2025,harmattan,0.4958,636512.0
LC08_L2SP_189051_20250119_02_T1,2025-01-19,landsat-8,189/051,1.69,47.01405862,0.0,1,2025,harmattan,,
LC08_L2SP_189052_20250119_02_T1,2025-01-19,landsat-8,189/052,8.05,47.97748678,0.0,1,2025,harmattan,,
LC09_L2SP_188052_20250120_02_T1,2025-01-20,landsat-9,188/052,2.21,48.10308719,1.0,1,2025,harmattan,0.9746,636512.0
LC09_L2SP_189051_20250127_02_T1,2025-01-27,landsat-9,189/051,4.55,48.10788062,0.0009,1,2025,harmattan,,
LC09_L2SP_189052_20250127_02_T1,2025-01-27,landsat-9,189/052,7.56,49.02361423,0.0009,1,2025,harmattan,,
LC08_L2SP_188052_20250128_02_T1,2025-01-28,landsat-8,188/052,23.56,49.15569938,1.0,1,2025,harmattan,0.4147,636512.0
LC08_L2SP_189052_20250204_02_T1,2025-02-04,landsat-8,189/052,0.0,50.35295155,0.0,2,2025,harmattan,,
LC08_L2SP_189051_20250204_02_T1,2025-02-04,landsat-8,189/051,0.0,49.4936928,0.0,2,2025,harmattan,,
LC09_L2SP_188052_20250205_02_T1,2025-02-05,landsat-9,188/052,0.04,50.56412623,1.0,2,2025,harmattan,0.989,636512.0
LC09_L2SP_189052_20250212_02_T1,2025-02-12,landsat-9,189/052,0.0,52.00185442,0.0,2,2025,harmattan,,
LC09_L2SP_189051_20250212_02_T1,2025-02-12,landsat-9,189/051,0.0,51.20595655,0.0,2,2025,harmattan,,
LC08_L2SP_188052_20250213_02_T1,2025-02-13,landsat-8,188/052,15.92,52.19446321,1.0,2,2025,harmattan,0.0027,636512.0
LC08_L2SP_189051_20250220_02_T1,2025-02-20,landsat-8,189/051,0.0,53.08567788,0.0,2,2025,harmattan,,
LC08_L2SP_189052_20250220_02_T1,2025-02-20,landsat-8,189/052,0.0,53.80686823,0.0,2,2025,harmattan,,
LC09_L2SP_188052_20250221_02_T1,2025-02-21,landsat-9,188/052,5.5,54.07501299,1.0,2,2025,harmattan,0.4691,636512.0
LC09_L2SP_189051_20250228_02_T1,2025-02-28,landsat-9,189/051,1.51,55.16424437,0.0007,2,2025,harmattan,,
LC09_L2SP_189052_20250228_02_T1,2025-02-28,landsat-9,189/052,0.04,55.80082414,0.0007,2,2025,harmattan,,
LC08_L2SP_188052_20250301_02_T1,2025-03-01,landsat-8,188/052,0.24,56.01700611,1.0,3,2025,hot,0.9984,636512.0
LC08_L2SP_189051_20250308_02_T1,2025-03-08,landsat-8,189/051,0.0,57.2390264,0.0,3,2025,hot,,
LC08_L2SP_189052_20250308_02_T1,2025-03-08,landsat-8,189/052,0.0,57.7760636,0.0,3,2025,hot,,
LC09_L2SP_188052_20250309_02_T1,2025-03-09,landsat-9,188/052,24.59,58.06236286,1.0,3,2025,hot,0.0,636512.0
LC09_L2SP_189051_20250316_02_T1,2025-03-16,landsat-9,189/051,0.01,59.35493748,0.0003,3,2025,hot,,
LC09_L2SP_189052_20250316_02_T1,2025-03-16,landsat-9,189/052,0.02,59.77928273,0.0003,3,2025,hot,,
LC08_L2SP_188052_20250317_02_T1,2025-03-17,landsat-8,188/052,0.0,59.97436728,1.0,3,2025,hot,1.0,636512.0
LC08_L2SP_189051_20250324_02_T1,2025-03-24,landsat-8,189/051,2.07,61.26220669,0.001,3,2025,hot,,
LC08_L2SP_189052_20250324_02_T1,2025-03-24,landsat-8,189/052,25.48,61.555016,0.001,3,2025,hot,,
LC09_L2SP_188052_20250325_02_T1,2025-03-25,landsat-9,188/052,0.0,61.81164287,1.0,3,2025,hot,1.0,636512.0
LC09_L2SP_189052_20250401_02_T1,2025-04-01,landsat-9,189/052,13.65,63.17509326,0.0068,4,2025,hot,,
LC09_L2SP_189051_20250401_02_T1,2025-04-01,landsat-9,189/051,1.07,63.02840594,0.0069,4,2025,hot,,
LC08_L2SP_188052_20250402_02_T1,2025-04-02,landsat-8,188/052,45.92,63.29991441,1.0,4,2025,hot,,
LC08_L2SP_189051_20250409_02_T1,2025-04-09,landsat-8,189/051,80.72,64.3847934,0.0,4,2025,hot,,
LC08_L2SP_189052_20250409_02_T1,2025-04-09,landsat-8,189/052,73.62,64.37091092,0.0,4,2025,hot,,
LC09_L2SP_188052_20250410_02_T1,2025-04-10,landsat-9,188/052,59.46,64.55309588,1.0,4,2025,hot,,
LC09_L2SP_189051_20250417_02_T1,2025-04-17,landsat-9,189/051,0.89,65.46451248,0.0,4,2025,hot,,
LC09_L2SP_189052_20250417_02_T1,2025-04-17,landsat-9,189/052,44.32,65.28518172,0.0,4,2025,hot,,
LC08_L2SP_188052_20250418_02_T1,2025-04-18,landsat-8,188/052,0.01,65.30712089,1.0,4,2025,hot,1.0,636512.0
LC08_L2SP_189051_20250425_02_T1,2025-04-25,landsat-8,189/051,0.0,66.01819861,0.0005,4,2025,hot,,
LC08_L2SP_189052_20250425_02_T1,2025-04-25,landsat-8,189/052,0.02,65.67595958,0.0005,4,2025,hot,,
LC09_L2SP_188052_20250426_02_T1,2025-04-26,landsat-9,188/052,81.36,65.76197756,1.0,4,2025,hot,,
LC09_L2SP_189051_20250503_02_T1,2025-05-03,landsat-9,189/051,25.06,66.28561619,0.0,5,2025,hot,,
LC09_L2SP_189052_20250503_02_T1,2025-05-03,landsat-9,189/052,37.28,65.79446907,0.0,5,2025,hot,,
LC08_L2SP_188052_20250504_02_T1,2025-05-04,landsat-8,188/052,16.99,65.71770683,1.0,5,2025,hot,0.9523,636512.0
LC08_L2SP_189052_20250511_02_T1,2025-05-11,landsat-8,189/052,3.72,65.49412464,0.0,5,2025,hot,,
LC08_L2SP_189051_20250511_02_T1,2025-05-11,landsat-8,189/051,0.0,66.11175314,0.0,5,2025,hot,,
LC09_L2SP_188052_20250512_02_T1,2025-05-12,landsat-9,188/052,0.0,65.4863541,1.0,5,2025,hot,1.0,636512.0
LC09_L2SP_189052_20250519_02_T1,2025-05-19,landsat-9,189/052,2.41,65.05005459,0.0,5,2025,hot,,
LC09_L2SP_189051_20250519_02_T1,2025-05-19,landsat-9,189/051,0.04,65.76694407,0.0,5,2025,hot,,
LC08_L2SP_188052_20250520_02_T1,2025-05-20,landsat-8,188/052,84.45,64.97155747,1.0,5,2025,hot,,
LC08_L2SP_189051_20250527_02_T1,2025-05-27,landsat-8,189/051,41.96,65.24259889,0.0004,5,2025,hot,,
LC08_L2SP_189052_20250527_02_T1,2025-05-27,landsat-8,189/052,17.47,64.45134305,0.0004,5,2025,hot,,
LC09_L2SP_188052_20250528_02_T1,2025-05-28,landsat-9,188/052,7.87,64.35028707,1.0,5,2025,hot,1.0,636512.0
LC09_L2SP_189051_20250604_02_T2,2025-06-04,landsat-9,189/051,90.09,64.65029442,0.0067,6,2025,wet,,
LC09_L2SP_189052_20250604_02_T1,2025-06-04,landsat-9,189/052,72.44,63.81163574,0.0065,6,2025,wet,,
LC08_L2SP_188052_20250605_02_T1,2025-06-05,landsat-8,188/052,0.06,63.75748255,1.0,6,2025,wet,0.9957,636512.0
LC08_L2SP_189051_20250612_02_T1,2025-06-12,landsat-8,189/051,0.18,64.13160134,0.0001,6,2025,wet,,
LC08_L2SP_189052_20250612_02_T1,2025-06-12,landsat-8,189/052,1.08,63.26708104,0.0001,6,2025,wet,,
LC09_L2SP_188052_20250613_02_T1,2025-06-13,landsat-9,188/052,57.58,63.18590225,1.0,6,2025,wet,,
LC09_L2SP_189051_20250620_02_T1,2025-06-20,landsat-9,189/051,0.02,63.67169196,0.0,6,2025,wet,,
LC09_L2SP_189052_20250620_02_T1,2025-06-20,landsat-9,189/052,13.34,62.80227369,0.0,6,2025,wet,,
LC08_L2SP_188052_20250621_02_T1,2025-06-21,landsat-8,188/052,23.36,62.77334448,1.0,6,2025,wet,0.0491,636512.0
LC08_L2SP_189052_20250628_02_T1,2025-06-28,landsat-8,189/052,39.0,62.52952577,0.0,6,2025,wet,,
LC08_L2SP_189051_20250628_02_T1,2025-06-28,landsat-8,189/051,3.13,63.38537021,0.0,6,2025,wet,,
LC09_L2SP_188052_20250629_02_T1,2025-06-29,landsat-9,188/052,32.57,62.49166536,1.0,6,2025,wet,0.0,636512.0
LC09_L2SP_189052_20250706_02_T2,2025-07-06,landsat-9,189/052,91.68,62.41609248,0.002,7,2025,wet,,
LC09_L2SP_189051_20250706_02_T2,2025-07-06,landsat-9,189/051,97.55,63.24031615,0.002,7,2025,wet,,
LC08_L2SP_188052_20250707_02_T1,2025-07-07,landsat-8,188/052,99.98,62.43077464,1.0,7,2025,wet,,
LC08_L2SP_189051_20250714_02_T1,2025-07-14,landsat-8,189/051,34.86,63.29954192,0.0011,7,2025,wet,,
LC08_L2SP_189052_20250714_02_T1,2025-07-14,landsat-8,189/052,50.85,62.52445425,0.001,7,2025,wet,,
LC09_L2SP_188052_20250715_02_T1,2025-07-15,landsat-9,188/052,22.79,62.53759151,1.0,7,2025,wet,0.9614,636512.0
LC09_L2SP_189051_20250722_02_T1,2025-07-22,landsat-9,189/051,7.35,63.48984624,0.0024,7,2025,wet,,
LC09_L2SP_189052_20250722_02_T1,2025-07-22,landsat-9,189/052,39.61,62.78329125,0.0023,7,2025,wet,,
LC08_L2SP_188052_20250723_02_T1,2025-07-23,landsat-8,188/052,74.54,62.83751153,1.0,7,2025,wet,,
LC08_L2SP_189051_20250730_02_T2,2025-07-30,landsat-8,189/051,99.93,63.82114644,0.0062,7,2025,wet,,
LC08_L2SP_189052_20250730_02_T1,2025-07-30,landsat-8,189/052,100.0,63.20305808,0.0061,7,2025,wet,,
LC09_L2SP_188052_20250731_02_T1,2025-07-31,landsat-9,188/052,86.4,63.25331116,1.0,7,2025,wet,,
LC09_L2SP_189051_20250807_02_T1,2025-08-07,landsat-9,189/051,76.47,64.20409059,0.001,8,2025,wet,,
LC09_L2SP_189052_20250807_02_T1,2025-08-07,landsat-9,189/052,74.24,63.69589822,0.001,8,2025,wet,,
LC08_L2SP_188052_20250808_02_T1,2025-08-08,landsat-8,188/052,40.85,63.76787142,1.0,8,2025,wet,,
LC08_L2SP_189051_20250815_02_T2,2025-08-15,landsat-8,189/051,61.13,64.59521968,0.0001,8,2025,wet,,
LC08_L2SP_189052_20250815_02_T2,2025-08-15,landsat-8,189/052,99.95,64.21867777,0.0001,8,2025,wet,,
LC09_L2SP_188052_20250816_02_T1,2025-08-16,landsat-9,188/052,29.69,64.27488003,1.0,8,2025,wet,0.4625,636512.0
LC09_L2SP_189052_20250823_02_T1,2025-08-23,landsat-9,189/052,57.82,64.65631765,0.0001,8,2025,wet,,
LC09_L2SP_189051_20250823_02_T1,2025-08-23,landsat-9,189/051,39.29,64.87939228,0.0002,8,2025,wet,,
LC08_L2SP_188052_20250824_02_T1,2025-08-24,landsat-8,188/052,97.74,64.70406652,1.0,8,2025,wet,,
LC08_L2SP_189051_20250831_02_T2,2025-08-31,landsat-8,189/051,90.2,64.98343641,0.0016,8,2025,wet,,
LC08_L2SP_189052_20250831_02_T2,2025-08-31,landsat-8,189/052,93.42,64.93139279,0.0017,8,2025,wet,,
LC09_L2SP_188052_20250901_02_T1,2025-09-01,landsat-9,188/052,31.81,64.9488345,1.0,9,2025,wet,0.423,636512.0
LC09_L2SP_189051_20250908_02_T1,2025-09-08,landsat-9,189/051,7.73,64.82110714,0.0,9,2025,wet,,
LC09_L2SP_189052_20250908_02_T1,2025-09-08,landsat-9,189/052,36.57,64.95109729,0.0,9,2025,wet,,
LC08_L2SP_188052_20250909_02_T1,2025-09-09,landsat-8,188/052,74.17,64.93022295,1.0,9,2025,wet,,
LC08_L2SP_189051_20250916_02_T1,2025-09-16,landsat-8,189/051,11.97,64.32115555,0.0001,9,2025,wet,,
LC08_L2SP_189052_20250916_02_T1,2025-09-16,landsat-8,189/052,41.53,64.63417551,0.0001,9,2025,wet,,
LC09_L2SP_188052_20250917_02_T1,2025-09-17,landsat-9,188/052,5.86,64.57255991,1.0,9,2025,wet,0.9994,636512.0
LC09_L2SP_189051_20250924_02_T1,2025-09-24,landsat-9,189/051,26.54,63.46235654,0.0003,9,2025,wet,,
LC09_L2SP_189052_20250924_02_T1,2025-09-24,landsat-9,189/052,68.38,63.949009,0.0002,9,2025,wet,,
LC08_L2SP_188052_20250925_02_T1,2025-09-25,landsat-8,188/052,7.22,63.83133997,1.0,9,2025,wet,0.2908,636512.0
LC08_L2SP_189051_20251002_02_T1,2025-10-02,landsat-8,189/051,30.36,62.24056248,0.0007,10,2025,transition,,
LC08_L2SP_189052_20251002_02_T1,2025-10-02,landsat-8,189/052,92.55,62.88156783,0.0007,10,2025,transition,,
LC09_L2SP_188052_20251003_02_T1,2025-10-03,landsat-9,188/052,0.22,62.73179816,1.0,10,2025,transition,0.9987,636512.0
LC09_L2SP_189052_20251010_02_T1,2025-10-10,landsat-9,189/052,91.28,61.49731147,0.0,10,2025,transition,,
LC09_L2SP_189051_20251010_02_T1,2025-10-10,landsat-9,189/051,29.98,60.72563701,0.0,10,2025,transition,,
LC08_L2SP_188052_20251011_02_T1,2025-10-11,landsat-8,188/052,8.27,61.29612028,1.0,10,2025,transition,0.99,636512.0
LC08_L2SP_189051_20251018_02_T1,2025-10-18,landsat-8,189/051,0.62,58.95425726,0.0,10,2025,transition,,
LC08_L2SP_189052_20251018_02_T1,2025-10-18,landsat-8,189/052,1.36,59.83001162,0.0,10,2025,transition,,
LC09_L2SP_189051_20251026_02_T1,2025-10-26,landsat-9,189/051,0.0,57.04332007,0.0031,10,2025,transition,,
LC09_L2SP_189052_20251026_02_T1,2025-10-26,landsat-9,189/052,0.0,57.99975526,0.003,10,2025,transition,,
LC08_L2SP_188052_20251027_02_T1,2025-10-27,landsat-8,188/052,0.0,57.75351626,1.0,10,2025,transition,0.9967,636512.0
LC08_L2SP_189051_20251103_02_T1,2025-11-03,landsat-8,189/051,0.0,55.05486365,0.0,11,2025,harmattan,,
LC08_L2SP_189052_20251103_02_T1,2025-11-03,landsat-8,189/052,0.0,56.06973317,0.0,11,2025,harmattan,,
LC09_L2SP_188052_20251104_02_T1,2025-11-04,landsat-9,188/052,8.04,55.83998249,1.0,11,2025,harmattan,0.998,636512.0
LC08_L2SP_188052_20251112_02_T1,2025-11-12,landsat-8,188/052,0.15,53.92602269,1.0,11,2025,harmattan,0.9909,636512.0
LC08_L2SP_189051_20251119_02_T1,2025-11-19,landsat-8,189/051,0.0,51.25923724,0.0,11,2025,harmattan,,
LC08_L2SP_189052_20251119_02_T1,2025-11-19,landsat-8,189/052,0.0,52.34190597,0.0,11,2025,harmattan,,
LC09_L2SP_188052_20251120_02_T1,2025-11-20,landsat-9,188/052,0.0,52.13782825,1.0,11,2025,harmattan,0.9978,636512.0
LC09_L2SP_189052_20251127_02_T1,2025-11-27,landsat-9,189/052,0.72,50.71074932,0.0011,11,2025,harmattan,,
LC09_L2SP_189051_20251127_02_T1,2025-11-27,landsat-9,189/051,1.77,49.61431006,0.0012,11,2025,harmattan,,
LC08_L2SP_188052_20251128_02_T1,2025-11-28,landsat-8,188/052,0.0,50.51010094,1.0,11,2025,harmattan,0.9987,636512.0
LC08_L2SP_189052_20251205_02_T1,2025-12-05,landsat-8,189/052,9.37,49.30392215,0.0,12,2025,harmattan,,
LC08_L2SP_189051_20251205_02_T1,2025-12-05,landsat-8,189/051,35.6,48.20429184,0.0,12,2025,harmattan,,
LC09_L2SP_188052_20251206_02_T1,2025-12-06,landsat-9,188/052,0.0,49.1635411,1.0,12,2025,harmattan,0.9895,636512.0
LC09_L2SP_189051_20251213_02_T1,2025-12-13,landsat-9,189/051,0.19,47.12893913,0.0022,12,2025,harmattan,,
LC09_L2SP_189052_20251213_02_T1,2025-12-13,landsat-9,189/052,14.63,48.22308031,0.0021,12,2025,harmattan,,
LC08_L2SP_188052_20251214_02_T1,2025-12-14,landsat-8,188/052,55.94,48.09563026,1.0,12,2025,harmattan,,
LC09_L2SP_188052_20251222_02_T1,2025-12-22,landsat-9,188/052,0.0,47.40574074,1.0,12,2025,harmattan,0.9977,636512.0
LC09_L2SP_189051_20251229_02_T1,2025-12-29,landsat-9,189/051,8.18,46.04362891,0.0,12,2025,harmattan,,
LC09_L2SP_189052_20251229_02_T1,2025-12-29,landsat-9,189/052,3.26,47.10117789,0.0,12,2025,harmattan,,
LC08_L2SP_189051_20260106_02_T1,2026-01-06,landsat-8,189/051,0.0,46.07635696,0.0051,1,2026,harmattan,,
LC08_L2SP_189052_20260106_02_T1,2026-01-06,landsat-8,189/052,0.0,47.10405492,0.0048,1,2026,harmattan,,
LC09_L2SP_188052_20260107_02_T1,2026-01-07,landsat-9,188/052,0.0,47.15421548,1.0,1,2026,harmattan,0.9971,636512.0
LC09_L2SP_189051_20260114_02_T1,2026-01-14,landsat-9,189/051,89.79,46.5468835,0.0003,1,2026,harmattan,,
LC09_L2SP_189052_20260114_02_T1,2026-01-14,landsat-9,189/052,9.85,47.53909401,0.0003,1,2026,harmattan,,
LC08_L2SP_188052_20260115_02_T1,2026-01-15,landsat-8,188/052,14.05,47.59561446,1.0,1,2026,harmattan,0.4161,636512.0
LC08_L2SP_189052_20260122_02_T1,2026-01-22,landsat-8,189/052,45.16,48.30714551,0.0,1,2026,harmattan,,
LC08_L2SP_189051_20260122_02_T1,2026-01-22,landsat-8,189/051,62.15,47.35901269,0.0,1,2026,harmattan,,
LC09_L2SP_188052_20260123_02_T1,2026-01-23,landsat-9,188/052,0.04,48.45549874,1.0,1,2026,harmattan,0.9504,636512.0
LC09_L2SP_189052_20260130_02_T1,2026-01-30,landsat-9,189/052,0.4,49.47714282,0.0024,1,2026,harmattan,,
LC09_L2SP_189051_20260130_02_T1,2026-01-30,landsat-9,189/051,0.06,48.5790906,0.0024,1,2026,harmattan,,
LC08_L2SP_188052_20260131_02_T1,2026-01-31,landsat-8,188/052,0.0,49.61481979,1.0,1,2026,harmattan,0.9983,636512.0
LC08_L2SP_189051_20260207_02_T1,2026-02-07,landsat-8,189/051,5.03,50.06042067,0.0,2,2026,harmattan,,
LC08_L2SP_189052_20260207_02_T1,2026-02-07,landsat-8,189/052,8.69,50.89938225,0.0,2,2026,harmattan,,
LC09_L2SP_188052_20260208_02_T1,2026-02-08,landsat-9,188/052,34.77,51.1288835,1.0,2,2026,harmattan,0.0,636512.0
LC09_L2SP_189051_20260215_02_T1,2026-02-15,landsat-9,189/051,23.42,51.85980376,0.0008,2,2026,harmattan,,
LC09_L2SP_189052_20260215_02_T1,2026-02-15,landsat-9,189/052,8.02,52.63205974,0.0008,2,2026,harmattan,,
LC08_L2SP_188052_20260216_02_T1,2026-02-16,landsat-8,188/052,0.11,52.82456577,1.0,2,2026,harmattan,1.0,636512.0
LC08_L2SP_189051_20260223_02_T1,2026-02-23,landsat-8,189/051,0.5,53.78620428,0.0,2,2026,harmattan,,
LC08_L2SP_189052_20260223_02_T1,2026-02-23,landsat-8,189/052,0.84,54.47940581,0.0,2,2026,harmattan,,
LC09_L2SP_188052_20260224_02_T1,2026-02-24,landsat-9,188/052,2.99,54.75978704,1.0,2,2026,harmattan,0.5764,636512.0
LC09_L2SP_189051_20260303_02_T1,2026-03-03,landsat-9,189/051,0.79,55.90157602,0.0,3,2026,hot,,
LC09_L2SP_189052_20260303_02_T1,2026-03-03,landsat-9,189/052,0.03,56.50613521,0.0,3,2026,hot,,
LC08_L2SP_188052_20260304_02_T1,2026-03-04,landsat-8,188/052,0.18,56.71631815,1.0,3,2026,hot,0.9826,636512.0
LC08_L2SP_189052_20260311_02_T1,2026-03-11,landsat-8,189/052,31.04,58.46742849,0.0,3,2026,hot,,
LC08_L2SP_189051_20260311_02_T1,2026-03-11,landsat-8,189/051,16.07,57.96754857,0.0,3,2026,hot,,
LC09_L2SP_188052_20260312_02_T1,2026-03-12,landsat-9,188/052,0.38,58.75724241,1.0,3,2026,hot,1.0,636512.0
LC09_L2SP_189052_20260319_02_T1,2026-03-19,landsat-9,189/052,0.02,60.4331396,0.0076,3,2026,hot,,
LC09_L2SP_189051_20260319_02_T1,2026-03-19,landsat-9,189/051,0.0,60.05178073,0.008,3,2026,hot,,
LC08_L2SP_188052_20260320_02_T1,2026-03-20,landsat-8,188/052,0.0,60.61342247,1.0,3,2026,hot,0.9991,636512.0
LC08_L2SP_189051_20260327_02_T1,2026-03-27,landsat-8,189/051,6.89,61.88044216,0.0,3,2026,hot,,
LC08_L2SP_189052_20260327_02_T1,2026-03-27,landsat-8,189/052,9.35,62.12419405,0.0,3,2026,hot,,
LC09_L2SP_188052_20260328_02_T1,2026-03-28,landsat-9,188/052,24.26,62.37512168,1.0,3,2026,hot,0.9923,636512.0
LC09_L2SP_189051_20260404_02_T1,2026-04-04,landsat-9,189/051,4.74,63.55205221,0.0,4,2026,hot,,
LC09_L2SP_189052_20260404_02_T1,2026-04-04,landsat-9,189/052,19.77,63.64497228,0.0,4,2026,hot,,
LC08_L2SP_188052_20260405_02_T1,2026-04-05,landsat-8,188/052,47.33,63.7496174,1.0,4,2026,hot,,
LC08_L2SP_189051_20260412_02_T1,2026-04-12,landsat-8,189/051,0.05,64.77482484,0.0,4,2026,hot,,
LC08_L2SP_189052_20260412_02_T1,2026-04-12,landsat-8,189/052,0.04,64.70402044,0.0,4,2026,hot,,
LC09_L2SP_188052_20260413_02_T1,2026-04-13,landsat-9,188/052,0.02,64.87279038,1.0,4,2026,hot,1.0,636512.0
LC09_L2SP_189051_20260420_02_T1,2026-04-20,landsat-9,189/051,5.38,65.70967855,0.0,4,2026,hot,,
LC09_L2SP_189052_20260420_02_T1,2026-04-20,landsat-9,189/052,11.76,65.4732474,0.0,4,2026,hot,,
LC08_L2SP_188052_20260421_02_T1,2026-04-21,landsat-8,188/052,75.7,65.47312765,1.0,4,2026,hot,,
LC09_L2SP_188052_20260429_02_T1,2026-04-29,landsat-9,188/052,1.65,65.79209957,1.0,4,2026,hot,0.9425,636512.0
LC09_L2SP_189052_20260506_02_T1,2026-05-06,landsat-9,189/052,9.47,65.72180115,0.0,5,2026,hot,,
LC09_L2SP_189051_20260506_02_T1,2026-05-06,landsat-9,189/051,0.06,66.25897653,0.0,5,2026,hot,,
LC08_L2SP_188052_20260507_02_T1,2026-05-07,landsat-8,188/052,1.67,65.63048226,1.0,5,2026,hot,1.0,636512.0
LC08_L2SP_189051_20260514_02_T1,2026-05-14,landsat-8,189/051,0.0,65.96050834,0.0007,5,2026,hot,,
LC08_L2SP_189052_20260514_02_T1,2026-05-14,landsat-8,189/052,0.46,65.3070405,0.0007,5,2026,hot,,
LC09_L2SP_188052_20260515_02_T1,2026-05-15,landsat-9,188/052,25.03,65.3090467,1.0,5,2026,hot,0.1458,636512.0
LC09_L2SP_189051_20260522_02_T1,2026-05-22,landsat-9,189/051,87.7,65.56410891,0.0022,5,2026,hot,,
LC09_L2SP_189052_20260522_02_T1,2026-05-22,landsat-9,189/052,94.79,64.81956975,0.0022,5,2026,hot,,
LC08_L2SP_188052_20260523_02_T1,2026-05-23,landsat-8,188/052,56.83,64.68036077,1.0,5,2026,hot,,
LC08_L2SP_189051_20260530_02_T1,2026-05-30,landsat-8,189/051,31.04,64.94323099,0.0,5,2026,hot,,
LC08_L2SP_189052_20260530_02_T1,2026-05-30,landsat-8,189/052,94.12,64.13449902,0.0,5,2026,hot,,
LC09_L2SP_188052_20260531_02_T1,2026-05-31,landsat-9,188/052,7.26,64.09897019,1.0,5,2026,hot,0.9665,636512.0
LC09_L2SP_189051_20260607_02_T1,2026-06-07,landsat-9,189/051,21.22,64.41049018,0.0013,6,2026,wet,,
LC09_L2SP_189052_20260607_02_T1,2026-06-07,landsat-9,189/052,12.3,63.56121417,0.0012,6,2026,wet,,
LC08_L2SP_188052_20260608_02_T1,2026-06-08,landsat-8,188/052,7.56,63.46184683,1.0,6,2026,wet,0.9986,636512.0
LC08_L2SP_189051_20260615_02_T1,2026-06-15,landsat-8,189/051,69.87,63.86999865,0.0006,6,2026,wet,,
LC08_L2SP_189052_20260615_02_T1,2026-06-15,landsat-8,189/052,91.27,63.00316819,0.0006,6,2026,wet,,
LC09_L2SP_189052_20260623_02_T1,2026-06-23,landsat-9,189/052,67.06,62.63274396,0.0,6,2026,wet,,
LC09_L2SP_189051_20260623_02_T1,2026-06-23,landsat-9,189/051,34.32,63.49878056,0.0,6,2026,wet,,
LC08_L2SP_188052_20260624_02_T1,2026-06-24,landsat-8,188/052,1.18,62.5705909,1.0,6,2026,wet,0.9999,636512.0
LC08_L2SP_189052_20260701_02_T1,2026-07-01,landsat-8,189/052,38.94,62.38864832,0.0,7,2026,wet,,
LC08_L2SP_189051_20260701_02_T1,2026-07-01,landsat-8,189/051,21.06,63.2345727,0.0,7,2026,wet,,
LC09_L2SP_188052_20260702_02_T1,2026-07-02,landsat-9,188/052,7.74,62.39796368,1.0,7,2026,wet,0.999,636512.0
LC09_L2SP_189051_20260709_02_T1,2026-07-09,landsat-9,189/051,24.37,63.19001729,0.0038,7,2026,wet,,
LC09_L2SP_189052_20260709_02_T1,2026-07-09,landsat-9,189/052,63.9,62.38140995,0.0037,7,2026,wet,,
LC08_L2SP_188052_20260710_02_T1,2026-07-10,landsat-8,188/052,39.92,62.36841176,1.0,7,2026,wet,0.5936,636512.0
LC08_L2SP_189051_20260717_02_T1,2026-07-17,landsat-8,189/051,35.85,63.26771528,0.0032,7,2026,wet,,
LC08_L2SP_189052_20260717_02_T1,2026-07-17,landsat-8,189/052,35.22,62.51517997,0.0032,7,2026,wet,,
LC09_L2SP_188052_20260718_02_T1,2026-07-18,landsat-9,188/052,58.28,62.5678899,1.0,7,2026,wet,,
LC09_L2SP_189051_20260725_02_T1,2026-07-25,landsat-9,189/051,42.45,63.53753398,0.0,7,2026,wet,,
LC09_L2SP_189052_20260725_02_T1,2026-07-25,landsat-9,189/052,59.84,62.85995564,0.0,7,2026,wet,,
LC08_L2SP_188052_20260726_02_T1,2026-07-26,landsat-8,188/052,1.85,62.89027524,1.0,7,2026,wet,0.8128,636512.0
LC08_L2SP_189051_20260802_02_T1,2026-08-02,landsat-8,189/051,18.27,63.8755927,0.0005,8,2026,wet,,
LC08_L2SP_189052_20260802_02_T1,2026-08-02,landsat-8,189/052,51.27,63.29320817,0.0005,8,2026,wet,,
LC09_L2SP_188052_20260803_02_T1,2026-08-03,landsat-9,188/052,86.02,63.37417886,1.0,8,2026,wet,,
LC09_L2SP_189052_20260810_02_T1,2026-08-10,landsat-9,189/052,61.85,63.82537599,0.0001,8,2026,wet,,
LC09_L2SP_189051_20260810_02_T1,2026-08-10,landsat-9,189/051,47.06,64.29057514,0.0001,8,2026,wet,,
LC08_L2SP_188052_20260811_02_T1,2026-08-11,landsat-8,188/052,74.79,63.87251227,1.0,8,2026,wet,,
LC08_L2SP_189051_20260818_02_T1,2026-08-18,landsat-8,189/051,1.14,64.63398059,0.0014,8,2026,wet,,
LC08_L2SP_189052_20260818_02_T1,2026-08-18,landsat-8,189/052,18.92,64.30789008,0.0014,8,2026,wet,,
LC09_L2SP_188052_20260819_02_T1,2026-08-19,landsat-9,188/052,31.51,64.38093319,1.0,8,2026,wet,0.9157,636512.0
LC09_L2SP_189051_20260826_02_T1,2026-08-26,landsat-9,189/051,1.19,64.88808547,0.0031,8,2026,wet,,
LC09_L2SP_189052_20260826_02_T1,2026-08-26,landsat-9,189/052,31.13,64.72172823,0.0032,8,2026,wet,,
LC08_L2SP_188052_20260827_02_T1,2026-08-27,landsat-8,188/052,99.93,64.74526405,1.0,8,2026,wet,,
LC08_L2SP_189052_20260903_02_T1,2026-09-03,landsat-8,189/052,43.73,64.90878617,0.0021,9,2026,wet,,
LC08_L2SP_189051_20260903_02_T1,2026-09-03,landsat-8,189/051,15.05,64.89993301,0.0021,9,2026,wet,,
LC09_L2SP_188052_20260904_02_T1,2026-09-04,landsat-9,188/052,2.15,64.92755529,1.0,9,2026,wet,0.676,636512.0
LC09_L2SP_189051_20260911_02_T1,2026-09-11,landsat-9,189/051,6.31,64.63930701,0.002,9,2026,wet,,
LC09_L2SP_189052_20260911_02_T1,2026-09-11,landsat-9,189/052,33.42,64.83178237,0.0019,9,2026,wet,,
LC08_L2SP_188052_20260912_02_T1,2026-09-12,landsat-8,188/052,37.64,64.78659235,1.0,9,2026,wet,0.2362,636512.0
LC08_L2SP_189051_20260919_02_T1,2026-09-19,landsat-8,189/051,0.61,64.01004529,0.0014,9,2026,wet,,
LC08_L2SP_189052_20260919_02_T1,2026-09-19,landsat-8,189/052,30.74,64.38303539,0.0014,9,2026,wet,,
LC09_L2SP_188052_20260920_02_T1,2026-09-20,landsat-9,188/052,33.51,64.31102247,1.0,9,2026,wet,0.3119,636512.0
